stagione,player_id,nome,squadra,ruolo_originale,ruolo,presenze,media_voto,fantamedia,gol_fatti,gol_subiti,rigori_segnati,rigori_sbagliati,assist,ammonizioni,espulsioni,autogol,disponibile_serie_a,stato_dato,file_origine
,5013,A oro,Genoa,A,A,0.0,0.0,0.0,0.0,0.0,0.0,0.0,0.0,0.0,0.0,0.0,True,storico,Statistiche_Fantacalcio_Stagione_2020_21.xlsx
,7183,Aboukhlal,Torino,A,A,11.0,5.77,5.64,0.0,0.0,0.0,0.0,0.0,4.0,0.0,0.0,True,storico,Statistiche_Fantacalcio_2025_26.xlsx
,2544,Abraham,Roma,A,A,37.0,6.26,7.62,17.0,0.0,0.0,3.0,0.0,9.0,0.0,0.0,True,storico,Statistiche_Fantacalcio_Stagione_2021_22.xlsx
,182,Aco ty,Crotone,A,A,8.0,5.81,5.69,0.0,0.0,0.0,0.0,0.0,2.0,0.0,0.0,True,storico,Statistiche_Fantacalcio_Stagione_2016_17.xlsx
,62,Acquafre ca,Bologna,A,A,4.0,5.25,5.25,0.0,0.0,0.0,0.0,0.0,0.0,0.0,0.0,True,storico,Statistiche_Fantacalcio_Stagione_2015_16.xlsx
,7484,Adam  A.,Venezia,A,A,0.0,0.0,0.0,0.0,0.0,0.0,0.0,0.0,0.0,0.0,0.0,True,corrente_pre_stagione,Statistiche_Fantacalcio_Stagione_2026_27.xlsx
,6646,Adam  C.,Torino,A,A,35.0,6.0,6.76,9.0,0.0,0.0,1.0,0.0,3.0,0.0,0.0,True,storico,Statistiche_Fantacalcio_Stagione_2024_25.xlsx
,7127,Addai,Como,A,A,12.0,5.96,6.54,3.0,0.0,0.0,0.0,0.0,4.0,0.0,0.0,True,storico,Statistiche_Fantacalcio_2025_26.xlsx
,4388,Adekanye,Lazio,A,A,4.0,6.12,6.75,1.0,0.0,0.0,0.0,0.0,1.0,0.0,0.0,True,storico,Statistiche_Fantacalcio_Stagione_2019_20.xlsx
,4387,Adorante,Parma,A,A,0.0,0.0,0.0,0.0,0.0,0.0,0.0,0.0,0.0,0.0,0.0,True,storico,Statistiche_Fantacalcio_Stagione_2019_20.xlsx
,5728,Afena-Gyan,Roma,A,A,14.0,5.86,6.11,2.0,0.0,0.0,0.0,0.0,3.0,0.0,0.0,True,storico,Statistiche_Fantacalcio_Stagione_2021_22.xlsx
,601,Aguirre,Udine e,A,A,9.0,5.72,5.78,0.0,0.0,0.0,0.0,0.0,1.0,0.0,0.0,True,storico,Statistiche_Fantacalcio_Stagione_2015_16.xlsx
,5060,Ake' M.,Juventu,A,A,0.0,0.0,0.0,0.0,0.0,0.0,0.0,0.0,0.0,0.0,0.0,True,storico,Statistiche_Fantacalcio_Stagione_2020_21.xlsx
,7338,Albarracin,Cagliari,A,A,2.0,6.0,6.0,0.0,0.0,0.0,0.0,0.0,0.0,0.0,0.0,True,storico,Statistiche_Fantacalcio_2025_26.xlsx
,6207,Almqvi t,Lecce,A,A,30.0,5.98,6.13,2.0,0.0,0.0,0.0,0.0,5.0,0.0,0.0,True,storico,Statistiche_Fantacalcio_Stagione_2023_24.xlsx
,5845,Alvarez A.,Sa uolo,A,A,10.0,5.95,6.35,1.0,0.0,0.0,0.0,0.0,1.0,0.0,0.0,True,storico,Statistiche_Fantacalcio_Stagione_2022_23.xlsx
,564,Amauri,Torino,A,A,0.0,0.0,0.0,0.0,0.0,0.0,0.0,0.0,0.0,0.0,0.0,True,storico,Statistiche_Fantacalcio_Stagione_2015_16.xlsx
,7264,Ambro ino,Napoli,A,A,1.0,5.5,5.5,0.0,0.0,0.0,0.0,0.0,0.0,0.0,0.0,True,storico,Statistiche_Fantacalcio_2025_26.xlsx
,2175,Andre' Silva,Milan,A,A,22.0,5.7,5.98,2.0,0.0,0.0,0.0,0.0,0.0,0.0,0.0,True,storico,Statistiche_Fantacalcio_Stagione_2017_18.xlsx
,6565,Ankeye,Genoa,A,A,2.0,5.75,5.75,0.0,0.0,0.0,0.0,0.0,0.0,0.0,0.0,True,storico,Statistiche_Fantacalcio_Stagione_2023_24.xlsx
,2267,Antenucci,SPAL,A,A,32.0,6.27,7.47,11.0,0.0,0.0,5.0,0.0,1.0,0.0,0.0,True,storico,Statistiche_Fantacalcio_Stagione_2017_18.xlsx
,5673,Anti te,Spezia,A,A,15.0,5.77,5.97,1.0,0.0,0.0,0.0,0.0,0.0,0.0,0.0,True,storico,Statistiche_Fantacalcio_Stagione_2021_22.xlsx
,2657,Antonucci,Roma,A,A,2.0,6.0,6.5,0.0,0.0,0.0,0.0,0.0,0.0,0.0,0.0,True,storico,Statistiche_Fantacalcio_Stagione_2017_18.xlsx
,2872,Ardaiz,Fro inone,A,A,1.0,5.5,5.5,0.0,0.0,0.0,0.0,0.0,0.0,0.0,0.0,True,storico,Statistiche_Fantacalcio_Stagione_2018_19.xlsx
,7277,Arena A.,Roma,A,A,1.0,6.0,6.0,0.0,0.0,0.0,0.0,0.0,0.0,0.0,0.0,True,storico,Statistiche_Fantacalcio_2025_26.xlsx
,2321,Armentero,Benevento,A,A,8.0,5.69,6.0,1.0,0.0,0.0,0.0,0.0,1.0,0.0,0.0,True,storico,Statistiche_Fantacalcio_Stagione_2017_18.xlsx
,4268,Arnautovic,Bologna,A,A,32.0,6.28,7.44,14.0,0.0,0.0,3.0,0.0,6.0,0.0,0.0,True,storico,Statistiche_Fantacalcio_Stagione_2021_22.xlsx
,773,Arteaga,Palermo,A,A,0.0,0.0,0.0,0.0,0.0,0.0,0.0,0.0,0.0,0.0,0.0,True,storico,Statistiche_Fantacalcio_Stagione_2015_16.xlsx
,2650,Avenatti,Bologna,A,A,9.0,5.5,5.44,0.0,0.0,0.0,0.0,0.0,1.0,0.0,0.0,True,storico,Statistiche_Fantacalcio_Stagione_2017_18.xlsx
,4413,Aye,Bre cia,A,A,21.0,5.5,5.4,0.0,0.0,0.0,0.0,0.0,2.0,0.0,0.0,True,storico,Statistiche_Fantacalcio_Stagione_2019_20.xlsx
,5795,Azmoun,Roma,A,A,15.0,6.23,6.77,3.0,0.0,0.0,0.0,0.0,4.0,0.0,0.0,True,storico,Statistiche_Fantacalcio_Stagione_2023_24.xlsx
,7027,Azon,Como,A,A,0.0,0.0,0.0,0.0,0.0,0.0,0.0,0.0,0.0,0.0,0.0,True,storico,Statistiche_Fantacalcio_Stagione_2024_25.xlsx
,183,Babacar,Fiorentina,A,A,14.0,6.07,7.18,5.0,0.0,0.0,1.0,0.0,2.0,0.0,0.0,True,storico,Statistiche_Fantacalcio_Stagione_2015_16.xlsx
,377,Bacca,Milan,A,A,37.0,6.05,7.54,18.0,0.0,0.0,2.0,0.0,2.0,0.0,0.0,True,storico,Statistiche_Fantacalcio_Stagione_2015_16.xlsx
,694,Baez,Fiorentina,A,A,0.0,0.0,0.0,0.0,0.0,0.0,0.0,0.0,0.0,0.0,0.0,True,storico,Statistiche_Fantacalcio_Stagione_2015_16.xlsx
,2068,Bahebeck,Pe cara,A,A,13.0,6.23,7.23,4.0,0.0,0.0,0.0,0.0,0.0,0.0,0.0,True,storico,Statistiche_Fantacalcio_Stagione_2016_17.xlsx
,4508,Bahlouli,Sampdoria,A,A,0.0,0.0,0.0,0.0,0.0,0.0,0.0,0.0,0.0,0.0,0.0,True,storico,Statistiche_Fantacalcio_Stagione_2019_20.xlsx
,2283,Bajic,Udine e,A,A,3.0,6.0,6.0,0.0,0.0,0.0,0.0,0.0,0.0,0.0,0.0,True,storico,Statistiche_Fantacalcio_Stagione_2017_18.xlsx
,2718,Balde' I.,Sampdoria,A,A,0.0,0.0,0.0,0.0,0.0,0.0,0.0,0.0,0.0,0.0,0.0,True,storico,Statistiche_Fantacalcio_Stagione_2017_18.xlsx
,7262,Balentien,Milan,A,A,0.0,0.0,0.0,0.0,0.0,0.0,0.0,0.0,0.0,0.0,0.0,True,storico,Statistiche_Fantacalcio_2025_26.xlsx
,783,Balogh N.,Palermo,A,A,1.0,5.0,5.0,0.0,0.0,0.0,0.0,0.0,0.0,0.0,0.0,True,storico,Statistiche_Fantacalcio_Stagione_2015_16.xlsx
,696,Balotelli,Milan,A,A,15.0,5.8,5.7,1.0,0.0,0.0,1.0,0.0,6.0,0.0,0.0,True,storico,Statistiche_Fantacalcio_Stagione_2015_16.xlsx
,6001,Banda,Lecce,A,A,32.0,6.05,6.17,2.0,0.0,0.0,0.0,0.0,6.0,0.0,0.0,True,storico,Statistiche_Fantacalcio_Stagione_2022_23.xlsx
,2805,Baraye,Parma,A,A,0.0,0.0,0.0,0.0,0.0,0.0,0.0,0.0,0.0,0.0,0.0,True,storico,Statistiche_Fantacalcio_Stagione_2018_19.xlsx
,2082,Barbo a,Inter,A,A,7.0,6.07,6.36,1.0,0.0,0.0,0.0,0.0,3.0,0.0,0.0,True,storico,Statistiche_Fantacalcio_Stagione_2016_17.xlsx
,2719,Barrow,Atalanta,A,A,9.0,6.44,7.56,3.0,0.0,0.0,0.0,0.0,0.0,0.0,0.0,True,storico,Statistiche_Fantacalcio_Stagione_2017_18.xlsx
,7161,Bayo V.,Udine e,A,A,12.0,5.75,5.83,0.0,0.0,0.0,0.0,0.0,0.0,0.0,0.0,True,storico,Statistiche_Fantacalcio_2025_26.xlsx
,441,Belotti,Torino,A,A,34.0,6.21,7.29,12.0,0.0,0.0,4.0,0.0,4.0,0.0,0.0,True,storico,Statistiche_Fantacalcio_Stagione_2015_16.xlsx
,6409,Beltran L.,Fiorentina,A,A,30.0,6.12,6.65,6.0,0.0,0.0,1.0,0.0,6.0,0.0,0.0,True,storico,Statistiche_Fantacalcio_Stagione_2023_24.xlsx
,6667,Benedyczak,Parma,A,A,6.0,5.67,5.67,0.0,0.0,0.0,0.0,0.0,0.0,0.0,0.0,True,storico,Statistiche_Fantacalcio_Stagione_2024_25.xlsx
,442,Bentivegna,Palermo,A,A,0.0,0.0,0.0,0.0,0.0,0.0,0.0,0.0,1.0,0.0,0.0,True,storico,Statistiche_Fantacalcio_Stagione_2015_16.xlsx
,531,Berardi,Sa uolo,A,A,27.0,6.17,6.72,7.0,0.0,0.0,5.0,0.0,10.0,0.0,0.0,True,storico,Statistiche_Fantacalcio_Stagione_2015_16.xlsx
,184,Bernarde chi,Fiorentina,A,A,33.0,6.12,6.3,2.0,0.0,0.0,0.0,0.0,6.0,0.0,0.0,True,storico,Statistiche_Fantacalcio_Stagione_2015_16.xlsx
,5694,Beto,Udine e,A,A,28.0,6.11,7.27,11.0,0.0,0.0,0.0,0.0,1.0,0.0,0.0,True,storico,Statistiche_Fantacalcio_Stagione_2021_22.xlsx
,276,Biabiany,Inter,A,A,17.0,6.09,6.29,1.0,0.0,0.0,0.0,0.0,3.0,0.0,0.0,True,storico,Statistiche_Fantacalcio_Stagione_2015_16.xlsx
,63,Bianchi,Bologna,A,A,0.0,0.0,0.0,0.0,0.0,0.0,0.0,0.0,0.0,0.0,0.0,True,storico,Statistiche_Fantacalcio_Stagione_2015_16.xlsx
,5523,Bianchi F.,Genoa,A,A,6.0,5.75,6.25,1.0,0.0,0.0,0.0,0.0,0.0,0.0,0.0,True,storico,Statistiche_Fantacalcio_Stagione_2021_22.xlsx
,6242,Bidaoui,Fro inone,A,A,0.0,0.0,0.0,0.0,0.0,0.0,0.0,0.0,0.0,0.0,0.0,True,storico,Statistiche_Fantacalcio_Stagione_2023_24.xlsx
,33,Boakye,Atalanta,A,A,0.0,0.0,0.0,0.0,0.0,0.0,0.0,0.0,0.0,0.0,0.0,True,storico,Statistiche_Fantacalcio_Stagione_2015_16.xlsx
,5493,Bocalon,Venezia,A,A,0.0,0.0,0.0,0.0,0.0,0.0,0.0,0.0,0.0,0.0,0.0,True,storico,Statistiche_Fantacalcio_Stagione_2021_22.xlsx
,505,Bonazzoli,Sampdoria,A,A,3.0,5.83,5.83,0.0,0.0,0.0,0.0,0.0,0.0,0.0,0.0,True,storico,Statistiche_Fantacalcio_Stagione_2015_16.xlsx
,7152,Bonfanti N.,Pi a,A,A,0.0,0.0,0.0,0.0,0.0,0.0,0.0,0.0,0.0,0.0,0.0,True,storico,Statistiche_Fantacalcio_2025_26.xlsx
,6669,Bonny,Parma,A,A,37.0,6.03,6.51,6.0,0.0,0.0,3.0,0.0,2.0,0.0,0.0,True,storico,Statistiche_Fantacalcio_Stagione_2024_25.xlsx
,2187,Borini,Milan,A,A,23.0,5.83,6.07,2.0,0.0,0.0,0.0,0.0,4.0,0.0,0.0,True,storico,Statistiche_Fantacalcio_Stagione_2017_18.xlsx
,6243,Borrelli,Fro inone,A,A,1.0,6.0,6.0,0.0,0.0,0.0,0.0,0.0,0.0,0.0,0.0,True,storico,Statistiche_Fantacalcio_Stagione_2023_24.xlsx
,722,Borriello,Atalanta,A,A,25.0,6.18,7.1,8.0,0.0,0.0,1.0,0.0,4.0,0.0,0.0,True,storico,Statistiche_Fantacalcio_Stagione_2015_16.xlsx
,5842,Botheim,Salernitana,A,A,17.0,5.85,6.15,1.0,0.0,0.0,0.0,0.0,2.0,0.0,0.0,True,storico,Statistiche_Fantacalcio_Stagione_2022_23.xlsx
,7347,Bowie,Verona,A,A,14.0,5.96,6.79,4.0,0.0,0.0,0.0,0.0,1.0,0.0,0.0,True,storico,Statistiche_Fantacalcio_2025_26.xlsx
,1981,Boye,Torino,A,A,26.0,5.94,6.04,1.0,0.0,0.0,0.0,0.0,5.0,0.0,0.0,True,storico,Statistiche_Fantacalcio_Stagione_2016_17.xlsx
,7239,Bra chi,Fiorentina,A,A,2.0,5.75,5.75,0.0,0.0,0.0,0.0,0.0,0.0,0.0,0.0,True,storico,Statistiche_Fantacalcio_2025_26.xlsx
,5395,Braaf,Udine e,A,A,3.0,6.17,7.17,1.0,0.0,0.0,0.0,0.0,0.0,0.0,0.0,True,storico,Statistiche_Fantacalcio_Stagione_2020_21.xlsx
,6653,Bravo,Udine e,A,A,16.0,6.0,6.28,2.0,0.0,0.0,0.0,0.0,3.0,0.0,0.0,True,storico,Statistiche_Fantacalcio_Stagione_2024_25.xlsx
,4184,Brekalo,Torino,A,A,31.0,6.08,6.81,7.0,0.0,0.0,0.0,0.0,1.0,0.0,0.0,True,storico,Statistiche_Fantacalcio_Stagione_2021_22.xlsx
,6213,Brenner,Udine e,A,A,4.0,5.88,5.88,0.0,0.0,0.0,0.0,0.0,0.0,0.0,0.0,True,storico,Statistiche_Fantacalcio_Stagione_2023_24.xlsx
,2317,Brignola,Benevento,A,A,18.0,6.14,6.61,3.0,0.0,0.0,0.0,0.0,5.0,0.0,0.0,True,storico,Statistiche_Fantacalcio_Stagione_2017_18.xlsx
,733,Bruno Gome,Genoa,A,A,0.0,0.0,0.0,0.0,0.0,0.0,0.0,0.0,0.0,0.0,0.0,True,storico,Statistiche_Fantacalcio_Stagione_2015_16.xlsx
,1973,Budimir,Sampdoria,A,A,8.0,5.88,5.88,0.0,0.0,0.0,0.0,0.0,0.0,0.0,0.0,True,storico,Statistiche_Fantacalcio_Stagione_2016_17.xlsx
,7171,Buffon L.,Pi a,A,A,0.0,0.0,0.0,0.0,0.0,0.0,0.0,0.0,0.0,0.0,0.0,True,storico,Statistiche_Fantacalcio_2025_26.xlsx
,5459,Buk a,Genoa,A,A,1.0,5.0,5.0,0.0,0.0,0.0,0.0,0.0,0.0,0.0,0.0,True,storico,Statistiche_Fantacalcio_Stagione_2021_22.xlsx
,7249,Buk a,Udine e,A,A,21.0,5.88,6.24,3.0,0.0,0.0,0.0,0.0,3.0,0.0,0.0,True,storico,Statistiche_Fantacalcio_2025_26.xlsx
,5864,Buonaiuto,Cremone e,A,A,23.0,5.96,6.04,1.0,0.0,0.0,1.0,0.0,3.0,0.0,0.0,True,storico,Statistiche_Fantacalcio_Stagione_2022_23.xlsx
,6418,Burnete,Lecce,A,A,1.0,6.0,6.0,0.0,0.0,0.0,0.0,0.0,0.0,0.0,0.0,True,storico,Statistiche_Fantacalcio_Stagione_2023_24.xlsx
,648,Ca ano,Sampdoria,A,A,22.0,6.14,6.57,2.0,0.0,0.0,0.0,0.0,1.0,0.0,0.0,True,storico,Statistiche_Fantacalcio_Stagione_2015_16.xlsx
,5364,Ca o,Fro inone,A,A,11.0,5.95,5.95,0.0,0.0,0.0,0.0,0.0,2.0,0.0,0.0,True,storico,Statistiche_Fantacalcio_Stagione_2023_24.xlsx
,6226,Ca tellano,Lazio,A,A,31.0,5.87,6.32,4.0,0.0,0.0,0.0,0.0,2.0,0.0,0.0,True,storico,Statistiche_Fantacalcio_Stagione_2023_24.xlsx
,2692,Ca tillejo,Milan,A,A,22.0,5.95,6.55,4.0,0.0,0.0,0.0,0.0,3.0,0.0,0.0,True,storico,Statistiche_Fantacalcio_Stagione_2018_19.xlsx
,715,Ca tillo,Fro inone,A,A,5.0,5.5,5.4,0.0,0.0,0.0,0.0,0.0,1.0,0.0,0.0,True,storico,Statistiche_Fantacalcio_Stagione_2015_16.xlsx
,6572,Ca tro S.,Bologna,A,A,5.0,6.0,6.5,1.0,0.0,0.0,0.0,0.0,1.0,0.0,0.0,True,storico,Statistiche_Fantacalcio_Stagione_2023_24.xlsx
,5786,Cabral,Fiorentina,A,A,12.0,6.0,6.54,2.0,0.0,0.0,0.0,0.0,1.0,0.0,0.0,True,storico,Statistiche_Fantacalcio_Stagione_2021_22.xlsx
,64,Cacia,Bologna,A,A,0.0,0.0,0.0,0.0,0.0,0.0,0.0,0.0,0.0,0.0,0.0,True,storico,Statistiche_Fantacalcio_Stagione_2015_16.xlsx
,2284,Caicedo,Lazio,A,A,15.0,5.73,6.37,3.0,0.0,0.0,0.0,0.0,1.0,0.0,0.0,True,storico,Statistiche_Fantacalcio_Stagione_2017_18.xlsx
,2806,Calaio,Parma,A,A,0.0,0.0,0.0,0.0,0.0,0.0,0.0,0.0,0.0,0.0,0.0,True,storico,Statistiche_Fantacalcio_Stagione_2018_19.xlsx
,406,Callejon,Napoli,A,A,36.0,6.19,6.83,7.0,0.0,0.0,0.0,0.0,4.0,0.0,0.0,True,storico,Statistiche_Fantacalcio_Stagione_2015_16.xlsx
,6519,Camarda,Milan,A,A,0.0,0.0,0.0,0.0,0.0,0.0,0.0,0.0,0.0,0.0,0.0,True,storico,Statistiche_Fantacalcio_Stagione_2023_24.xlsx
,4436,Cambiaghi,Atalanta,A,A,0.0,0.0,0.0,0.0,0.0,0.0,0.0,0.0,0.0,0.0,0.0,True,storico,Statistiche_Fantacalcio_Stagione_2019_20.xlsx
,2867,Campbell,Fro inone,A,A,15.0,5.67,5.73,0.0,0.0,0.0,0.0,0.0,4.0,0.0,0.0,True,storico,Statistiche_Fantacalcio_Stagione_2018_19.xlsx
,5500,Cancellieri,Verona,A,A,5.0,6.1,6.6,1.0,0.0,0.0,0.0,0.0,1.0,0.0,0.0,True,storico,Statistiche_Fantacalcio_Stagione_2021_22.xlsx
,4483,Cangiano,Bologna,A,A,0.0,0.0,0.0,0.0,0.0,0.0,0.0,0.0,0.0,0.0,0.0,True,storico,Statistiche_Fantacalcio_Stagione_2019_20.xlsx
,1958,Caprari,Pe cara,A,A,35.0,5.91,6.46,9.0,0.0,0.0,3.0,0.0,8.0,0.0,0.0,True,storico,Statistiche_Fantacalcio_Stagione_2016_17.xlsx
,2819,Caputo,Empoli,A,A,38.0,6.08,7.14,16.0,0.0,0.0,6.0,0.0,3.0,0.0,0.0,True,storico,Statistiche_Fantacalcio_Stagione_2018_19.xlsx
,4884,Carle  Perez,Roma,A,A,12.0,5.96,6.38,1.0,0.0,0.0,0.0,0.0,2.0,0.0,0.0,True,storico,Statistiche_Fantacalcio_Stagione_2019_20.xlsx
,211,Carlini,Fro inone,A,A,11.0,5.73,5.73,0.0,0.0,0.0,0.0,0.0,0.0,0.0,0.0,True,storico,Statistiche_Fantacalcio_Stagione_2015_16.xlsx
,5836,Cee ay,Lecce,A,A,30.0,5.97,6.53,6.0,0.0,0.0,1.0,0.0,2.0,0.0,0.0,True,storico,Statistiche_Fantacalcio_Stagione_2022_23.xlsx
,5776,Ceide,Sa uolo,A,A,1.0,5.5,5.5,0.0,0.0,0.0,0.0,0.0,0.0,0.0,0.0,True,storico,Statistiche_Fantacalcio_Stagione_2021_22.xlsx
,2246,Ceravolo,Benevento,A,A,1.0,5.5,5.5,0.0,0.0,0.0,0.0,0.0,0.0,0.0,0.0,True,storico,Statistiche_Fantacalcio_Stagione_2017_18.xlsx
,378,Cerci,Genoa,A,A,21.0,6.02,6.67,4.0,0.0,0.0,3.0,0.0,1.0,0.0,0.0,True,storico,Statistiche_Fantacalcio_Stagione_2015_16.xlsx
,306,Cerri,Pe cara,A,A,12.0,5.46,5.92,2.0,0.0,0.0,0.0,0.0,1.0,0.0,0.0,True,storico,Statistiche_Fantacalcio_Stagione_2016_17.xlsx
,2654,Ceter,Cagliari,A,A,5.0,5.5,5.5,0.0,0.0,0.0,0.0,0.0,0.0,0.0,0.0,True,storico,Statistiche_Fantacalcio_Stagione_2017_18.xlsx
,6670,Charpentier,Parma,A,A,9.0,6.17,6.67,1.0,0.0,0.0,0.0,0.0,1.0,0.0,0.0,True,storico,Statistiche_Fantacalcio_Stagione_2024_25.xlsx
,6439,Cheddira,Fro inone,A,A,31.0,6.05,6.76,7.0,0.0,0.0,1.0,0.0,0.0,0.0,0.0,True,storico,Statistiche_Fantacalcio_Stagione_2023_24.xlsx
,2002,Chie a,Fiorentina,A,A,22.0,6.05,6.43,3.0,0.0,0.0,0.0,0.0,3.0,0.0,0.0,True,storico,Statistiche_Fantacalcio_Stagione_2016_17.xlsx
,5814,Ci e,Atalanta,A,A,1.0,7.0,10.0,1.0,0.0,0.0,0.0,0.0,0.0,0.0,0.0,True,storico,Statistiche_Fantacalcio_Stagione_2021_22.xlsx
,2247,Ci e' K,Benevento,A,A,0.0,0.0,0.0,0.0,0.0,0.0,0.0,0.0,0.0,0.0,0.0,True,storico,Statistiche_Fantacalcio_Stagione_2017_18.xlsx
,2812,Ciano,Fro inone,A,A,32.0,5.98,6.48,7.0,0.0,0.0,3.0,0.0,12.0,0.0,0.0,True,storico,Statistiche_Fantacalcio_Stagione_2018_19.xlsx
,212,Ciofani D.,Fro inone,A,A,35.0,5.96,6.74,9.0,0.0,0.0,2.0,0.0,1.0,0.0,0.0,True,storico,Statistiche_Fantacalcio_Stagione_2015_16.xlsx
,4865,Cleoni e,Genoa,A,A,2.0,6.0,6.0,0.0,0.0,0.0,0.0,0.0,2.0,0.0,0.0,True,storico,Statistiche_Fantacalcio_Stagione_2019_20.xlsx
,2190,Coda M,Benevento,A,A,20.0,5.75,6.38,4.0,0.0,0.0,1.0,0.0,1.0,0.0,0.0,True,storico,Statistiche_Fantacalcio_Stagione_2017_18.xlsx
,2844,Colidio,Inter,A,A,0.0,0.0,0.0,0.0,0.0,0.0,0.0,0.0,0.0,0.0,0.0,True,storico,Statistiche_Fantacalcio_Stagione_2018_19.xlsx
,4923,Colombo,Milan,A,A,0.0,0.0,0.0,0.0,0.0,0.0,0.0,0.0,0.0,0.0,0.0,True,storico,Statistiche_Fantacalcio_Stagione_2019_20.xlsx
,307,Coman,Juventu,A,A,1.0,5.5,5.5,0.0,0.0,0.0,0.0,0.0,0.0,0.0,0.0,True,storico,Statistiche_Fantacalcio_Stagione_2015_16.xlsx
,7016,Coman F.,Cagliari,A,A,9.0,6.06,6.28,1.0,0.0,0.0,0.0,0.0,2.0,0.0,0.0,True,storico,Statistiche_Fantacalcio_Stagione_2024_25.xlsx
,1878,Cop,Cagliari,A,A,2.0,5.5,5.5,0.0,0.0,0.0,0.0,0.0,0.0,0.0,0.0,True,storico,Statistiche_Fantacalcio_Stagione_2017_18.xlsx
,6419,Corfitzen,Lecce,A,A,0.0,0.0,0.0,0.0,0.0,0.0,0.0,0.0,0.0,0.0,0.0,True,storico,Statistiche_Fantacalcio_Stagione_2023_24.xlsx
,2163,Corneliu,Atalanta,A,A,20.0,5.82,6.32,3.0,0.0,0.0,0.0,0.0,0.0,0.0,0.0,True,storico,Statistiche_Fantacalcio_Stagione_2017_18.xlsx
,5419,Correia,Juventu,A,A,0.0,0.0,0.0,0.0,0.0,0.0,0.0,0.0,0.0,0.0,0.0,True,storico,Statistiche_Fantacalcio_Stagione_2020_21.xlsx
,4430,Cri to,Udine e,A,A,0.0,0.0,0.0,0.0,0.0,0.0,0.0,0.0,0.0,0.0,0.0,True,storico,Statistiche_Fantacalcio_Stagione_2019_20.xlsx
,6490,Cruz,Verona,A,A,3.0,5.67,5.67,0.0,0.0,0.0,0.0,0.0,0.0,0.0,0.0,True,storico,Statistiche_Fantacalcio_Stagione_2023_24.xlsx
,6214,Cuni,Fro inone,A,A,9.0,5.94,6.28,1.0,0.0,0.0,0.0,0.0,0.0,0.0,0.0,True,storico,Statistiche_Fantacalcio_Stagione_2023_24.xlsx
,2155,Cutrone,Milan,A,A,26.0,6.13,7.31,10.0,0.0,0.0,0.0,0.0,3.0,0.0,0.0,True,storico,Statistiche_Fantacalcio_Stagione_2017_18.xlsx
,2807,Da Cruz,Parma,A,A,3.0,5.5,5.5,0.0,0.0,0.0,0.0,0.0,0.0,0.0,0.0,True,storico,Statistiche_Fantacalcio_Stagione_2018_19.xlsx
,6643,Dallinga,Bologna,A,A,23.0,5.96,6.41,3.0,0.0,0.0,0.0,0.0,1.0,0.0,0.0,True,storico,Statistiche_Fantacalcio_Stagione_2024_25.xlsx
,2878,Dalmonte,Genoa,A,A,2.0,5.75,5.75,0.0,0.0,0.0,0.0,0.0,0.0,0.0,0.0,True,storico,Statistiche_Fantacalcio_Stagione_2018_19.xlsx
,2849,Dama can,Torino,A,A,0.0,0.0,0.0,0.0,0.0,0.0,0.0,0.0,0.0,0.0,0.0,True,storico,Statistiche_Fantacalcio_Stagione_2018_19.xlsx
,5637,Davi  K.,Udine e,A,A,5.0,6.2,6.6,1.0,0.0,0.0,0.0,0.0,2.0,0.0,0.0,True,storico,Statistiche_Fantacalcio_Stagione_2023_24.xlsx
,5544,David,Juventu,A,A,30.0,5.77,6.33,6.0,0.0,0.0,1.0,0.0,0.0,0.0,0.0,True,storico,Statistiche_Fantacalcio_2025_26.xlsx
,1908,De Giorgio,Crotone,A,A,0.0,0.0,0.0,0.0,0.0,0.0,0.0,0.0,0.0,0.0,0.0,True,storico,Statistiche_Fantacalcio_Stagione_2016_17.xlsx
,5512,De Luca,Sampdoria,A,A,0.0,0.0,0.0,0.0,0.0,0.0,0.0,0.0,0.0,0.0,0.0,True,storico,Statistiche_Fantacalcio_Stagione_2021_22.xlsx
,7568,De Marti,Parma,A,A,0.0,0.0,0.0,0.0,0.0,0.0,0.0,0.0,0.0,0.0,0.0,True,corrente_pre_stagione,Statistiche_Fantacalcio_Stagione_2026_27.xlsx
,6026,De er,Cremone e,A,A,26.0,6.02,6.62,6.0,0.0,0.0,1.0,0.0,3.0,0.0,0.0,True,storico,Statistiche_Fantacalcio_Stagione_2022_23.xlsx
,4333,De podov,Cagliari,A,A,3.0,5.67,5.67,0.0,0.0,0.0,0.0,0.0,0.0,0.0,0.0,True,storico,Statistiche_Fantacalcio_Stagione_2018_19.xlsx
,472,De tro,Bologna,A,A,26.0,6.02,6.65,8.0,0.0,0.0,3.0,0.0,9.0,0.0,0.0,True,storico,Statistiche_Fantacalcio_Stagione_2015_16.xlsx
,643,Defrel,Sa uolo,A,A,31.0,5.92,6.63,7.0,0.0,0.0,0.0,0.0,2.0,0.0,0.0,True,storico,Statistiche_Fantacalcio_Stagione_2015_16.xlsx
,35,Deni,Atalanta,A,A,14.0,5.93,6.64,4.0,0.0,0.0,2.0,0.0,0.0,0.0,0.0,True,storico,Statistiche_Fantacalcio_Stagione_2015_16.xlsx
,2119,Deulofeu,Milan,A,A,17.0,6.26,6.97,4.0,0.0,0.0,0.0,0.0,4.0,0.0,0.0,True,storico,Statistiche_Fantacalcio_Stagione_2016_17.xlsx
,4500,Di Carmine,Verona,A,A,21.0,5.95,6.88,8.0,0.0,0.0,2.0,0.0,3.0,0.0,0.0,True,storico,Statistiche_Fantacalcio_Stagione_2019_20.xlsx
,2382,Di Maria,Juventu,A,A,25.0,6.14,6.72,4.0,0.0,0.0,1.0,0.0,1.0,0.0,0.0,True,storico,Statistiche_Fantacalcio_Stagione_2022_23.xlsx
,5494,Di Mariano,Venezia,A,A,1.0,5.5,5.5,0.0,0.0,0.0,0.0,0.0,0.0,0.0,0.0,True,storico,Statistiche_Fantacalcio_Stagione_2021_22.xlsx
,602,Di Natale,Udine e,A,A,22.0,5.8,6.07,2.0,0.0,0.0,2.0,0.0,0.0,0.0,0.0,True,storico,Statistiche_Fantacalcio_Stagione_2015_16.xlsx
,5352,Di Serio,Benevento,A,A,8.0,5.75,5.75,0.0,0.0,0.0,0.0,0.0,1.0,0.0,0.0,True,storico,Statistiche_Fantacalcio_Stagione_2020_21.xlsx
,5672,Dia,Salernitana,A,A,33.0,6.27,7.82,16.0,0.0,0.0,1.0,0.0,4.0,0.0,0.0,True,storico,Statistiche_Fantacalcio_Stagione_2022_23.xlsx
,2649,Diabate,Benevento,A,A,10.0,6.2,8.5,8.0,0.0,0.0,0.0,0.0,0.0,0.0,0.0,True,storico,Statistiche_Fantacalcio_Stagione_2017_18.xlsx
,4862,Diallo Am.,Atalanta,A,A,1.0,7.0,10.0,1.0,0.0,0.0,0.0,0.0,0.0,0.0,0.0,True,storico,Statistiche_Fantacalcio_Stagione_2019_20.xlsx
,6249,Diaw,Monza,A,A,0.0,0.0,0.0,0.0,0.0,0.0,0.0,0.0,0.0,0.0,0.0,True,storico,Statistiche_Fantacalcio_Stagione_2023_24.xlsx
,213,Dioni i F.,Fro inone,A,A,31.0,6.13,6.9,9.0,0.0,0.0,1.0,0.0,12.0,0.0,0.0,True,storico,Statistiche_Fantacalcio_Stagione_2015_16.xlsx
,344,Djordjevic,Lazio,A,A,23.0,5.52,5.93,3.0,0.0,0.0,0.0,0.0,1.0,0.0,0.0,True,storico,Statistiche_Fantacalcio_Stagione_2015_16.xlsx
,659,Djurdjevic,Palermo,A,A,12.0,5.75,6.17,2.0,0.0,0.0,0.0,0.0,2.0,0.0,0.0,True,storico,Statistiche_Fantacalcio_Stagione_2015_16.xlsx
,5471,Djuric,Salernitana,A,A,32.0,6.05,6.55,5.0,0.0,0.0,1.0,0.0,6.0,0.0,0.0,True,storico,Statistiche_Fantacalcio_Stagione_2021_22.xlsx
,6895,Dominguez B.,Bologna,A,A,20.0,6.28,6.82,3.0,0.0,0.0,0.0,0.0,0.0,0.0,0.0,True,storico,Statistiche_Fantacalcio_Stagione_2024_25.xlsx
,4452,Donnarumma Al.,Bre cia,A,A,28.0,5.79,6.59,7.0,0.0,0.0,2.0,0.0,1.0,0.0,0.0,True,storico,Statistiche_Fantacalcio_Stagione_2019_20.xlsx
,4347,Doratiotto,Cagliari,A,A,1.0,5.5,5.5,0.0,0.0,0.0,0.0,0.0,0.0,0.0,0.0,True,storico,Statistiche_Fantacalcio_Stagione_2018_19.xlsx
,473,Doumbia S.,Roma,A,A,0.0,0.0,0.0,0.0,0.0,0.0,0.0,0.0,0.0,0.0,0.0,True,storico,Statistiche_Fantacalcio_Stagione_2015_16.xlsx
,7017,Douvika,Como,A,A,12.0,6.21,6.75,2.0,0.0,0.0,0.0,0.0,1.0,0.0,0.0,True,storico,Statistiche_Fantacalcio_Stagione_2024_25.xlsx
,6675,Dovbyk,Roma,A,A,32.0,6.0,7.19,12.0,0.0,0.0,2.0,0.0,0.0,0.0,0.0,True,storico,Statistiche_Fantacalcio_Stagione_2024_25.xlsx
,5011,Dragu,Crotone,A,A,5.0,5.4,5.4,0.0,0.0,0.0,0.0,0.0,1.0,0.0,0.0,True,storico,Statistiche_Fantacalcio_Stagione_2020_21.xlsx
,7316,Duro inmi,Pi a,A,A,10.0,5.7,6.0,1.0,0.0,0.0,0.0,0.0,1.0,0.0,0.0,True,storico,Statistiche_Fantacalcio_2025_26.xlsx
,309,Dybala,Juventu,A,A,33.0,6.47,8.39,19.0,0.0,0.0,6.0,0.0,1.0,0.0,0.0,True,storico,Statistiche_Fantacalcio_Stagione_2015_16.xlsx
,647,Dzeko,Roma,A,A,28.0,5.75,6.57,8.0,0.0,0.0,2.0,0.0,4.0,0.0,0.0,True,storico,Statistiche_Fantacalcio_Stagione_2015_16.xlsx
,4463,E po ito,Inter,A,A,3.0,5.83,6.67,1.0,0.0,0.0,1.0,0.0,1.0,0.0,0.0,True,storico,Statistiche_Fantacalcio_Stagione_2019_20.xlsx
,7071,E po ito F.P.,Inter,A,A,31.0,6.26,7.02,7.0,0.0,0.0,0.0,0.0,1.0,0.0,0.0,True,storico,Statistiche_Fantacalcio_2025_26.xlsx
,506,Eder,Inter,A,A,31.0,6.0,7.24,13.0,0.0,0.0,3.0,0.0,3.0,0.0,0.0,True,storico,Statistiche_Fantacalcio_Stagione_2015_16.xlsx
,1839,Edera,Torino,A,A,7.0,6.21,6.79,1.0,0.0,0.0,0.0,0.0,0.0,0.0,0.0,True,storico,Statistiche_Fantacalcio_Stagione_2017_18.xlsx
,6822,Ekhator,Genoa,A,A,15.0,5.87,6.1,1.0,0.0,0.0,0.0,0.0,1.0,0.0,0.0,True,storico,Statistiche_Fantacalcio_Stagione_2024_25.xlsx
,6011,Ekong,Empoli,A,A,0.0,0.0,0.0,0.0,0.0,0.0,0.0,0.0,0.0,0.0,0.0,True,storico,Statistiche_Fantacalcio_Stagione_2023_24.xlsx
,5506,Ekuban,Genoa,A,A,29.0,5.71,5.84,1.0,0.0,0.0,0.0,0.0,2.0,0.0,0.0,True,storico,Statistiche_Fantacalcio_Stagione_2021_22.xlsx
,795,El Shaarawy,Roma,A,A,16.0,6.31,7.94,8.0,0.0,0.0,0.0,0.0,0.0,0.0,0.0,True,storico,Statistiche_Fantacalcio_Stagione_2015_16.xlsx
,7342,Elphege,Parma,A,A,8.0,6.0,6.88,2.0,0.0,0.0,0.0,0.0,0.0,0.0,0.0,True,storico,Statistiche_Fantacalcio_2025_26.xlsx
,1988,Ewandro,Udine e,A,A,3.0,6.0,6.0,0.0,0.0,0.0,0.0,0.0,0.0,0.0,0.0,True,storico,Statistiche_Fantacalcio_Stagione_2016_17.xlsx
,532,Falcinelli,Sa uolo,A,A,21.0,5.9,6.21,2.0,0.0,0.0,1.0,0.0,1.0,0.0,0.0,True,storico,Statistiche_Fantacalcio_Stagione_2015_16.xlsx
,633,Fare,Verona,A,A,9.0,5.33,5.33,0.0,0.0,0.0,0.0,0.0,2.0,0.0,0.0,True,storico,Statistiche_Fantacalcio_Stagione_2015_16.xlsx
,1879,Faria,Cagliari,A,A,20.0,6.1,7.15,7.0,0.0,0.0,2.0,0.0,4.0,0.0,0.0,True,storico,Statistiche_Fantacalcio_Stagione_2016_17.xlsx
,819,Favilli,Genoa,A,A,5.0,5.7,5.9,0.0,0.0,0.0,0.0,0.0,0.0,0.0,0.0,True,storico,Statistiche_Fantacalcio_Stagione_2018_19.xlsx
,6365,Fergu on E.,Roma,A,A,14.0,6.11,6.86,3.0,0.0,0.0,0.0,0.0,1.0,0.0,0.0,True,storico,Statistiche_Fantacalcio_2025_26.xlsx
,7022,Fila,Venezia,A,A,9.0,5.83,6.33,2.0,0.0,0.0,0.0,0.0,1.0,0.0,0.0,True,storico,Statistiche_Fantacalcio_Stagione_2024_25.xlsx
,2268,Finotto,SPAL,A,A,0.0,0.0,0.0,0.0,0.0,0.0,0.0,0.0,0.0,0.0,0.0,True,storico,Statistiche_Fantacalcio_Stagione_2017_18.xlsx
,533,Floccari,Bologna,A,A,24.0,6.0,6.73,6.0,0.0,0.0,0.0,0.0,1.0,0.0,0.0,True,storico,Statistiche_Fantacalcio_Stagione_2015_16.xlsx
,534,Floro Flore,Chievo,A,A,26.0,5.96,6.42,4.0,0.0,0.0,0.0,0.0,2.0,0.0,0.0,True,storico,Statistiche_Fantacalcio_Stagione_2015_16.xlsx
,5004,Fore tieri,Udine e,A,A,17.0,5.91,6.12,1.0,0.0,0.0,0.0,0.0,1.0,0.0,0.0,True,storico,Statistiche_Fantacalcio_Stagione_2020_21.xlsx
,5495,Forte,Venezia,A,A,7.0,5.86,6.14,1.0,0.0,0.0,0.0,0.0,3.0,0.0,0.0,True,storico,Statistiche_Fantacalcio_Stagione_2021_22.xlsx
,7213,Frigan,Parma,A,A,0.0,0.0,0.0,0.0,0.0,0.0,0.0,0.0,0.0,0.0,0.0,True,storico,Statistiche_Fantacalcio_2025_26.xlsx
,2678,Fullkrug,Milan,A,A,19.0,5.76,5.76,1.0,0.0,0.0,1.0,0.0,0.0,0.0,0.0,True,storico,Statistiche_Fantacalcio_2025_26.xlsx
,407,Gabbiadini,Napoli,A,A,13.0,6.15,7.5,5.0,0.0,0.0,1.0,0.0,1.0,0.0,0.0,True,storico,Statistiche_Fantacalcio_Stagione_2015_16.xlsx
,6657,Gabrielloni,Como,A,A,4.0,6.5,7.38,1.0,0.0,0.0,0.0,0.0,1.0,0.0,0.0,True,storico,Statistiche_Fantacalcio_Stagione_2024_25.xlsx
,4940,Gagliano,Cagliari,A,A,1.0,7.5,11.5,1.0,0.0,0.0,0.0,0.0,0.0,0.0,0.0,True,storico,Statistiche_Fantacalcio_Stagione_2019_20.xlsx
,5394,Gaich,Benevento,A,A,14.0,5.68,6.11,2.0,0.0,0.0,0.0,0.0,1.0,0.0,0.0,True,storico,Statistiche_Fantacalcio_Stagione_2020_21.xlsx
,243,Gakpe,Atalanta,A,A,15.0,5.93,6.63,3.0,0.0,0.0,0.0,0.0,1.0,0.0,0.0,True,storico,Statistiche_Fantacalcio_Stagione_2015_16.xlsx
,2196,Galabinov,Genoa,A,A,19.0,5.89,6.42,3.0,0.0,0.0,1.0,0.0,2.0,0.0,0.0,True,storico,Statistiche_Fantacalcio_Stagione_2017_18.xlsx
,2858,Galano,Parma,A,A,0.0,0.0,0.0,0.0,0.0,0.0,0.0,0.0,0.0,0.0,0.0,True,storico,Statistiche_Fantacalcio_Stagione_2018_19.xlsx
,5525,Galazzi,Venezia,A,A,1.0,6.0,6.0,0.0,0.0,0.0,0.0,0.0,0.0,0.0,0.0,True,storico,Statistiche_Fantacalcio_Stagione_2021_22.xlsx
,7002,Ganvoula,Monza,A,A,7.0,5.5,5.5,0.0,0.0,0.0,0.0,0.0,0.0,0.0,0.0,True,storico,Statistiche_Fantacalcio_Stagione_2024_25.xlsx
,603,Geijo,Udine e,A,A,0.0,0.0,0.0,0.0,0.0,0.0,0.0,0.0,0.0,0.0,0.0,True,storico,Statistiche_Fantacalcio_Stagione_2015_16.xlsx
,474,Gervinho,Roma,A,A,14.0,6.29,7.64,6.0,0.0,0.0,0.0,0.0,0.0,0.0,0.0,True,storico,Statistiche_Fantacalcio_Stagione_2015_16.xlsx
,5029,Geubbel,Lecce,A,A,0.0,0.0,0.0,0.0,0.0,0.0,0.0,0.0,0.0,0.0,0.0,True,corrente_pre_stagione,Statistiche_Fantacalcio_Stagione_2026_27.xlsx
,6530,Ghedjemi,Fro inone,A,A,5.0,6.2,6.1,0.0,0.0,0.0,0.0,0.0,1.0,0.0,0.0,True,storico,Statistiche_Fantacalcio_Stagione_2023_24.xlsx
,1880,Giannetti,Cagliari,A,A,8.0,5.62,5.62,0.0,0.0,0.0,0.0,0.0,0.0,0.0,0.0,True,storico,Statistiche_Fantacalcio_Stagione_2016_17.xlsx
,698,Gilardino,Palermo,A,A,33.0,5.94,6.82,10.0,0.0,0.0,0.0,0.0,4.0,0.0,0.0,True,storico,Statistiche_Fantacalcio_Stagione_2015_16.xlsx
,7008,Gimenez,Milan,A,A,12.0,5.88,6.75,5.0,0.0,0.0,1.0,0.0,3.0,0.0,0.0,True,storico,Statistiche_Fantacalcio_Stagione_2024_25.xlsx
,6658,Gioacchini,Como,A,A,0.0,0.0,0.0,0.0,0.0,0.0,0.0,0.0,0.0,0.0,0.0,True,storico,Statistiche_Fantacalcio_Stagione_2024_25.xlsx
,7162,Giovane,Napoli,A,A,31.0,6.0,6.45,3.0,0.0,0.0,0.0,0.0,2.0,0.0,0.0,True,storico,Statistiche_Fantacalcio_2025_26.xlsx
,5808,Giovinco,Sampdoria,A,A,2.0,6.0,6.0,0.0,0.0,0.0,0.0,0.0,0.0,0.0,0.0,True,storico,Statistiche_Fantacalcio_Stagione_2021_22.xlsx
,4200,Giroud,Milan,A,A,29.0,6.26,7.43,11.0,0.0,0.0,2.0,0.0,4.0,0.0,0.0,True,storico,Statistiche_Fantacalcio_Stagione_2021_22.xlsx
,535,Gliozzi,Sa uolo,A,A,0.0,0.0,0.0,0.0,0.0,0.0,0.0,0.0,0.0,0.0,0.0,True,storico,Statistiche_Fantacalcio_Stagione_2015_16.xlsx
,5714,Gondo,Salernitana,A,A,14.0,5.89,6.07,1.0,0.0,0.0,0.0,0.0,1.0,0.0,0.0,True,storico,Statistiche_Fantacalcio_Stagione_2021_22.xlsx
,4179,Gonzalez N.,Fiorentina,A,A,33.0,6.35,7.11,7.0,0.0,0.0,3.0,0.0,2.0,0.0,0.0,True,storico,Statistiche_Fantacalcio_Stagione_2021_22.xlsx
,2840,Graiciar,Fiorentina,A,A,0.0,0.0,0.0,0.0,0.0,0.0,0.0,0.0,0.0,0.0,0.0,True,storico,Statistiche_Fantacalcio_Stagione_2018_19.xlsx
,4991,Gudjohn en,Spezia,A,A,0.0,0.0,0.0,0.0,0.0,0.0,0.0,0.0,0.0,0.0,0.0,True,storico,Statistiche_Fantacalcio_Stagione_2020_21.xlsx
,7272,Gueye,Udine e,A,A,13.0,5.77,5.92,1.0,0.0,0.0,0.0,0.0,2.0,0.0,0.0,True,storico,Statistiche_Fantacalcio_2025_26.xlsx
,4381,Gumu,Genoa,A,A,2.0,6.25,6.25,0.0,0.0,0.0,0.0,0.0,0.0,0.0,0.0,True,storico,Statistiche_Fantacalcio_Stagione_2019_20.xlsx
,4992,Gya i,Spezia,A,A,36.0,5.96,6.4,4.0,0.0,0.0,0.0,0.0,4.0,0.0,0.0,True,storico,Statistiche_Fantacalcio_Stagione_2020_21.xlsx
,5881,Gytkjaer,Monza,A,A,15.0,5.73,5.73,1.0,0.0,0.0,1.0,0.0,0.0,0.0,0.0,True,storico,Statistiche_Fantacalcio_Stagione_2022_23.xlsx
,2032,Hagi,Fiorentina,A,A,2.0,6.25,6.0,0.0,0.0,0.0,0.0,0.0,1.0,0.0,0.0,True,storico,Statistiche_Fantacalcio_Stagione_2016_17.xlsx
,6914,Haj Mohamed,Parma,A,A,11.0,5.91,6.05,1.0,0.0,0.0,0.0,0.0,4.0,0.0,0.0,True,storico,Statistiche_Fantacalcio_Stagione_2024_25.xlsx
,2146,Han,Cagliari,A,A,3.0,6.0,7.0,1.0,0.0,0.0,0.0,0.0,0.0,0.0,0.0,True,storico,Statistiche_Fantacalcio_Stagione_2016_17.xlsx
,4894,Hara lin,Sa uolo,A,A,9.0,6.06,6.44,1.0,0.0,0.0,0.0,0.0,1.0,0.0,0.0,True,storico,Statistiche_Fantacalcio_Stagione_2019_20.xlsx
,1989,Harbaoui,Udine e,A,A,0.0,0.0,0.0,0.0,0.0,0.0,0.0,0.0,0.0,0.0,0.0,True,storico,Statistiche_Fantacalcio_Stagione_2016_17.xlsx
,5310,Hauge,Milan,A,A,11.0,5.82,6.36,2.0,0.0,0.0,0.0,0.0,0.0,0.0,0.0,True,storico,Statistiche_Fantacalcio_Stagione_2020_21.xlsx
,7453,Havel,Genoa,A,A,0.0,0.0,0.0,0.0,0.0,0.0,0.0,0.0,0.0,0.0,0.0,True,corrente_pre_stagione,Statistiche_Fantacalcio_Stagione_2026_27.xlsx
,5529,Henry,Venezia,A,A,32.0,6.0,6.69,9.0,0.0,0.0,0.0,0.0,4.0,0.0,2.0,True,storico,Statistiche_Fantacalcio_Stagione_2021_22.xlsx
,408,Higuain,Napoli,A,A,35.0,6.94,10.04,36.0,0.0,0.0,3.0,0.0,1.0,0.0,0.0,True,storico,Statistiche_Fantacalcio_Stagione_2015_16.xlsx
,6052,Hojlund,Atalanta,A,A,30.0,6.12,7.07,9.0,0.0,0.0,0.0,0.0,1.0,0.0,0.0,True,storico,Statistiche_Fantacalcio_Stagione_2022_23.xlsx
,7309,I aac,Verona,A,A,1.0,6.0,6.0,0.0,0.0,0.0,0.0,0.0,0.0,0.0,0.0,True,storico,Statistiche_Fantacalcio_2025_26.xlsx
,6398,I ak en,Lazio,A,A,23.0,6.07,6.46,3.0,0.0,0.0,0.0,0.0,3.0,0.0,0.0,True,storico,Statistiche_Fantacalcio_Stagione_2023_24.xlsx
,475,Iago Falque,Roma,A,A,21.0,5.74,6.05,2.0,0.0,0.0,0.0,0.0,1.0,0.0,0.0,True,storico,Statistiche_Fantacalcio_Stagione_2015_16.xlsx
,476,Ibarbo,Roma,A,A,0.0,0.0,0.0,0.0,0.0,0.0,0.0,0.0,0.0,0.0,0.0,True,storico,Statistiche_Fantacalcio_Stagione_2015_16.xlsx
,2530,Ibrahimovic,Milan,A,A,18.0,6.53,8.17,10.0,0.0,0.0,3.0,0.0,1.0,0.0,0.0,True,storico,Statistiche_Fantacalcio_Stagione_2019_20.xlsx
,277,Icardi,Inter,A,A,31.0,6.13,7.69,16.0,0.0,0.0,2.0,0.0,1.0,0.0,0.0,True,storico,Statistiche_Fantacalcio_Stagione_2015_16.xlsx
,2086,Iemmello,Sa uolo,A,A,12.0,5.96,7.17,5.0,0.0,0.0,1.0,0.0,1.0,0.0,0.0,True,storico,Statistiche_Fantacalcio_Stagione_2016_17.xlsx
,6425,Ikwueme i,Salernitana,A,A,23.0,5.67,5.8,1.0,0.0,0.0,0.0,0.0,2.0,0.0,0.0,True,storico,Statistiche_Fantacalcio_Stagione_2023_24.xlsx
,785,Immobile,Torino,A,A,14.0,6.36,7.36,5.0,0.0,0.0,3.0,0.0,2.0,0.0,0.0,True,storico,Statistiche_Fantacalcio_Stagione_2015_16.xlsx
,4962,Improta,Benevento,A,A,34.0,5.69,5.62,1.0,0.0,0.0,0.0,0.0,7.0,0.0,1.0,True,storico,Statistiche_Fantacalcio_Stagione_2020_21.xlsx
,409,In igne,Napoli,A,A,37.0,6.26,7.45,12.0,0.0,0.0,2.0,0.0,2.0,0.0,0.0,True,storico,Statistiche_Fantacalcio_Stagione_2015_16.xlsx
,4963,In igne R.,Benevento,A,A,28.0,5.93,6.25,2.0,0.0,0.0,0.0,0.0,2.0,0.0,0.0,True,storico,Statistiche_Fantacalcio_Stagione_2020_21.xlsx
,123,Ingle e,Chievo,A,A,23.0,5.87,6.24,3.0,0.0,0.0,0.0,0.0,3.0,0.0,0.0,True,storico,Statistiche_Fantacalcio_Stagione_2015_16.xlsx
,477,Iturbe,Roma,A,A,9.0,6.06,6.33,1.0,0.0,0.0,0.0,0.0,1.0,0.0,0.0,True,storico,Statistiche_Fantacalcio_Stagione_2015_16.xlsx
,6648,Ja im,Como,A,A,0.0,0.0,0.0,0.0,0.0,0.0,0.0,0.0,0.0,0.0,0.0,True,storico,Statistiche_Fantacalcio_Stagione_2024_25.xlsx
,2152,Jakupovic,Empoli,A,A,0.0,0.0,0.0,0.0,0.0,0.0,0.0,0.0,0.0,0.0,0.0,True,storico,Statistiche_Fantacalcio_Stagione_2018_19.xlsx
,2018,Jallow,Chievo,A,A,0.0,0.0,0.0,0.0,0.0,0.0,0.0,0.0,0.0,0.0,0.0,True,storico,Statistiche_Fantacalcio_Stagione_2016_17.xlsx
,5071,Je e,Sampdoria,A,A,7.0,6.07,6.64,1.0,0.0,0.0,0.0,0.0,0.0,0.0,0.0,True,storico,Statistiche_Fantacalcio_Stagione_2022_23.xlsx
,6603,Joao Co ta,Roma,A,A,0.0,0.0,0.0,0.0,0.0,0.0,0.0,0.0,0.0,0.0,0.0,True,storico,Statistiche_Fantacalcio_Stagione_2024_25.xlsx
,4811,Joao Felix,Milan,A,A,12.0,6.04,6.42,2.0,0.0,0.0,0.0,0.0,3.0,0.0,0.0,True,storico,Statistiche_Fantacalcio_Stagione_2024_25.xlsx
,443,Joao Silva,Palermo,A,A,0.0,0.0,0.0,0.0,0.0,0.0,0.0,0.0,0.0,0.0,0.0,True,storico,Statistiche_Fantacalcio_Stagione_2015_16.xlsx
,5496,John en,Venezia,A,A,25.0,5.9,6.06,1.0,0.0,0.0,0.0,0.0,2.0,0.0,0.0,True,storico,Statistiche_Fantacalcio_Stagione_2021_22.xlsx
,5807,Jovane,Lazio,A,A,3.0,5.83,6.83,1.0,0.0,0.0,0.0,0.0,0.0,0.0,0.0,True,storico,Statistiche_Fantacalcio_Stagione_2021_22.xlsx
,278,Jovetic,Inter,A,A,21.0,6.24,7.07,6.0,0.0,0.0,1.0,0.0,4.0,0.0,0.0,True,storico,Statistiche_Fantacalcio_Stagione_2015_16.xlsx
,2438,Jovic,Fiorentina,A,A,27.0,5.98,6.56,6.0,0.0,0.0,1.0,0.0,3.0,0.0,0.0,True,storico,Statistiche_Fantacalcio_Stagione_2022_23.xlsx
,635,Juanito Gomez,Verona,A,A,31.0,5.61,5.66,1.0,0.0,0.0,0.0,0.0,3.0,0.0,0.0,True,storico,Statistiche_Fantacalcio_Stagione_2015_16.xlsx
,4368,Juwara,Bologna,A,A,3.0,6.5,7.33,1.0,0.0,0.0,0.0,0.0,1.0,0.0,0.0,True,storico,Statistiche_Fantacalcio_Stagione_2019_20.xlsx
,6583,Kabic,Torino,A,A,0.0,0.0,0.0,0.0,0.0,0.0,0.0,0.0,0.0,0.0,0.0,True,storico,Statistiche_Fantacalcio_Stagione_2023_24.xlsx
,5505,Kaio Jorge,Juventu,A,A,2.0,5.75,5.75,0.0,0.0,0.0,0.0,0.0,0.0,0.0,0.0,True,storico,Statistiche_Fantacalcio_Stagione_2021_22.xlsx
,652,Kalinic,Fiorentina,A,A,35.0,6.07,7.0,12.0,0.0,0.0,1.0,0.0,5.0,0.0,0.0,True,storico,Statistiche_Fantacalcio_Stagione_2015_16.xlsx
,5439,Kallon,Genoa,A,A,1.0,6.5,6.5,0.0,0.0,0.0,0.0,0.0,0.0,0.0,0.0,True,storico,Statistiche_Fantacalcio_Stagione_2020_21.xlsx
,2325,Karamoh,Inter,A,A,11.0,5.95,6.23,1.0,0.0,0.0,0.0,0.0,0.0,0.0,0.0,True,storico,Statistiche_Fantacalcio_Stagione_2017_18.xlsx
,5414,Karamoko I .,Sa uolo,A,A,0.0,0.0,0.0,0.0,0.0,0.0,0.0,0.0,0.0,0.0,0.0,True,storico,Statistiche_Fantacalcio_Stagione_2020_21.xlsx
,5003,Kargbo,Crotone,A,A,1.0,5.5,5.5,0.0,0.0,0.0,0.0,0.0,0.0,0.0,0.0,True,storico,Statistiche_Fantacalcio_Stagione_2020_21.xlsx
,6459,Karl on,Bologna,A,A,6.0,5.92,5.92,0.0,0.0,0.0,0.0,0.0,0.0,0.0,0.0,True,storico,Statistiche_Fantacalcio_Stagione_2023_24.xlsx
,2097,Kean,Juventu,A,A,1.0,7.0,10.0,1.0,0.0,0.0,0.0,0.0,0.0,0.0,0.0,True,storico,Statistiche_Fantacalcio_Stagione_2016_17.xlsx
,345,Keita B.,Lazio,A,A,30.0,6.18,6.53,4.0,0.0,0.0,0.0,0.0,5.0,0.0,0.0,True,storico,Statistiche_Fantacalcio_Stagione_2015_16.xlsx
,7547,Kevin Carlo,Cagliari,A,A,0.0,0.0,0.0,0.0,0.0,0.0,0.0,0.0,0.0,0.0,0.0,True,corrente_pre_stagione,Statistiche_Fantacalcio_Stagione_2026_27.xlsx
,7199,Kilic oy,Cagliari,A,A,16.0,6.03,6.78,4.0,0.0,0.0,0.0,0.0,1.0,0.0,0.0,True,storico,Statistiche_Fantacalcio_2025_26.xlsx
,346,Klo e,Lazio,A,A,23.0,6.07,7.22,7.0,0.0,0.0,1.0,0.0,3.0,0.0,0.0,True,storico,Statistiche_Fantacalcio_Stagione_2015_16.xlsx
,2779,Kluivert,Roma,A,A,24.0,5.88,6.21,1.0,0.0,0.0,0.0,0.0,2.0,0.0,0.0,True,storico,Statistiche_Fantacalcio_Stagione_2018_19.xlsx
,5391,Kokorin,Fiorentina,A,A,4.0,5.75,5.62,0.0,0.0,0.0,0.0,0.0,1.0,0.0,0.0,True,storico,Statistiche_Fantacalcio_Stagione_2020_21.xlsx
,5951,Kolo Muani,Juventu,A,A,16.0,6.22,7.78,8.0,0.0,0.0,1.0,0.0,0.0,0.0,0.0,True,storico,Statistiche_Fantacalcio_Stagione_2024_25.xlsx
,2762,Kouame,Genoa,A,A,38.0,6.07,6.46,4.0,0.0,0.0,0.0,0.0,4.0,0.0,0.0,True,storico,Statistiche_Fantacalcio_Stagione_2018_19.xlsx
,6910,Kowal ki,Parma,A,A,0.0,0.0,0.0,0.0,0.0,0.0,0.0,0.0,0.0,0.0,0.0,True,storico,Statistiche_Fantacalcio_Stagione_2024_25.xlsx
,2198,Kownacki,Sampdoria,A,A,20.0,5.95,6.75,5.0,0.0,0.0,0.0,0.0,0.0,0.0,0.0,True,storico,Statistiche_Fantacalcio_Stagione_2017_18.xlsx
,6435,Kr tovic,Lecce,A,A,33.0,5.91,6.3,7.0,0.0,0.0,3.0,0.0,4.0,0.0,0.0,True,storico,Statistiche_Fantacalcio_Stagione_2023_24.xlsx
,5472,Kri toffer en,Salernitana,A,A,0.0,0.0,0.0,0.0,0.0,0.0,0.0,0.0,0.0,0.0,0.0,True,storico,Statistiche_Fantacalcio_Stagione_2021_22.xlsx
,6143,Krolli,Spezia,A,A,0.0,0.0,0.0,0.0,0.0,0.0,0.0,0.0,0.0,0.0,0.0,True,storico,Statistiche_Fantacalcio_Stagione_2022_23.xlsx
,7128,Kuhn,Como,A,A,14.0,5.96,6.25,1.0,0.0,0.0,0.0,0.0,0.0,0.0,0.0,True,storico,Statistiche_Fantacalcio_2025_26.xlsx
,7349,Kulenovic,Torino,A,A,7.0,5.71,5.79,0.0,0.0,0.0,0.0,0.0,2.0,0.0,0.0,True,storico,Statistiche_Fantacalcio_2025_26.xlsx
,6204,Kvernadze,Fro inone,A,A,2.0,5.75,5.75,0.0,0.0,0.0,0.0,0.0,0.0,0.0,0.0,True,storico,Statistiche_Fantacalcio_Stagione_2023_24.xlsx
,447,La Gumina,Empoli,A,A,17.0,5.76,6.21,2.0,0.0,0.0,0.0,0.0,1.0,0.0,0.0,True,storico,Statistiche_Fantacalcio_Stagione_2018_19.xlsx
,4477,La Mantia,Lecce,A,A,9.0,5.89,6.5,2.0,0.0,0.0,0.0,0.0,1.0,0.0,0.0,True,storico,Statistiche_Fantacalcio_Stagione_2019_20.xlsx
,90,La agna,Carpi,A,A,34.0,6.01,6.47,5.0,0.0,0.0,0.0,0.0,1.0,0.0,0.0,True,storico,Statistiche_Fantacalcio_Stagione_2015_16.xlsx
,6913,Lambourde,Verona,A,A,3.0,6.17,7.17,1.0,0.0,0.0,0.0,0.0,1.0,0.0,0.0,True,storico,Statistiche_Fantacalcio_Stagione_2024_25.xlsx
,5292,Lammer,Atalanta,A,A,8.0,5.94,6.69,2.0,0.0,0.0,0.0,0.0,0.0,0.0,0.0,True,storico,Statistiche_Fantacalcio_Stagione_2020_21.xlsx
,7120,Lang,Napoli,A,A,14.0,6.04,6.32,1.0,0.0,0.0,0.0,0.0,2.0,0.0,0.0,True,storico,Statistiche_Fantacalcio_2025_26.xlsx
,1939,Lapadula,Milan,A,A,23.0,6.07,7.13,8.0,0.0,0.0,2.0,0.0,3.0,0.0,0.0,True,storico,Statistiche_Fantacalcio_Stagione_2016_17.xlsx
,2122,Latte Lath,Atalanta,A,A,0.0,0.0,0.0,0.0,0.0,0.0,0.0,0.0,0.0,0.0,0.0,True,storico,Statistiche_Fantacalcio_Stagione_2023_24.xlsx
,7482,Lauberbach,Venezia,A,A,0.0,0.0,0.0,0.0,0.0,0.0,0.0,0.0,0.0,0.0,0.0,True,corrente_pre_stagione,Statistiche_Fantacalcio_Stagione_2026_27.xlsx
,6060,Lauriente,Sa uolo,A,A,28.0,6.39,7.18,7.0,0.0,0.0,1.0,0.0,8.0,0.0,0.0,True,storico,Statistiche_Fantacalcio_Stagione_2022_23.xlsx
,5785,Lazetic,Milan,A,A,0.0,0.0,0.0,0.0,0.0,0.0,0.0,0.0,0.0,0.0,0.0,True,storico,Statistiche_Fantacalcio_Stagione_2021_22.xlsx
,2324,Lee,Verona,A,A,12.0,5.71,5.79,1.0,0.0,0.0,0.0,0.0,4.0,0.0,0.0,True,storico,Statistiche_Fantacalcio_Stagione_2017_18.xlsx
,2334,Leri,Chievo,A,A,2.0,5.5,5.5,0.0,0.0,0.0,0.0,0.0,0.0,0.0,0.0,True,storico,Statistiche_Fantacalcio_Stagione_2017_18.xlsx
,7408,Li man,Venezia,A,A,0.0,0.0,0.0,0.0,0.0,0.0,0.0,0.0,0.0,0.0,0.0,True,corrente_pre_stagione,Statistiche_Fantacalcio_Stagione_2026_27.xlsx
,7153,Lind,Pi a,A,A,0.0,0.0,0.0,0.0,0.0,0.0,0.0,0.0,0.0,0.0,0.0,True,storico,Statistiche_Fantacalcio_2025_26.xlsx
,707,Livaja,Empoli,A,A,17.0,5.76,5.74,1.0,0.0,0.0,0.0,0.0,7.0,0.0,0.0,True,storico,Statistiche_Fantacalcio_Stagione_2015_16.xlsx
,478,Ljajic,Inter,A,A,20.0,6.02,6.58,3.0,0.0,0.0,0.0,0.0,2.0,0.0,0.0,True,storico,Statistiche_Fantacalcio_Stagione_2015_16.xlsx
,311,Llorente,Juventu,A,A,0.0,0.0,0.0,0.0,0.0,0.0,0.0,0.0,0.0,0.0,0.0,True,storico,Statistiche_Fantacalcio_Stagione_2015_16.xlsx
,2048,Lo Fa o,Palermo,A,A,6.0,5.67,5.67,0.0,0.0,0.0,0.0,0.0,0.0,0.0,0.0,True,storico,Statistiche_Fantacalcio_Stagione_2016_17.xlsx
,91,Loi,Carpi,A,A,0.0,0.0,0.0,0.0,0.0,0.0,0.0,0.0,0.0,0.0,0.0,True,storico,Statistiche_Fantacalcio_Stagione_2015_16.xlsx
,2040,Lombardi,Lazio,A,A,10.0,5.8,5.75,1.0,0.0,0.0,0.0,0.0,4.0,0.0,1.0,True,storico,Statistiche_Fantacalcio_Stagione_2016_17.xlsx
,279,Longo,Fro inone,A,A,8.0,5.44,5.31,0.0,0.0,0.0,0.0,0.0,2.0,0.0,0.0,True,storico,Statistiche_Fantacalcio_Stagione_2015_16.xlsx
,7561,Lontani,Parma,A,A,0.0,0.0,0.0,0.0,0.0,0.0,0.0,0.0,0.0,0.0,0.0,True,corrente_pre_stagione,Statistiche_Fantacalcio_Stagione_2026_27.xlsx
,4730,Lookman,Atalanta,A,A,30.0,6.47,7.92,13.0,0.0,0.0,3.0,0.0,3.0,0.0,0.0,True,storico,Statistiche_Fantacalcio_Stagione_2022_23.xlsx
,604,Lopez N.,Udine e,A,A,0.0,0.0,0.0,0.0,0.0,0.0,0.0,0.0,0.0,0.0,0.0,True,storico,Statistiche_Fantacalcio_Stagione_2015_16.xlsx
,4517,Lozano,Napoli,A,A,24.0,5.92,6.4,4.0,0.0,0.0,0.0,0.0,3.0,0.0,0.0,True,storico,Statistiche_Fantacalcio_Stagione_2019_20.xlsx
,6215,Lucca,Udine e,A,A,34.0,6.04,6.75,8.0,0.0,0.0,0.0,0.0,6.0,0.0,0.0,True,storico,Statistiche_Fantacalcio_Stagione_2023_24.xlsx
,2085,Lui  Alberto,Lazio,A,A,9.0,5.78,6.33,1.0,0.0,0.0,0.0,0.0,0.0,0.0,0.0,True,storico,Statistiche_Fantacalcio_Stagione_2016_17.xlsx
,379,Luiz Adriano,Milan,A,A,23.0,5.87,6.43,4.0,0.0,0.0,1.0,0.0,4.0,0.0,0.0,True,storico,Statistiche_Fantacalcio_Stagione_2015_16.xlsx
,2531,Lukaku,Inter,A,A,36.0,6.42,8.33,23.0,0.0,0.0,6.0,0.0,2.0,0.0,0.0,True,storico,Statistiche_Fantacalcio_Stagione_2019_20.xlsx
,214,Lupoli,Fro inone,A,A,0.0,0.0,0.0,0.0,0.0,0.0,0.0,0.0,0.0,0.0,0.0,True,storico,Statistiche_Fantacalcio_Stagione_2015_16.xlsx
,2275,Luppi,Verona,A,A,0.0,0.0,0.0,0.0,0.0,0.0,0.0,0.0,0.0,0.0,0.0,True,storico,Statistiche_Fantacalcio_Stagione_2017_18.xlsx
,5297,Luvumbo,Cagliari,A,A,0.0,0.0,0.0,0.0,0.0,0.0,0.0,0.0,0.0,0.0,0.0,True,storico,Statistiche_Fantacalcio_Stagione_2020_21.xlsx
,153,Maccarone,Empoli,A,A,35.0,6.11,7.27,13.0,0.0,0.0,1.0,0.0,4.0,0.0,0.0,True,storico,Statistiche_Fantacalcio_Stagione_2015_16.xlsx
,2827,Machi,Udine e,A,A,11.0,5.82,5.86,0.0,0.0,0.0,0.0,0.0,2.0,0.0,0.0,True,storico,Statistiche_Fantacalcio_Stagione_2018_19.xlsx
,5303,Male,Genoa,A,A,0.0,0.0,0.0,0.0,0.0,0.0,0.0,0.0,0.0,0.0,0.0,True,storico,Statistiche_Fantacalcio_Stagione_2020_21.xlsx
,5585,Malen,Roma,A,A,18.0,6.72,8.97,14.0,0.0,0.0,4.0,0.0,1.0,0.0,0.0,True,storico,Statistiche_Fantacalcio_2025_26.xlsx
,2173,Malle,Udine e,A,A,0.0,0.0,0.0,0.0,0.0,0.0,0.0,0.0,0.0,0.0,0.0,True,storico,Statistiche_Fantacalcio_Stagione_2017_18.xlsx
,5393,Man,Parma,A,A,11.0,6.09,6.68,2.0,0.0,0.0,0.0,0.0,1.0,0.0,0.0,True,storico,Statistiche_Fantacalcio_Stagione_2020_21.xlsx
,649,Manaj,Inter,A,A,1.0,6.0,6.0,0.0,0.0,0.0,0.0,0.0,1.0,0.0,0.0,True,storico,Statistiche_Fantacalcio_Stagione_2015_16.xlsx
,65,Manco u,Carpi,A,A,19.0,5.71,6.0,2.0,0.0,0.0,1.0,0.0,2.0,0.0,0.0,True,storico,Statistiche_Fantacalcio_Stagione_2015_16.xlsx
,5454,Mancu o,Empoli,A,A,7.0,5.86,6.29,1.0,0.0,0.0,0.0,0.0,0.0,0.0,0.0,True,storico,Statistiche_Fantacalcio_Stagione_2021_22.xlsx
,312,Mandzukic,Juventu,A,A,27.0,6.3,7.35,10.0,0.0,0.0,0.0,0.0,5.0,0.0,0.0,True,storico,Statistiche_Fantacalcio_Stagione_2015_16.xlsx
,4936,Manzari,Sa uolo,A,A,0.0,0.0,0.0,0.0,0.0,0.0,0.0,0.0,0.0,0.0,0.0,True,storico,Statistiche_Fantacalcio_Stagione_2021_22.xlsx
,6250,Maric,Monza,A,A,7.0,6.07,6.5,1.0,0.0,0.0,0.0,0.0,0.0,0.0,0.0,True,storico,Statistiche_Fantacalcio_Stagione_2023_24.xlsx
,37,Marilungo,Atalanta,A,A,0.0,0.0,0.0,0.0,0.0,0.0,0.0,0.0,0.0,0.0,0.0,True,storico,Statistiche_Fantacalcio_Stagione_2015_16.xlsx
,565,Martinez,Torino,A,A,16.0,5.69,6.25,3.0,0.0,0.0,0.0,0.0,0.0,0.0,0.0,True,storico,Statistiche_Fantacalcio_Stagione_2015_16.xlsx
,2764,Martinez L.,Inter,A,A,22.0,6.07,6.84,6.0,0.0,0.0,1.0,0.0,4.0,0.0,0.0,True,storico,Statistiche_Fantacalcio_Stagione_2018_19.xlsx
,807,Matavz,Genoa,A,A,6.0,5.5,5.5,0.0,0.0,0.0,0.0,0.0,0.0,0.0,0.0,True,storico,Statistiche_Fantacalcio_Stagione_2015_16.xlsx
,446,Matheu  Ca ini,Palermo,A,A,0.0,0.0,0.0,0.0,0.0,0.0,0.0,0.0,0.0,0.0,0.0,True,storico,Statistiche_Fantacalcio_Stagione_2015_16.xlsx
,92,Mato,Udine e,A,A,24.0,5.9,6.06,2.0,0.0,0.0,1.0,0.0,2.0,0.0,0.0,True,storico,Statistiche_Fantacalcio_Stagione_2015_16.xlsx
,380,Matri,Lazio,A,A,18.0,5.58,6.22,4.0,0.0,0.0,0.0,0.0,1.0,0.0,0.0,True,storico,Statistiche_Fantacalcio_Stagione_2015_16.xlsx
,566,Maxi Lopez,Torino,A,A,23.0,5.96,6.39,4.0,0.0,0.0,3.0,0.0,2.0,0.0,0.0,True,storico,Statistiche_Fantacalcio_Stagione_2015_16.xlsx
,5233,Mayoral,Roma,A,A,22.0,6.09,7.57,10.0,0.0,0.0,0.0,0.0,1.0,0.0,0.0,True,storico,Statistiche_Fantacalcio_Stagione_2020_21.xlsx
,93,Mbakogu,Carpi,A,A,24.0,5.73,5.77,2.0,0.0,0.0,3.0,0.0,2.0,0.0,0.0,True,storico,Statistiche_Fantacalcio_Stagione_2015_16.xlsx
,6833,Mbangula,Juventu,A,A,15.0,6.33,7.13,3.0,0.0,0.0,0.0,0.0,1.0,0.0,0.0,True,storico,Statistiche_Fantacalcio_Stagione_2024_25.xlsx
,154,Mchedlidze,Empoli,A,A,8.0,5.5,5.31,0.0,0.0,0.0,0.0,0.0,2.0,0.0,0.0,True,storico,Statistiche_Fantacalcio_Stagione_2015_16.xlsx
,4970,Me ia,Crotone,A,A,36.0,6.24,6.99,9.0,0.0,0.0,0.0,0.0,6.0,0.0,0.0,True,storico,Statistiche_Fantacalcio_Stagione_2020_21.xlsx
,124,Meggiorini,Chievo,A,A,26.0,6.27,6.85,5.0,0.0,0.0,0.0,0.0,8.0,0.0,0.0,True,storico,Statistiche_Fantacalcio_Stagione_2015_16.xlsx
,6836,Mei ter,Pi a,A,A,27.0,5.65,5.83,2.0,0.0,0.0,0.0,0.0,2.0,0.0,0.0,True,storico,Statistiche_Fantacalcio_2025_26.xlsx
,1881,Melchiorri,Cagliari,A,A,10.0,6.1,6.95,3.0,0.0,0.0,0.0,0.0,1.0,0.0,0.0,True,storico,Statistiche_Fantacalcio_Stagione_2016_17.xlsx
,732,Mendez,Roma,A,A,0.0,0.0,0.0,0.0,0.0,0.0,0.0,0.0,0.0,0.0,0.0,True,storico,Statistiche_Fantacalcio_Stagione_2015_16.xlsx
,7374,Mendy P.,Cagliari,A,A,8.0,5.94,6.62,2.0,0.0,0.0,0.0,0.0,1.0,0.0,0.0,True,storico,Statistiche_Fantacalcio_2025_26.xlsx
,381,Menez,Milan,A,A,8.0,5.81,6.5,2.0,0.0,0.0,1.0,0.0,1.0,0.0,0.0,True,storico,Statistiche_Fantacalcio_Stagione_2015_16.xlsx
,4464,Merola,Inter,A,A,0.0,0.0,0.0,0.0,0.0,0.0,0.0,0.0,0.0,0.0,0.0,True,storico,Statistiche_Fantacalcio_Stagione_2019_20.xlsx
,410,Merten,Napoli,A,A,33.0,6.17,6.67,5.0,0.0,0.0,0.0,0.0,7.0,0.0,0.0,True,storico,Statistiche_Fantacalcio_Stagione_2015_16.xlsx
,2794,Micin,Udine e,A,A,0.0,0.0,0.0,0.0,0.0,0.0,0.0,0.0,0.0,0.0,0.0,True,storico,Statistiche_Fantacalcio_Stagione_2018_19.xlsx
,5322,Mihaila,Parma,A,A,14.0,6.14,6.79,3.0,0.0,0.0,0.0,0.0,2.0,0.0,0.0,True,storico,Statistiche_Fantacalcio_Stagione_2020_21.xlsx
,5802,Mikael,Salernitana,A,A,4.0,6.12,6.12,0.0,0.0,0.0,0.0,0.0,0.0,0.0,0.0,True,storico,Statistiche_Fantacalcio_Stagione_2021_22.xlsx
,7381,Mikolajew ki,Parma,A,A,1.0,6.0,6.0,0.0,0.0,0.0,0.0,0.0,0.0,0.0,0.0,True,storico,Statistiche_Fantacalcio_2025_26.xlsx
,2012,Milik,Napoli,A,A,10.0,6.2,7.65,5.0,0.0,0.0,0.0,0.0,1.0,0.0,0.0,True,storico,Statistiche_Fantacalcio_Stagione_2016_17.xlsx
,4346,Millico,Torino,A,A,0.0,0.0,0.0,0.0,0.0,0.0,0.0,0.0,0.0,0.0,0.0,True,storico,Statistiche_Fantacalcio_Stagione_2018_19.xlsx
,2859,Miralla,Fiorentina,A,A,23.0,5.7,5.96,2.0,0.0,0.0,0.0,0.0,2.0,0.0,0.0,True,storico,Statistiche_Fantacalcio_Stagione_2018_19.xlsx
,810,Miranda Rada,Chievo,A,A,0.0,0.0,0.0,0.0,0.0,0.0,0.0,0.0,0.0,0.0,0.0,True,storico,Statistiche_Fantacalcio_Stagione_2015_16.xlsx
,7388,Mo coni,Inter,A,A,0.0,0.0,0.0,0.0,0.0,0.0,0.0,0.0,0.0,0.0,0.0,True,storico,Statistiche_Fantacalcio_2025_26.xlsx
,6630,Mo quera,Verona,A,A,33.0,5.88,6.3,5.0,0.0,0.0,0.0,0.0,4.0,0.0,0.0,True,storico,Statistiche_Fantacalcio_Stagione_2024_25.xlsx
,38,Monachello,Atalanta,A,A,8.0,5.62,5.5,0.0,0.0,0.0,0.0,0.0,2.0,0.0,0.0,True,storico,Statistiche_Fantacalcio_Stagione_2015_16.xlsx
,2853,Moncini,SPAL,A,A,0.0,0.0,0.0,0.0,0.0,0.0,0.0,0.0,0.0,0.0,0.0,True,storico,Statistiche_Fantacalcio_Stagione_2018_19.xlsx
,6113,Montevago,Sampdoria,A,A,5.0,5.7,5.6,0.0,0.0,0.0,0.0,0.0,1.0,0.0,0.0,True,storico,Statistiche_Fantacalcio_Stagione_2022_23.xlsx
,313,Morata,Juventu,A,A,27.0,6.09,7.02,7.0,0.0,0.0,1.0,0.0,6.0,0.0,0.0,True,storico,Statistiche_Fantacalcio_Stagione_2015_16.xlsx
,5455,Moreo,Empoli,A,A,0.0,0.0,0.0,0.0,0.0,0.0,0.0,0.0,0.0,0.0,0.0,True,storico,Statistiche_Fantacalcio_Stagione_2021_22.xlsx
,4938,Moro,Lazio,A,A,0.0,0.0,0.0,0.0,0.0,0.0,0.0,0.0,0.0,0.0,0.0,True,storico,Statistiche_Fantacalcio_Stagione_2020_21.xlsx
,7158,Moro L.,Sa uolo,A,A,6.0,5.58,5.5,0.0,0.0,0.0,0.0,0.0,1.0,0.0,0.0,True,storico,Statistiche_Fantacalcio_2025_26.xlsx
,567,Morra,Torino,A,A,0.0,0.0,0.0,0.0,0.0,0.0,0.0,0.0,0.0,0.0,0.0,True,storico,Statistiche_Fantacalcio_Stagione_2015_16.xlsx
,5882,Mota,Monza,A,A,29.0,6.09,6.64,5.0,0.0,0.0,0.0,0.0,2.0,0.0,0.0,True,storico,Statistiche_Fantacalcio_Stagione_2022_23.xlsx
,5801,Mou et,Salernitana,A,A,4.0,5.75,5.75,0.0,0.0,0.0,0.0,0.0,2.0,0.0,0.0,True,storico,Statistiche_Fantacalcio_Stagione_2021_22.xlsx
,6555,Moumbagna,Cremone e,A,A,5.0,5.6,5.6,0.0,0.0,0.0,0.0,0.0,0.0,0.0,0.0,True,storico,Statistiche_Fantacalcio_2025_26.xlsx
,125,Mpoku,Chievo,A,A,15.0,5.7,5.6,0.0,0.0,0.0,0.0,0.0,3.0,0.0,0.0,True,storico,Statistiche_Fantacalcio_Stagione_2015_16.xlsx
,2750,Mraz,Empoli,A,A,5.0,5.6,6.2,1.0,0.0,0.0,0.0,0.0,0.0,0.0,0.0,True,storico,Statistiche_Fantacalcio_Stagione_2018_19.xlsx
,6205,Mulattieri,Sa uolo,A,A,12.0,5.88,5.88,0.0,0.0,0.0,0.0,0.0,1.0,0.0,0.0,True,storico,Statistiche_Fantacalcio_Stagione_2023_24.xlsx
,5458,Munteanu,Fiorentina,A,A,0.0,0.0,0.0,0.0,0.0,0.0,0.0,0.0,0.0,0.0,0.0,True,storico,Statistiche_Fantacalcio_Stagione_2021_22.xlsx
,507,Muriel,Sampdoria,A,A,29.0,5.97,6.71,6.0,0.0,0.0,0.0,0.0,3.0,0.0,0.0,True,storico,Statistiche_Fantacalcio_Stagione_2015_16.xlsx
,5012,Muriqi,Lazio,A,A,20.0,5.68,5.8,1.0,0.0,0.0,0.0,0.0,1.0,0.0,0.0,True,storico,Statistiche_Fantacalcio_Stagione_2020_21.xlsx
,6598,Mutandwa,Cagliari,A,A,5.0,5.9,5.9,0.0,0.0,0.0,0.0,0.0,0.0,0.0,0.0,True,storico,Statistiche_Fantacalcio_Stagione_2024_25.xlsx
,5797,N ame,Venezia,A,A,10.0,5.85,5.95,0.0,0.0,0.0,0.0,0.0,0.0,0.0,0.0,True,storico,Statistiche_Fantacalcio_Stagione_2021_22.xlsx
,7001,N'Dri,Lecce,A,A,7.0,5.86,5.86,0.0,0.0,0.0,0.0,0.0,0.0,0.0,0.0,True,storico,Statistiche_Fantacalcio_Stagione_2024_25.xlsx
,7134,Na ti,Cremone e,A,A,0.0,0.0,0.0,0.0,0.0,0.0,0.0,0.0,0.0,0.0,0.0,True,storico,Statistiche_Fantacalcio_2025_26.xlsx
,1906,Nalini,Crotone,A,A,14.0,6.11,6.61,2.0,0.0,0.0,0.0,0.0,2.0,0.0,0.0,True,storico,Statistiche_Fantacalcio_Stagione_2016_17.xlsx
,2323,Nani,Lazio,A,A,14.0,6.04,6.82,3.0,0.0,0.0,0.0,0.0,2.0,0.0,0.0,True,storico,Statistiche_Fantacalcio_Stagione_2017_18.xlsx
,1943,Ne torov ki,Palermo,A,A,37.0,5.76,6.64,11.0,0.0,0.0,1.0,0.0,5.0,0.0,0.0,True,storico,Statistiche_Fantacalcio_Stagione_2016_17.xlsx
,6145,Ngonge,Verona,A,A,13.0,6.04,6.73,3.0,0.0,0.0,0.0,0.0,2.0,0.0,0.0,True,storico,Statistiche_Fantacalcio_Stagione_2022_23.xlsx
,382,Niang,Milan,A,A,15.0,6.13,7.37,5.0,0.0,0.0,2.0,0.0,1.0,0.0,0.0,True,storico,Statistiche_Fantacalcio_Stagione_2015_16.xlsx
,1961,Nica tro,Pe cara,A,A,0.0,0.0,0.0,0.0,0.0,0.0,0.0,0.0,0.0,0.0,0.0,True,storico,Statistiche_Fantacalcio_Stagione_2016_17.xlsx
,6827,Njie,Torino,A,A,9.0,6.0,5.94,0.0,0.0,0.0,0.0,0.0,1.0,0.0,0.0,True,storico,Statistiche_Fantacalcio_Stagione_2024_25.xlsx
,4728,Nkunku,Milan,A,A,26.0,5.94,6.87,7.0,0.0,0.0,5.0,0.0,0.0,0.0,0.0,True,storico,Statistiche_Fantacalcio_2025_26.xlsx
,6556,No lin,Verona,A,A,17.0,6.35,7.41,5.0,0.0,0.0,0.0,0.0,2.0,0.0,0.0,True,storico,Statistiche_Fantacalcio_Stagione_2023_24.xlsx
,5336,Nzola,Spezia,A,A,25.0,6.22,7.56,11.0,0.0,0.0,4.0,0.0,5.0,0.0,0.0,True,storico,Statistiche_Fantacalcio_Stagione_2020_21.xlsx
,4661,O imhen,Napoli,A,A,24.0,6.33,7.58,10.0,0.0,0.0,0.0,0.0,4.0,0.0,0.0,True,storico,Statistiche_Fantacalcio_Stagione_2020_21.xlsx
,4337,Oberlin,Empoli,A,A,3.0,5.5,5.5,0.0,0.0,0.0,0.0,0.0,0.0,0.0,0.0,True,storico,Statistiche_Fantacalcio_Stagione_2018_19.xlsx
,5378,Oddei,Sa uolo,A,A,3.0,6.17,6.83,0.0,0.0,0.0,0.0,0.0,0.0,0.0,0.0,True,storico,Statistiche_Fantacalcio_Stagione_2020_21.xlsx
,2765,Odgaard,Sa uolo,A,A,1.0,6.0,6.0,0.0,0.0,0.0,0.0,0.0,0.0,0.0,0.0,True,storico,Statistiche_Fantacalcio_Stagione_2018_19.xlsx
,6227,Okafor,Milan,A,A,24.0,6.21,7.02,6.0,0.0,0.0,0.0,0.0,1.0,0.0,0.0,True,storico,Statistiche_Fantacalcio_Stagione_2023_24.xlsx
,4324,Okaka,Udine e,A,A,14.0,6.29,7.5,6.0,0.0,0.0,0.0,0.0,4.0,0.0,0.0,True,storico,Statistiche_Fantacalcio_Stagione_2018_19.xlsx
,5515,Okereke,Venezia,A,A,30.0,5.92,6.5,7.0,0.0,0.0,0.0,0.0,5.0,0.0,0.0,True,storico,Statistiche_Fantacalcio_Stagione_2021_22.xlsx
,508,Oneto,Sampdoria,A,A,0.0,0.0,0.0,0.0,0.0,0.0,0.0,0.0,0.0,0.0,0.0,True,storico,Statistiche_Fantacalcio_Stagione_2015_16.xlsx
,6314,Openda,Juventu,A,A,14.0,5.79,6.0,1.0,0.0,0.0,0.0,0.0,0.0,0.0,0.0,True,storico,Statistiche_Fantacalcio_2025_26.xlsx
,2167,Or olini,Bologna,A,A,12.0,5.92,5.92,0.0,0.0,0.0,0.0,0.0,0.0,0.0,0.0,True,storico,Statistiche_Fantacalcio_Stagione_2017_18.xlsx
,6552,Orban G.,Verona,A,A,28.0,5.82,6.54,7.0,0.0,0.0,2.0,0.0,4.0,0.0,0.0,True,storico,Statistiche_Fantacalcio_2025_26.xlsx
,2466,Origi,Milan,A,A,21.0,5.74,6.05,2.0,0.0,0.0,0.0,0.0,1.0,0.0,0.0,True,storico,Statistiche_Fantacalcio_Stagione_2022_23.xlsx
,2195,Ouna,Napoli,A,A,3.0,6.0,6.0,0.0,0.0,0.0,0.0,0.0,0.0,0.0,0.0,True,storico,Statistiche_Fantacalcio_Stagione_2017_18.xlsx
,280,Palacio,Inter,A,A,20.0,6.18,6.55,2.0,0.0,0.0,0.0,0.0,5.0,0.0,0.0,True,storico,Statistiche_Fantacalcio_Stagione_2015_16.xlsx
,1909,Palladino,Genoa,A,A,31.0,5.81,5.87,2.0,0.0,0.0,2.0,0.0,6.0,0.0,0.0,True,storico,Statistiche_Fantacalcio_Stagione_2016_17.xlsx
,126,Palo chi,Chievo,A,A,21.0,6.1,6.98,8.0,0.0,0.0,3.0,0.0,1.0,0.0,0.0,True,storico,Statistiche_Fantacalcio_Stagione_2015_16.xlsx
,2299,Palombi,Lazio,A,A,1.0,5.0,5.0,0.0,0.0,0.0,0.0,0.0,0.0,0.0,0.0,True,storico,Statistiche_Fantacalcio_Stagione_2017_18.xlsx
,245,Pandev,Genoa,A,A,14.0,5.57,5.5,0.0,0.0,0.0,0.0,0.0,0.0,0.0,0.0,True,storico,Statistiche_Fantacalcio_Stagione_2015_16.xlsx
,246,Panico,Genoa,A,A,0.0,0.0,0.0,0.0,0.0,0.0,0.0,0.0,0.0,0.0,0.0,True,storico,Statistiche_Fantacalcio_Stagione_2015_16.xlsx
,1982,Parigini,Chievo,A,A,1.0,6.0,6.0,0.0,0.0,0.0,0.0,0.0,0.0,0.0,0.0,True,storico,Statistiche_Fantacalcio_Stagione_2016_17.xlsx
,6668,Partipilo,Parma,A,A,0.0,0.0,0.0,0.0,0.0,0.0,0.0,0.0,0.0,0.0,0.0,True,storico,Statistiche_Fantacalcio_Stagione_2024_25.xlsx
,247,Pavoletti,Genoa,A,A,25.0,6.16,7.82,14.0,0.0,0.0,0.0,0.0,3.0,0.0,0.0,True,storico,Statistiche_Fantacalcio_Stagione_2015_16.xlsx
,636,Pazzini,Verona,A,A,28.0,5.88,6.46,6.0,0.0,0.0,3.0,0.0,5.0,0.0,0.0,True,storico,Statistiche_Fantacalcio_Stagione_2015_16.xlsx
,2089,Pe ic,Atalanta,A,A,3.0,5.67,5.67,0.0,0.0,0.0,0.0,0.0,0.0,0.0,0.0,True,storico,Statistiche_Fantacalcio_Stagione_2016_17.xlsx
,2489,Pedro,Roma,A,A,26.0,5.88,6.44,5.0,0.0,0.0,0.0,0.0,3.0,0.0,0.0,True,storico,Statistiche_Fantacalcio_Stagione_2020_21.xlsx
,4527,Pedro G.,Fiorentina,A,A,3.0,5.5,5.5,0.0,0.0,0.0,0.0,0.0,0.0,0.0,0.0,True,storico,Statistiche_Fantacalcio_Stagione_2019_20.xlsx
,7015,Pedrola,Bologna,A,A,0.0,0.0,0.0,0.0,0.0,0.0,0.0,0.0,0.0,0.0,0.0,True,storico,Statistiche_Fantacalcio_Stagione_2024_25.xlsx
,5401,Pelle,Parma,A,A,10.0,5.95,6.4,1.0,0.0,0.0,0.0,0.0,1.0,0.0,0.0,True,storico,Statistiche_Fantacalcio_Stagione_2020_21.xlsx
,2103,Pellegri,Genoa,A,A,1.0,7.0,10.0,1.0,0.0,0.0,0.0,0.0,0.0,0.0,0.0,True,storico,Statistiche_Fantacalcio_Stagione_2016_17.xlsx
,7023,Pellegrino M.,Parma,A,A,11.0,6.14,6.86,3.0,0.0,0.0,0.0,0.0,2.0,0.0,0.0,True,storico,Statistiche_Fantacalcio_Stagione_2024_25.xlsx
,127,Pelli ier,Chievo,A,A,18.0,5.94,6.72,5.0,0.0,0.0,2.0,0.0,2.0,0.0,0.0,True,storico,Statistiche_Fantacalcio_Stagione_2015_16.xlsx
,1990,Penaranda,Udine e,A,A,5.0,5.7,5.7,0.0,0.0,0.0,0.0,0.0,0.0,0.0,0.0,True,storico,Statistiche_Fantacalcio_Stagione_2016_17.xlsx
,347,Perea,Lazio,A,A,0.0,0.0,0.0,0.0,0.0,0.0,0.0,0.0,0.0,0.0,0.0,True,storico,Statistiche_Fantacalcio_Stagione_2015_16.xlsx
,605,Perica,Udine e,A,A,10.0,5.85,6.4,2.0,0.0,0.0,0.0,0.0,1.0,0.0,0.0,True,storico,Statistiche_Fantacalcio_Stagione_2015_16.xlsx
,383,Petagna,Atalanta,A,A,33.0,6.29,6.89,5.0,0.0,0.0,0.0,0.0,2.0,0.0,0.0,True,storico,Statistiche_Fantacalcio_Stagione_2016_17.xlsx
,2114,Petkovic,Bologna,A,A,10.0,5.55,5.5,0.0,0.0,0.0,0.0,0.0,1.0,0.0,0.0,True,storico,Statistiche_Fantacalcio_Stagione_2016_17.xlsx
,2070,Pettinari,Pe cara,A,A,6.0,5.92,5.83,0.0,0.0,0.0,0.0,0.0,1.0,0.0,0.0,True,storico,Statistiche_Fantacalcio_Stagione_2016_17.xlsx
,2756,Piatek,Milan,A,A,37.0,6.35,8.07,22.0,0.0,0.0,2.0,0.0,5.0,0.0,0.0,True,storico,Statistiche_Fantacalcio_Stagione_2018_19.xlsx
,4359,Piccoli,Atalanta,A,A,1.0,5.5,5.5,0.0,0.0,0.0,0.0,0.0,0.0,0.0,0.0,True,storico,Statistiche_Fantacalcio_Stagione_2018_19.xlsx
,1842,Pierini,Venezia,A,A,2.0,5.75,5.75,0.0,0.0,0.0,0.0,0.0,0.0,0.0,0.0,True,storico,Statistiche_Fantacalcio_Stagione_2024_25.xlsx
,6549,Pierotti,Lecce,A,A,7.0,6.07,6.21,0.0,0.0,0.0,0.0,0.0,0.0,0.0,0.0,True,storico,Statistiche_Fantacalcio_Stagione_2023_24.xlsx
,2038,Pinamonti,Inter,A,A,1.0,6.0,6.0,0.0,0.0,0.0,0.0,0.0,0.0,0.0,0.0,True,storico,Statistiche_Fantacalcio_Stagione_2017_18.xlsx
,39,Pinilla,Atalanta,A,A,18.0,5.81,6.17,5.0,0.0,0.0,2.0,0.0,8.0,0.0,0.0,True,storico,Statistiche_Fantacalcio_Stagione_2015_16.xlsx
,155,Piu,Empoli,A,A,5.0,5.7,5.7,0.0,0.0,0.0,0.0,0.0,0.0,0.0,0.0,True,storico,Statistiche_Fantacalcio_Stagione_2015_16.xlsx
,6635,Pizarro,Udine e,A,A,0.0,0.0,0.0,0.0,0.0,0.0,0.0,0.0,0.0,0.0,0.0,True,storico,Statistiche_Fantacalcio_Stagione_2024_25.xlsx
,1998,Pjaca,Juventu,A,A,9.0,5.72,5.67,0.0,0.0,0.0,0.0,0.0,1.0,0.0,0.0,True,storico,Statistiche_Fantacalcio_Stagione_2016_17.xlsx
,5716,Podgoreanu,Spezia,A,A,2.0,5.75,6.25,0.0,0.0,0.0,0.0,0.0,0.0,0.0,0.0,True,storico,Statistiche_Fantacalcio_Stagione_2021_22.xlsx
,5079,Pohjanpalo,Venezia,A,A,20.0,6.05,6.78,6.0,0.0,0.0,4.0,0.0,1.0,0.0,0.0,True,storico,Statistiche_Fantacalcio_Stagione_2024_25.xlsx
,536,Politano,Sa uolo,A,A,21.0,6.19,6.88,5.0,0.0,0.0,0.0,0.0,3.0,0.0,0.0,True,storico,Statistiche_Fantacalcio_Stagione_2015_16.xlsx
,723,Ponce,Roma,A,A,0.0,0.0,0.0,0.0,0.0,0.0,0.0,0.0,0.0,0.0,0.0,True,storico,Statistiche_Fantacalcio_Stagione_2015_16.xlsx
,731,Ponce A,Sampdoria,A,A,0.0,0.0,0.0,0.0,0.0,0.0,0.0,0.0,0.0,0.0,0.0,True,storico,Statistiche_Fantacalcio_Stagione_2015_16.xlsx
,281,Pu ca,Inter,A,A,0.0,0.0,0.0,0.0,0.0,0.0,0.0,0.0,0.0,0.0,0.0,True,storico,Statistiche_Fantacalcio_Stagione_2015_16.xlsx
,2826,Pu etto,Udine e,A,A,32.0,5.92,6.27,4.0,0.0,0.0,0.0,0.0,8.0,0.0,0.0,True,storico,Statistiche_Fantacalcio_Stagione_2018_19.xlsx
,156,Pucciarelli,Empoli,A,A,38.0,5.92,6.42,6.0,0.0,0.0,0.0,0.0,2.0,0.0,0.0,True,storico,Statistiche_Fantacalcio_Stagione_2015_16.xlsx
,568,Quagliarella,Sampdoria,A,A,31.0,5.85,6.61,8.0,0.0,0.0,1.0,0.0,1.0,0.0,0.0,True,storico,Statistiche_Fantacalcio_Stagione_2015_16.xlsx
,4371,Ra padori,Sa uolo,A,A,7.0,6.21,7.07,2.0,0.0,0.0,0.0,0.0,0.0,0.0,0.0,True,storico,Statistiche_Fantacalcio_Stagione_2019_20.xlsx
,5361,Rabbi,Bologna,A,A,0.0,0.0,0.0,0.0,0.0,0.0,0.0,0.0,0.0,0.0,0.0,True,storico,Statistiche_Fantacalcio_Stagione_2020_21.xlsx
,4510,Rafael Leao,Milan,A,A,27.0,6.07,6.78,6.0,0.0,0.0,0.0,0.0,0.0,0.0,0.0,True,storico,Statistiche_Fantacalcio_Stagione_2019_20.xlsx
,4455,Ragatzu,Cagliari,A,A,8.0,6.0,6.38,1.0,0.0,0.0,0.0,0.0,1.0,0.0,0.0,True,storico,Statistiche_Fantacalcio_Stagione_2019_20.xlsx
,2073,Ragu a,Sa uolo,A,A,22.0,5.84,6.36,4.0,0.0,0.0,0.0,0.0,5.0,0.0,0.0,True,storico,Statistiche_Fantacalcio_Stagione_2016_17.xlsx
,5436,Raimondo,Bologna,A,A,0.0,0.0,0.0,0.0,0.0,0.0,0.0,0.0,0.0,0.0,0.0,True,storico,Statistiche_Fantacalcio_Stagione_2020_21.xlsx
,6397,Ramo  G.,Milan,A,A,0.0,0.0,0.0,0.0,0.0,0.0,0.0,0.0,0.0,0.0,0.0,True,corrente_pre_stagione,Statistiche_Fantacalcio_Stagione_2026_27.xlsx
,2131,Ranegie,Udine e,A,A,0.0,0.0,0.0,0.0,0.0,0.0,0.0,0.0,0.0,0.0,0.0,True,storico,Statistiche_Fantacalcio_Stagione_2016_17.xlsx
,7313,Ratkov,Lazio,A,A,7.0,5.64,5.64,0.0,0.0,0.0,0.0,0.0,0.0,0.0,0.0,True,storico,Statistiche_Fantacalcio_2025_26.xlsx
,4489,Rauti,Torino,A,A,0.0,0.0,0.0,0.0,0.0,0.0,0.0,0.0,0.0,0.0,0.0,True,storico,Statistiche_Fantacalcio_Stagione_2019_20.xlsx
,186,Rebic,Verona,A,A,13.0,5.69,5.77,1.0,0.0,0.0,0.0,0.0,2.0,0.0,0.0,True,storico,Statistiche_Fantacalcio_Stagione_2015_16.xlsx
,6228,Retegui,Genoa,A,A,29.0,6.09,6.79,7.0,0.0,0.0,1.0,0.0,5.0,0.0,0.0,True,storico,Statistiche_Fantacalcio_Stagione_2023_24.xlsx
,2013,Ricci F.,Sa uolo,A,A,17.0,5.68,5.94,2.0,0.0,0.0,1.0,0.0,4.0,0.0,0.0,True,storico,Statistiche_Fantacalcio_Stagione_2016_17.xlsx
,2868,Rigoni E,Atalanta,A,A,9.0,5.78,6.72,3.0,0.0,0.0,0.0,0.0,1.0,0.0,0.0,True,storico,Statistiche_Fantacalcio_Stagione_2018_19.xlsx
,5009,Riviere,Crotone,A,A,14.0,5.79,6.0,1.0,0.0,0.0,0.0,0.0,2.0,0.0,0.0,True,storico,Statistiche_Fantacalcio_Stagione_2020_21.xlsx
,187,Ro i,Fiorentina,A,A,9.0,5.72,5.78,0.0,0.0,0.0,0.0,0.0,1.0,0.0,0.0,True,storico,Statistiche_Fantacalcio_Stagione_2015_16.xlsx
,2108,Ro i A,Lazio,A,A,0.0,0.0,0.0,0.0,0.0,0.0,0.0,0.0,0.0,0.0,0.0,True,storico,Statistiche_Fantacalcio_Stagione_2018_19.xlsx
,7546,Robin on J.,Monza,A,A,0.0,0.0,0.0,0.0,0.0,0.0,0.0,0.0,0.0,0.0,0.0,True,corrente_pre_stagione,Statistiche_Fantacalcio_Stagione_2026_27.xlsx
,6644,Rocha Livramento,Verona,A,A,22.0,5.8,5.89,1.0,0.0,0.0,0.0,0.0,2.0,0.0,0.0,True,storico,Statistiche_Fantacalcio_Stagione_2024_25.xlsx
,718,Rodriguez Ale.,Sampdoria,A,A,0.0,0.0,0.0,0.0,0.0,0.0,0.0,0.0,0.0,0.0,0.0,True,storico,Statistiche_Fantacalcio_Stagione_2015_16.xlsx
,7129,Rodriguez Je.,Como,A,A,28.0,6.25,6.66,2.0,0.0,0.0,0.0,0.0,3.0,0.0,0.0,True,storico,Statistiche_Fantacalcio_2025_26.xlsx
,5874,Rodriguez P.,Lecce,A,A,3.0,6.0,6.0,0.0,0.0,0.0,0.0,0.0,0.0,0.0,0.0,True,storico,Statistiche_Fantacalcio_Stagione_2022_23.xlsx
,7554,Romero D.,Parma,A,A,0.0,0.0,0.0,0.0,0.0,0.0,0.0,0.0,0.0,0.0,0.0,True,corrente_pre_stagione,Statistiche_Fantacalcio_Stagione_2026_27.xlsx
,2610,Ronaldo,Juventu,A,A,31.0,6.48,8.6,21.0,0.0,0.0,6.0,0.0,3.0,0.0,0.0,True,storico,Statistiche_Fantacalcio_Stagione_2018_19.xlsx
,348,Rozzi,Lazio,A,A,0.0,0.0,0.0,0.0,0.0,0.0,0.0,0.0,0.0,0.0,0.0,True,storico,Statistiche_Fantacalcio_Stagione_2015_16.xlsx
,7449,Rrahmani Al.,Venezia,A,A,0.0,0.0,0.0,0.0,0.0,0.0,0.0,0.0,0.0,0.0,0.0,True,corrente_pre_stagione,Statistiche_Fantacalcio_Stagione_2026_27.xlsx
,764,Sadiq,Roma,A,A,4.0,6.12,7.62,2.0,0.0,0.0,0.0,0.0,0.0,0.0,0.0,True,storico,Statistiche_Fantacalcio_Stagione_2015_16.xlsx
,646,Salah,Roma,A,A,34.0,6.28,7.62,14.0,0.0,0.0,0.0,0.0,1.0,0.0,0.0,True,storico,Statistiche_Fantacalcio_Stagione_2015_16.xlsx
,7026,Salama,Torino,A,A,0.0,0.0,0.0,0.0,0.0,0.0,0.0,0.0,0.0,0.0,0.0,True,storico,Statistiche_Fantacalcio_Stagione_2024_25.xlsx
,2304,Salcedo E.,Genoa,A,A,1.0,6.0,6.0,0.0,0.0,0.0,0.0,0.0,0.0,0.0,0.0,True,storico,Statistiche_Fantacalcio_Stagione_2017_18.xlsx
,2010,Sallai,Palermo,A,A,18.0,5.36,5.39,1.0,0.0,0.0,0.0,0.0,3.0,0.0,0.0,True,storico,Statistiche_Fantacalcio_Stagione_2016_17.xlsx
,537,San one,Sa uolo,A,A,36.0,6.29,6.76,7.0,0.0,0.0,1.0,0.0,8.0,0.0,0.0,True,storico,Statistiche_Fantacalcio_Stagione_2015_16.xlsx
,479,Sanabria,Roma,A,A,0.0,0.0,0.0,0.0,0.0,0.0,0.0,0.0,0.0,0.0,0.0,True,storico,Statistiche_Fantacalcio_Stagione_2015_16.xlsx
,6063,Sanca,Spezia,A,A,1.0,6.0,6.0,0.0,0.0,0.0,0.0,0.0,0.0,0.0,0.0,True,storico,Statistiche_Fantacalcio_Stagione_2022_23.xlsx
,2475,Sanchez,Inter,A,A,17.0,6.44,7.5,4.0,0.0,0.0,1.0,0.0,2.0,0.0,0.0,True,storico,Statistiche_Fantacalcio_Stagione_2019_20.xlsx
,2743,Santander,Bologna,A,A,29.0,6.03,6.9,8.0,0.0,0.0,0.0,0.0,5.0,0.0,0.0,True,storico,Statistiche_Fantacalcio_Stagione_2018_19.xlsx
,6159,Sarr A.,Verona,A,A,29.0,5.86,6.26,4.0,0.0,0.0,0.0,0.0,1.0,0.0,0.0,True,storico,Statistiche_Fantacalcio_Stagione_2024_25.xlsx
,5460,Satriano,Inter,A,A,2.0,6.0,6.0,0.0,0.0,0.0,0.0,0.0,0.0,0.0,0.0,True,storico,Statistiche_Fantacalcio_Stagione_2021_22.xlsx
,1882,Sau,Cagliari,A,A,34.0,5.96,6.59,7.0,0.0,0.0,0.0,0.0,5.0,0.0,0.0,True,storico,Statistiche_Fantacalcio_Stagione_2016_17.xlsx
,2137,Scamacca,Sa uolo,A,A,0.0,0.0,0.0,0.0,0.0,0.0,0.0,0.0,0.0,0.0,0.0,True,storico,Statistiche_Fantacalcio_Stagione_2016_17.xlsx
,4335,Schiappaca e,Parma,A,A,3.0,5.33,5.33,0.0,0.0,0.0,0.0,0.0,0.0,0.0,0.0,True,storico,Statistiche_Fantacalcio_Stagione_2018_19.xlsx
,1974,Schick,Sampdoria,A,A,29.0,6.29,7.5,11.0,0.0,0.0,0.0,0.0,2.0,0.0,0.0,True,storico,Statistiche_Fantacalcio_Stagione_2016_17.xlsx
,5806,Seck,Torino,A,A,3.0,6.0,6.0,0.0,0.0,0.0,0.0,0.0,0.0,0.0,0.0,True,storico,Statistiche_Fantacalcio_Stagione_2021_22.xlsx
,5311,Shomurodov,Genoa,A,A,30.0,6.17,6.98,8.0,0.0,0.0,0.0,0.0,1.0,0.0,0.0,True,storico,Statistiche_Fantacalcio_Stagione_2020_21.xlsx
,6395,Shpendi S.,Empoli,A,A,9.0,5.72,5.72,0.0,0.0,0.0,0.0,0.0,0.0,0.0,0.0,True,storico,Statistiche_Fantacalcio_Stagione_2023_24.xlsx
,637,Siligardi,Verona,A,A,25.0,5.74,5.96,2.0,0.0,0.0,0.0,0.0,1.0,0.0,0.0,True,storico,Statistiche_Fantacalcio_Stagione_2015_16.xlsx
,2061,Simeone,Genoa,A,A,35.0,5.91,6.84,12.0,0.0,0.0,2.0,0.0,3.0,0.0,0.0,True,storico,Statistiche_Fantacalcio_Stagione_2016_17.xlsx
,1997,Simy,Crotone,A,A,15.0,5.7,6.3,3.0,0.0,0.0,0.0,0.0,0.0,0.0,0.0,True,storico,Statistiche_Fantacalcio_Stagione_2016_17.xlsx
,7159,Skjellerup,Sa uolo,A,A,0.0,0.0,0.0,0.0,0.0,0.0,0.0,0.0,0.0,0.0,0.0,True,storico,Statistiche_Fantacalcio_2025_26.xlsx
,4415,Skov Ol en,Bologna,A,A,21.0,5.62,5.76,1.0,0.0,0.0,0.0,0.0,2.0,0.0,0.0,True,storico,Statistiche_Fantacalcio_Stagione_2019_20.xlsx
,4879,Skrabb,Bre cia,A,A,8.0,5.69,5.69,0.0,0.0,0.0,0.0,0.0,1.0,0.0,0.0,True,storico,Statistiche_Fantacalcio_Stagione_2019_20.xlsx
,6119,Solbakken,Roma,A,A,9.0,5.94,6.39,1.0,0.0,0.0,0.0,0.0,2.0,0.0,0.0,True,storico,Statistiche_Fantacalcio_Stagione_2022_23.xlsx
,6380,Solomon,Fiorentina,A,A,13.0,5.96,6.46,2.0,0.0,0.0,0.0,0.0,1.0,0.0,0.0,True,storico,Statistiche_Fantacalcio_2025_26.xlsx
,2839,Sottil,Fiorentina,A,A,0.0,0.0,0.0,0.0,0.0,0.0,0.0,0.0,0.0,0.0,0.0,True,storico,Statistiche_Fantacalcio_Stagione_2018_19.xlsx
,5734,Soule,Juventu,A,A,7.0,6.14,6.57,1.0,0.0,0.0,0.0,0.0,0.0,0.0,0.0,True,storico,Statistiche_Fantacalcio_Stagione_2022_23.xlsx
,2773,Sprocati,Parma,A,A,12.0,5.67,5.92,1.0,0.0,0.0,0.0,0.0,0.0,0.0,0.0,True,storico,Statistiche_Fantacalcio_Stagione_2018_19.xlsx
,2110,Stefan Silva,Palermo,A,A,1.0,6.0,6.0,0.0,0.0,0.0,0.0,0.0,0.0,0.0,0.0,True,storico,Statistiche_Fantacalcio_Stagione_2016_17.xlsx
,2327,Stepin ki,Chievo,A,A,18.0,5.92,6.72,5.0,0.0,0.0,0.0,0.0,1.0,0.0,0.0,True,storico,Statistiche_Fantacalcio_Stagione_2017_18.xlsx
,6427,Stewart,Salernitana,A,A,3.0,5.83,5.83,0.0,0.0,0.0,0.0,0.0,0.0,0.0,0.0,True,storico,Statistiche_Fantacalcio_Stagione_2023_24.xlsx
,7344,Stojilkovic,Pi a,A,A,12.0,5.58,5.58,0.0,0.0,0.0,0.0,0.0,0.0,0.0,0.0,True,storico,Statistiche_Fantacalcio_2025_26.xlsx
,5690,Strelec,Spezia,A,A,9.0,5.67,6.0,1.0,0.0,0.0,0.0,0.0,0.0,0.0,0.0,True,storico,Statistiche_Fantacalcio_Stagione_2021_22.xlsx
,5865,Strizzolo,Cremone e,A,A,0.0,0.0,0.0,0.0,0.0,0.0,0.0,0.0,0.0,0.0,0.0,True,storico,Statistiche_Fantacalcio_Stagione_2022_23.xlsx
,7252,Stulic,Lecce,A,A,30.0,5.73,6.12,4.0,0.0,0.0,1.0,0.0,1.0,0.0,0.0,True,storico,Statistiche_Fantacalcio_2025_26.xlsx
,5676,Succe,Udine e,A,A,19.0,6.26,6.82,2.0,0.0,0.0,0.0,0.0,1.0,0.0,0.0,True,storico,Statistiche_Fantacalcio_Stagione_2021_22.xlsx
,5918,Sulemana K.,Atalanta,A,A,21.0,6.0,6.24,2.0,0.0,0.0,0.0,0.0,4.0,0.0,0.0,True,storico,Statistiche_Fantacalcio_2025_26.xlsx
,5796,Supryaga,Sampdoria,A,A,1.0,5.5,5.5,0.0,0.0,0.0,0.0,0.0,0.0,0.0,0.0,True,storico,Statistiche_Fantacalcio_Stagione_2021_22.xlsx
,6580,Swider ki,Verona,A,A,13.0,6.08,6.54,2.0,0.0,0.0,0.0,0.0,0.0,0.0,0.0,True,storico,Statistiche_Fantacalcio_Stagione_2023_24.xlsx
,5854,T adjout,Cremone e,A,A,18.0,5.92,6.44,3.0,0.0,0.0,0.0,0.0,1.0,0.0,0.0,True,storico,Statistiche_Fantacalcio_Stagione_2022_23.xlsx
,6628,Taremi,Inter,A,A,18.0,5.97,6.22,1.0,0.0,0.0,1.0,0.0,1.0,0.0,0.0,True,storico,Statistiche_Fantacalcio_Stagione_2024_25.xlsx
,6558,Tav an,Verona,A,A,2.0,6.0,6.0,0.0,0.0,0.0,0.0,0.0,0.0,0.0,0.0,True,storico,Statistiche_Fantacalcio_Stagione_2023_24.xlsx
,794,Tello C.,Fiorentina,A,A,15.0,6.17,6.8,2.0,0.0,0.0,0.0,0.0,1.0,0.0,0.0,True,storico,Statistiche_Fantacalcio_Stagione_2015_16.xlsx
,6801,Teng tedt,Verona,A,A,23.0,5.91,6.7,6.0,0.0,0.0,1.0,0.0,2.0,0.0,0.0,True,storico,Statistiche_Fantacalcio_Stagione_2024_25.xlsx
,2873,Teodorczyk,Udine e,A,A,12.0,5.67,5.62,1.0,0.0,0.0,1.0,0.0,1.0,0.0,0.0,True,storico,Statistiche_Fantacalcio_Stagione_2018_19.xlsx
,2369,Thauvin,Udine e,A,A,11.0,5.68,5.68,0.0,0.0,0.0,0.0,0.0,1.0,0.0,0.0,True,storico,Statistiche_Fantacalcio_Stagione_2022_23.xlsx
,606,Thereau,Udine e,A,A,35.0,6.07,7.04,11.0,0.0,0.0,0.0,0.0,2.0,0.0,0.0,True,storico,Statistiche_Fantacalcio_Stagione_2015_16.xlsx
,2112,Thiam,Empoli,A,A,13.0,5.81,6.08,1.0,0.0,0.0,0.0,0.0,1.0,0.0,0.0,True,storico,Statistiche_Fantacalcio_Stagione_2016_17.xlsx
,4871,Thuram,Inter,A,A,35.0,6.54,7.81,13.0,0.0,0.0,0.0,0.0,3.0,0.0,0.0,True,storico,Statistiche_Fantacalcio_Stagione_2023_24.xlsx
,638,Toni,Verona,A,A,23.0,5.93,6.52,6.0,0.0,0.0,4.0,0.0,3.0,0.0,0.0,True,storico,Statistiche_Fantacalcio_Stagione_2015_16.xlsx
,4453,Torregro a,Bre cia,A,A,25.0,6.28,7.04,7.0,0.0,0.0,2.0,0.0,8.0,0.0,0.0,True,storico,Statistiche_Fantacalcio_Stagione_2019_20.xlsx
,1910,Torromino,Crotone,A,A,0.0,0.0,0.0,0.0,0.0,0.0,0.0,0.0,0.0,0.0,0.0,True,storico,Statistiche_Fantacalcio_Stagione_2016_17.xlsx
,480,Totti,Roma,A,A,11.0,6.45,7.95,5.0,0.0,0.0,1.0,0.0,3.0,0.0,0.0,True,storico,Statistiche_Fantacalcio_Stagione_2015_16.xlsx
,6229,Toure' E.,Atalanta,A,A,9.0,6.0,6.56,2.0,0.0,0.0,0.0,0.0,2.0,0.0,0.0,True,storico,Statistiche_Fantacalcio_Stagione_2023_24.xlsx
,448,Trajkov ki,Palermo,A,A,31.0,5.65,5.94,3.0,0.0,0.0,0.0,0.0,2.0,0.0,0.0,True,storico,Statistiche_Fantacalcio_Stagione_2015_16.xlsx
,5415,Traore' C.,Parma,A,A,1.0,5.5,5.5,0.0,0.0,0.0,0.0,0.0,0.0,0.0,0.0,True,storico,Statistiche_Fantacalcio_Stagione_2020_21.xlsx
,7317,Trepy,Cagliari,A,A,3.0,5.67,5.67,0.0,0.0,0.0,0.0,0.0,0.0,0.0,0.0,True,storico,Statistiche_Fantacalcio_2025_26.xlsx
,789,Trotta,Sa uolo,A,A,6.0,5.67,6.17,1.0,0.0,0.0,0.0,0.0,0.0,0.0,0.0,True,storico,Statistiche_Fantacalcio_Stagione_2015_16.xlsx
,778,Tumminello,Crotone,A,A,5.0,6.3,8.3,3.0,0.0,0.0,0.0,0.0,1.0,0.0,0.0,True,storico,Statistiche_Fantacalcio_Stagione_2017_18.xlsx
,767,Tupta,Verona,A,A,2.0,5.75,5.75,0.0,0.0,0.0,0.0,0.0,0.0,0.0,0.0,True,storico,Statistiche_Fantacalcio_Stagione_2017_18.xlsx
,4507,Tutino,Verona,A,A,4.0,5.5,5.5,0.0,0.0,0.0,0.0,0.0,0.0,0.0,0.0,True,storico,Statistiche_Fantacalcio_Stagione_2019_20.xlsx
,5843,Valencia D.,Salernitana,A,A,6.0,5.67,5.58,0.0,0.0,0.0,0.0,0.0,1.0,0.0,0.0,True,storico,Statistiche_Fantacalcio_Stagione_2022_23.xlsx
,5446,Van Hooijdonk,Bologna,A,A,1.0,6.0,6.0,0.0,0.0,0.0,0.0,0.0,0.0,0.0,0.0,True,storico,Statistiche_Fantacalcio_Stagione_2021_22.xlsx
,2499,Vardy,Cremone e,A,A,29.0,5.95,6.62,7.0,0.0,0.0,0.0,0.0,5.0,0.0,0.0,True,storico,Statistiche_Fantacalcio_2025_26.xlsx
,7523,Varela G.,Monza,A,A,0.0,0.0,0.0,0.0,0.0,0.0,0.0,0.0,0.0,0.0,0.0,True,corrente_pre_stagione,Statistiche_Fantacalcio_Stagione_2026_27.xlsx
,411,Varga  E,Napoli,A,A,0.0,0.0,0.0,0.0,0.0,0.0,0.0,0.0,0.0,0.0,0.0,True,storico,Statistiche_Fantacalcio_Stagione_2015_16.xlsx
,6981,Vaz,Roma,A,A,7.0,5.93,6.36,1.0,0.0,0.0,0.0,0.0,0.0,0.0,0.0,True,storico,Statistiche_Fantacalcio_2025_26.xlsx
,449,Vazquez,Palermo,A,A,36.0,6.28,6.9,8.0,0.0,0.0,1.0,0.0,11.0,0.0,0.0,True,storico,Statistiche_Fantacalcio_Stagione_2015_16.xlsx
,215,Verde,Fro inone,A,A,3.0,6.0,6.0,0.0,0.0,0.0,0.0,0.0,0.0,0.0,0.0,True,storico,Statistiche_Fantacalcio_Stagione_2015_16.xlsx
,5360,Vergani,Salernitana,A,A,1.0,5.5,5.5,0.0,0.0,0.0,0.0,0.0,0.0,0.0,0.0,True,storico,Statistiche_Fantacalcio_Stagione_2021_22.xlsx
,7368,Verme an,Verona,A,A,1.0,6.5,6.5,0.0,0.0,0.0,0.0,0.0,0.0,0.0,0.0,True,storico,Statistiche_Fantacalcio_2025_26.xlsx
,2281,Vido,Atalanta,A,A,4.0,5.88,5.88,0.0,0.0,0.0,0.0,0.0,0.0,0.0,0.0,True,storico,Statistiche_Fantacalcio_Stagione_2017_18.xlsx
,6164,Vitinha O.,Genoa,A,A,6.0,6.42,7.33,2.0,0.0,0.0,0.0,0.0,2.0,0.0,0.0,True,storico,Statistiche_Fantacalcio_Stagione_2023_24.xlsx
,6160,Vivaldo,Udine e,A,A,1.0,6.0,6.0,0.0,0.0,0.0,0.0,0.0,0.0,0.0,0.0,True,storico,Statistiche_Fantacalcio_Stagione_2022_23.xlsx
,2791,Vizeu,Udine e,A,A,1.0,5.0,5.0,0.0,0.0,0.0,0.0,0.0,0.0,0.0,0.0,True,storico,Statistiche_Fantacalcio_Stagione_2018_19.xlsx
,2841,Vlahovic,Fiorentina,A,A,4.0,5.62,5.62,0.0,0.0,0.0,0.0,0.0,0.0,0.0,0.0,True,storico,Statistiche_Fantacalcio_Stagione_2018_19.xlsx
,6912,Vlahovic V.,Atalanta,A,A,2.0,6.0,6.0,0.0,0.0,0.0,0.0,0.0,0.0,0.0,0.0,True,storico,Statistiche_Fantacalcio_Stagione_2024_25.xlsx
,5837,Voelkerling Per on,Lecce,A,A,3.0,5.83,5.83,0.0,0.0,0.0,0.0,0.0,0.0,0.0,0.0,True,storico,Statistiche_Fantacalcio_Stagione_2022_23.xlsx
,6172,Vorlicky,Atalanta,A,A,1.0,6.0,6.0,0.0,0.0,0.0,0.0,0.0,0.0,0.0,0.0,True,storico,Statistiche_Fantacalcio_Stagione_2022_23.xlsx
,5477,Warming,Torino,A,A,2.0,6.0,6.0,0.0,0.0,0.0,0.0,0.0,0.0,0.0,0.0,True,storico,Statistiche_Fantacalcio_Stagione_2021_22.xlsx
,6584,Wei man,Salernitana,A,A,11.0,5.73,6.0,1.0,0.0,0.0,0.0,0.0,0.0,0.0,0.0,True,storico,Statistiche_Fantacalcio_Stagione_2023_24.xlsx
,94,Wilczek,Carpi,A,A,3.0,5.67,5.67,0.0,0.0,0.0,0.0,0.0,0.0,0.0,0.0,True,storico,Statistiche_Fantacalcio_Stagione_2015_16.xlsx
,6247,Yalcin,Genoa,A,A,0.0,0.0,0.0,0.0,0.0,0.0,0.0,0.0,0.0,0.0,0.0,True,storico,Statistiche_Fantacalcio_Stagione_2023_24.xlsx
,5755,Yeboah,Genoa,A,A,17.0,5.71,5.71,0.0,0.0,0.0,0.0,0.0,2.0,0.0,0.0,True,storico,Statistiche_Fantacalcio_Stagione_2021_22.xlsx
,6434,Yildiz,Juventu,A,A,21.0,6.05,6.29,2.0,0.0,0.0,0.0,0.0,3.0,0.0,0.0,True,storico,Statistiche_Fantacalcio_Stagione_2023_24.xlsx
,2776,Youne,Napoli,A,A,11.0,6.27,7.23,3.0,0.0,0.0,0.0,0.0,1.0,0.0,0.0,True,storico,Statistiche_Fantacalcio_Stagione_2018_19.xlsx
,2842,Zanimacchia,Genoa,A,A,0.0,0.0,0.0,0.0,0.0,0.0,0.0,0.0,0.0,0.0,0.0,True,storico,Statistiche_Fantacalcio_Stagione_2018_19.xlsx
,607,Zapata A,Udine e,A,A,0.0,0.0,0.0,0.0,0.0,0.0,0.0,0.0,0.0,0.0,0.0,True,storico,Statistiche_Fantacalcio_Stagione_2015_16.xlsx
,608,Zapata D.,Udine e,A,A,24.0,6.06,7.04,8.0,0.0,0.0,0.0,0.0,6.0,0.0,0.0,True,storico,Statistiche_Fantacalcio_Stagione_2015_16.xlsx
,792,Zarate,Fiorentina,A,A,13.0,6.27,6.81,3.0,0.0,0.0,0.0,0.0,2.0,0.0,0.0,True,storico,Statistiche_Fantacalcio_Stagione_2015_16.xlsx
,315,Zaza,Juventu,A,A,17.0,5.91,6.59,5.0,0.0,0.0,0.0,0.0,6.0,0.0,0.0,True,storico,Statistiche_Fantacalcio_Stagione_2015_16.xlsx
,2207,Zekhnini,Fiorentina,A,A,0.0,0.0,0.0,0.0,0.0,0.0,0.0,0.0,0.0,0.0,0.0,True,storico,Statistiche_Fantacalcio_Stagione_2017_18.xlsx
,5086,Zirkzee,Parma,A,A,3.0,5.5,5.5,0.0,0.0,0.0,0.0,0.0,0.0,0.0,0.0,True,storico,Statistiche_Fantacalcio_Stagione_2020_21.xlsx
,295,A amoah,Juventu,C,C,8.0,6.31,6.38,0.0,0.0,0.0,0.0,0.0,1.0,0.0,0.0,True,storico,Statistiche_Fantacalcio_Stagione_2015_16.xlsx
,4178,A cacibar,Cremone e,C,C,13.0,6.04,6.0,0.0,0.0,0.0,0.0,0.0,1.0,0.0,0.0,True,storico,Statistiche_Fantacalcio_Stagione_2022_23.xlsx
,4921,A kild en,Sampdoria,C,C,3.0,6.0,6.67,1.0,0.0,0.0,0.0,0.0,0.0,0.0,0.0,True,storico,Statistiche_Fantacalcio_Stagione_2019_20.xlsx
,5719,A llani,Empoli,C,C,18.0,6.0,6.17,1.0,0.0,0.0,0.0,0.0,2.0,0.0,0.0,True,storico,Statistiche_Fantacalcio_Stagione_2021_22.xlsx
,2661,Aaron,Verona,C,C,10.0,5.4,5.4,0.0,0.0,0.0,0.0,0.0,0.0,0.0,0.0,True,storico,Statistiche_Fantacalcio_Stagione_2017_18.xlsx
,6162,Abildgaard,Verona,C,C,9.0,5.61,5.5,0.0,0.0,0.0,0.0,0.0,2.0,0.0,0.0,True,storico,Statistiche_Fantacalcio_Stagione_2022_23.xlsx
,4986,Acampora,Spezia,C,C,9.0,5.94,5.83,0.0,0.0,0.0,0.0,0.0,2.0,0.0,0.0,True,storico,Statistiche_Fantacalcio_Stagione_2020_21.xlsx
,6012,Acella,Cremone e,C,C,1.0,6.0,6.0,0.0,0.0,0.0,0.0,0.0,0.0,0.0,0.0,True,storico,Statistiche_Fantacalcio_Stagione_2022_23.xlsx
,555,Acquah,Torino,C,C,29.0,5.97,6.09,2.0,0.0,0.0,0.0,0.0,9.0,0.0,0.0,True,storico,Statistiche_Fantacalcio_Stagione_2015_16.xlsx
,5875,Adli,Milan,C,C,4.0,5.62,5.5,0.0,0.0,0.0,0.0,0.0,1.0,0.0,0.0,True,storico,Statistiche_Fantacalcio_Stagione_2022_23.xlsx
,2703,Adrien Silva,Sampdoria,C,C,23.0,5.93,5.96,1.0,0.0,0.0,0.0,0.0,6.0,0.0,0.0,True,storico,Statistiche_Fantacalcio_Stagione_2020_21.xlsx
,6677,Adzic,Juventu,C,C,1.0,6.0,6.0,0.0,0.0,0.0,0.0,0.0,0.0,0.0,0.0,True,storico,Statistiche_Fantacalcio_Stagione_2024_25.xlsx
,5784,Aebi cher,Bologna,C,C,8.0,5.88,5.81,0.0,0.0,0.0,0.0,0.0,1.0,0.0,0.0,True,storico,Statistiche_Fantacalcio_Stagione_2021_22.xlsx
,4411,Agoume,Inter,C,C,2.0,6.0,5.75,0.0,0.0,0.0,0.0,0.0,1.0,0.0,0.0,True,storico,Statistiche_Fantacalcio_Stagione_2019_20.xlsx
,4515,Agudelo,Fiorentina,C,C,10.0,5.85,5.9,1.0,0.0,0.0,0.0,0.0,3.0,0.0,0.0,True,storico,Statistiche_Fantacalcio_Stagione_2019_20.xlsx
,6593,Akin anmiro,Pi a,C,C,23.0,5.8,5.8,0.0,0.0,0.0,0.0,0.0,2.0,0.0,0.0,True,storico,Statistiche_Fantacalcio_2025_26.xlsx
,5286,Akpa Akpro,Lazio,C,C,25.0,5.96,5.82,0.0,0.0,0.0,0.0,0.0,9.0,0.0,0.0,True,storico,Statistiche_Fantacalcio_Stagione_2020_21.xlsx
,7010,Al-Mu rati,Verona,C,C,14.0,5.71,5.57,0.0,0.0,0.0,0.0,0.0,4.0,0.0,0.0,True,storico,Statistiche_Fantacalcio_2025_26.xlsx
,7436,Alajbegovic,Juventu,C,C,0.0,0.0,0.0,0.0,0.0,0.0,0.0,0.0,0.0,0.0,0.0,True,corrente_pre_stagione,Statistiche_Fantacalcio_Stagione_2026_27.xlsx
,6573,Alcaraz,Juventu,C,C,7.0,5.93,6.07,0.0,0.0,0.0,0.0,0.0,0.0,0.0,0.0,True,storico,Statistiche_Fantacalcio_Stagione_2023_24.xlsx
,6048,Alidou,Verona,C,C,2.0,5.5,5.5,0.0,0.0,0.0,0.0,0.0,0.0,0.0,0.0,True,storico,Statistiche_Fantacalcio_Stagione_2024_25.xlsx
,397,Allan,Napoli,C,C,35.0,6.39,6.7,3.0,0.0,0.0,0.0,0.0,4.0,0.0,0.0,True,storico,Statistiche_Fantacalcio_Stagione_2015_16.xlsx
,2553,Alli,Como,C,C,1.0,4.5,3.5,0.0,0.0,0.0,0.0,0.0,0.0,0.0,0.0,True,storico,Statistiche_Fantacalcio_Stagione_2024_25.xlsx
,201,Altobelli,Fro inone,C,C,0.0,0.0,0.0,0.0,0.0,0.0,0.0,0.0,0.0,0.0,0.0,True,storico,Statistiche_Fantacalcio_Stagione_2015_16.xlsx
,775,Alvarez R,Sampdoria,C,C,13.0,6.0,6.23,1.0,0.0,0.0,0.0,0.0,2.0,0.0,0.0,True,storico,Statistiche_Fantacalcio_Stagione_2015_16.xlsx
,6236,Amatucci,Fiorentina,C,C,1.0,5.5,5.5,0.0,0.0,0.0,0.0,0.0,0.0,0.0,0.0,True,storico,Statistiche_Fantacalcio_Stagione_2023_24.xlsx
,4693,Amiri,Genoa,C,C,12.0,6.04,6.12,0.0,0.0,0.0,0.0,0.0,0.0,0.0,0.0,True,storico,Statistiche_Fantacalcio_Stagione_2021_22.xlsx
,7528,Amondarain,Bologna,C,C,0.0,0.0,0.0,0.0,0.0,0.0,0.0,0.0,0.0,0.0,0.0,True,corrente_pre_stagione,Statistiche_Fantacalcio_Stagione_2026_27.xlsx
,7341,Amorim,Genoa,C,C,9.0,5.72,5.67,0.0,0.0,0.0,0.0,0.0,1.0,0.0,0.0,True,storico,Statistiche_Fantacalcio_2025_26.xlsx
,4522,Amrabat,Verona,C,C,34.0,6.29,6.21,1.0,0.0,0.0,1.0,0.0,10.0,0.0,0.0,True,storico,Statistiche_Fantacalcio_Stagione_2019_20.xlsx
,6674,Ander en M.K.,Venezia,C,C,13.0,5.96,6.23,1.0,0.0,0.0,0.0,0.0,1.0,0.0,0.0,True,storico,Statistiche_Fantacalcio_Stagione_2024_25.xlsx
,4389,Ander on A.,Lazio,C,C,3.0,5.67,5.67,0.0,0.0,0.0,0.0,0.0,0.0,0.0,0.0,True,storico,Statistiche_Fantacalcio_Stagione_2019_20.xlsx
,4390,Ander on D.,Lazio,C,C,3.0,5.83,5.67,0.0,0.0,0.0,0.0,0.0,1.0,0.0,0.0,True,storico,Statistiche_Fantacalcio_Stagione_2019_20.xlsx
,6889,Anjorin,Empoli,C,C,22.0,6.3,6.64,2.0,0.0,0.0,0.0,0.0,3.0,0.0,0.0,True,storico,Statistiche_Fantacalcio_Stagione_2024_25.xlsx
,4142,Aouar,Roma,C,C,13.0,5.92,6.73,4.0,0.0,0.0,0.0,0.0,3.0,0.0,0.0,True,storico,Statistiche_Fantacalcio_Stagione_2023_24.xlsx
,2074,Aquilani,Sa uolo,C,C,23.0,5.65,5.7,1.0,0.0,0.0,0.0,0.0,4.0,0.0,0.0,True,storico,Statistiche_Fantacalcio_Stagione_2016_17.xlsx
,5287,Ar lan,Udine e,C,C,29.0,5.91,6.07,3.0,0.0,0.0,0.0,0.0,9.0,0.0,0.0,True,storico,Statistiche_Fantacalcio_Stagione_2020_21.xlsx
,1980,Aramu,Torino,C,C,1.0,5.5,5.5,0.0,0.0,0.0,0.0,0.0,0.0,0.0,0.0,True,storico,Statistiche_Fantacalcio_Stagione_2016_17.xlsx
,7151,Arena,Pi a,C,C,0.0,0.0,0.0,0.0,0.0,0.0,0.0,0.0,0.0,0.0,0.0,True,storico,Statistiche_Fantacalcio_2025_26.xlsx
,2262,Arini,SPAL,C,C,0.0,0.0,0.0,0.0,0.0,0.0,0.0,0.0,0.0,0.0,0.0,True,storico,Statistiche_Fantacalcio_Stagione_2017_18.xlsx
,4285,Arthur,Juventu,C,C,20.0,6.02,6.1,1.0,0.0,0.0,0.0,0.0,3.0,0.0,0.0,True,storico,Statistiche_Fantacalcio_Stagione_2020_21.xlsx
,6908,Atta,Udine e,C,C,23.0,6.0,5.89,0.0,0.0,0.0,0.0,0.0,5.0,0.0,0.0,True,storico,Statistiche_Fantacalcio_Stagione_2024_25.xlsx
,556,Ba elli,Torino,C,C,33.0,6.21,6.52,4.0,0.0,0.0,0.0,0.0,6.0,0.0,0.0,True,storico,Statistiche_Fantacalcio_Stagione_2015_16.xlsx
,5674,Ba ic,Lazio,C,C,20.0,5.85,5.88,0.0,0.0,0.0,0.0,0.0,3.0,0.0,0.0,True,storico,Statistiche_Fantacalcio_Stagione_2021_22.xlsx
,5331,Ba it,Benevento,C,C,0.0,0.0,0.0,0.0,0.0,0.0,0.0,0.0,0.0,0.0,0.0,True,storico,Statistiche_Fantacalcio_Stagione_2020_21.xlsx
,2072,Ba tien,Chievo,C,C,12.0,5.67,5.92,1.0,0.0,0.0,0.0,0.0,0.0,0.0,0.0,True,storico,Statistiche_Fantacalcio_Stagione_2016_17.xlsx
,170,Badelj,Fiorentina,C,C,27.0,6.0,5.98,1.0,0.0,0.0,0.0,0.0,7.0,0.0,0.0,True,storico,Statistiche_Fantacalcio_Stagione_2015_16.xlsx
,589,Badu,Udine e,C,C,33.0,6.11,6.41,4.0,0.0,0.0,0.0,0.0,6.0,0.0,0.0,True,storico,Statistiche_Fantacalcio_Stagione_2015_16.xlsx
,2670,Bailey,Roma,C,C,5.0,5.7,5.7,0.0,0.0,0.0,0.0,0.0,0.0,0.0,0.0,True,storico,Statistiche_Fantacalcio_2025_26.xlsx
,5451,Bajrami,Empoli,C,C,34.0,6.25,6.88,6.0,0.0,0.0,3.0,0.0,3.0,0.0,0.0,True,storico,Statistiche_Fantacalcio_Stagione_2021_22.xlsx
,2639,Bakayoko,Milan,C,C,29.0,6.02,6.05,1.0,0.0,0.0,0.0,0.0,5.0,0.0,0.0,True,storico,Statistiche_Fantacalcio_Stagione_2018_19.xlsx
,171,Bakic,Fiorentina,C,C,0.0,0.0,0.0,0.0,0.0,0.0,0.0,0.0,0.0,0.0,0.0,True,storico,Statistiche_Fantacalcio_Stagione_2015_16.xlsx
,7036,Bakola,Sa uolo,C,C,3.0,6.17,6.17,0.0,0.0,0.0,0.0,0.0,0.0,0.0,0.0,True,storico,Statistiche_Fantacalcio_2025_26.xlsx
,5823,Baldanzi,Empoli,C,C,26.0,6.15,6.58,4.0,0.0,0.0,0.0,0.0,2.0,0.0,0.0,True,storico,Statistiche_Fantacalcio_Stagione_2022_23.xlsx
,4919,Baldur on,Bologna,C,C,5.0,5.7,5.5,0.0,0.0,0.0,0.0,0.0,2.0,0.0,0.0,True,storico,Statistiche_Fantacalcio_Stagione_2020_21.xlsx
,813,Balic,Udine e,C,C,0.0,0.0,0.0,0.0,0.0,0.0,0.0,0.0,0.0,0.0,0.0,True,storico,Statistiche_Fantacalcio_Stagione_2015_16.xlsx
,2253,Bandinelli,Sa uolo,C,C,0.0,0.0,0.0,0.0,0.0,0.0,0.0,0.0,0.0,0.0,0.0,True,storico,Statistiche_Fantacalcio_Stagione_2017_18.xlsx
,1929,Banega,Inter,C,C,24.0,6.19,7.15,6.0,0.0,0.0,0.0,0.0,2.0,0.0,0.0,True,storico,Statistiche_Fantacalcio_Stagione_2016_17.xlsx
,2172,Barak,Udine e,C,C,34.0,6.03,6.69,7.0,0.0,0.0,0.0,0.0,5.0,0.0,0.0,True,storico,Statistiche_Fantacalcio_Stagione_2017_18.xlsx
,1901,Barberi,Crotone,C,C,26.0,5.92,5.98,0.0,0.0,0.0,0.0,0.0,3.0,0.0,0.0,True,storico,Statistiche_Fantacalcio_Stagione_2016_17.xlsx
,1870,Barella,Cagliari,C,C,26.0,5.87,5.71,0.0,0.0,0.0,0.0,0.0,9.0,0.0,0.0,True,storico,Statistiche_Fantacalcio_Stagione_2016_17.xlsx
,2802,Barilla,Parma,C,C,31.0,5.89,6.08,3.0,0.0,0.0,0.0,0.0,10.0,0.0,0.0,True,storico,Statistiche_Fantacalcio_Stagione_2018_19.xlsx
,6175,Barrenechea,Juventu,C,C,3.0,5.5,5.5,0.0,0.0,0.0,0.0,0.0,0.0,0.0,0.0,True,storico,Statistiche_Fantacalcio_Stagione_2022_23.xlsx
,494,Barreto,Sampdoria,C,C,28.0,5.59,5.57,0.0,0.0,0.0,0.0,0.0,3.0,0.0,0.0,True,storico,Statistiche_Fantacalcio_Stagione_2015_16.xlsx
,4987,Bartolomei,Spezia,C,C,5.0,5.9,6.0,0.0,0.0,0.0,0.0,0.0,1.0,0.0,0.0,True,storico,Statistiche_Fantacalcio_Stagione_2020_21.xlsx
,7126,Baturina,Como,C,C,25.0,6.3,7.14,6.0,0.0,0.0,0.0,0.0,0.0,0.0,0.0,True,storico,Statistiche_Fantacalcio_2025_26.xlsx
,2846,Baumgartner,Sampdoria,C,C,0.0,0.0,0.0,0.0,0.0,0.0,0.0,0.0,0.0,0.0,0.0,True,storico,Statistiche_Fantacalcio_Stagione_2018_19.xlsx
,264,Be a,Genoa,C,C,25.0,5.82,6.16,3.0,0.0,0.0,0.0,0.0,5.0,0.0,0.0,True,storico,Statistiche_Fantacalcio_Stagione_2017_18.xlsx
,2105,Beghetto,Genoa,C,C,3.0,5.5,5.5,0.0,0.0,0.0,0.0,0.0,0.0,0.0,0.0,True,storico,Statistiche_Fantacalcio_Stagione_2016_17.xlsx
,2302,Behrami,Udine e,C,C,20.0,6.08,6.1,1.0,0.0,0.0,0.0,0.0,5.0,0.0,0.0,True,storico,Statistiche_Fantacalcio_Stagione_2017_18.xlsx
,6191,Belahyane,Verona,C,C,2.0,6.25,6.25,0.0,0.0,0.0,0.0,0.0,0.0,0.0,0.0,True,storico,Statistiche_Fantacalcio_Stagione_2023_24.xlsx
,6203,Belardinelli,Empoli,C,C,0.0,0.0,0.0,0.0,0.0,0.0,0.0,0.0,0.0,0.0,0.0,True,storico,Statistiche_Fantacalcio_Stagione_2023_24.xlsx
,6655,Bellemo,Como,C,C,0.0,0.0,0.0,0.0,0.0,0.0,0.0,0.0,0.0,0.0,0.0,True,storico,Statistiche_Fantacalcio_Stagione_2024_25.xlsx
,110,Bellomo,Chievo,C,C,0.0,0.0,0.0,0.0,0.0,0.0,0.0,0.0,0.0,0.0,0.0,True,storico,Statistiche_Fantacalcio_Stagione_2015_16.xlsx
,4362,Beloko,Fiorentina,C,C,0.0,0.0,0.0,0.0,0.0,0.0,0.0,0.0,0.0,0.0,0.0,True,storico,Statistiche_Fantacalcio_Stagione_2019_20.xlsx
,557,Bena i,Torino,C,C,28.0,6.07,6.3,3.0,0.0,0.0,0.0,0.0,7.0,0.0,0.0,True,storico,Statistiche_Fantacalcio_Stagione_2015_16.xlsx
,428,Benali,Palermo,C,C,0.0,0.0,0.0,0.0,0.0,0.0,0.0,0.0,0.0,0.0,0.0,True,storico,Statistiche_Fantacalcio_Stagione_2015_16.xlsx
,2818,Bennacer,Empoli,C,C,35.0,5.9,5.86,0.0,0.0,0.0,0.0,0.0,7.0,0.0,0.0,True,storico,Statistiche_Fantacalcio_Stagione_2018_19.xlsx
,2166,Bentancur,Juventu,C,C,11.0,5.82,5.82,0.0,0.0,0.0,0.0,0.0,0.0,0.0,0.0,True,storico,Statistiche_Fantacalcio_Stagione_2017_18.xlsx
,2205,Berenguer,Torino,C,C,18.0,5.92,6.22,1.0,0.0,0.0,0.0,0.0,1.0,0.0,0.0,True,storico,Statistiche_Fantacalcio_Stagione_2017_18.xlsx
,6015,Beri ha M.,Lecce,C,C,14.0,6.07,5.96,0.0,0.0,0.0,0.0,0.0,5.0,0.0,0.0,True,storico,Statistiche_Fantacalcio_Stagione_2024_25.xlsx
,2771,Beri ha V.,Lazio,C,C,5.0,6.0,6.0,0.0,0.0,0.0,0.0,0.0,0.0,0.0,0.0,True,storico,Statistiche_Fantacalcio_Stagione_2018_19.xlsx
,6666,Bernabe,Parma,C,C,19.0,6.29,6.47,1.0,0.0,0.0,0.0,0.0,1.0,0.0,0.0,True,storico,Statistiche_Fantacalcio_Stagione_2024_25.xlsx
,7028,Bernede,Verona,C,C,12.0,5.79,5.96,1.0,0.0,0.0,0.0,0.0,2.0,0.0,0.0,True,storico,Statistiche_Fantacalcio_Stagione_2024_25.xlsx
,5442,Bertini,Lazio,C,C,0.0,0.0,0.0,0.0,0.0,0.0,0.0,0.0,0.0,0.0,0.0,True,storico,Statistiche_Fantacalcio_Stagione_2022_23.xlsx
,366,Bertolacci,Milan,C,C,25.0,5.76,5.8,1.0,0.0,0.0,0.0,0.0,6.0,0.0,0.0,True,storico,Statistiche_Fantacalcio_Stagione_2015_16.xlsx
,4445,Bi oli,Bre cia,C,C,25.0,5.88,5.92,1.0,0.0,0.0,0.0,0.0,6.0,0.0,0.0,True,storico,Statistiche_Fantacalcio_Stagione_2019_20.xlsx
,5886,Bi trovic,Lecce,C,C,10.0,5.8,5.8,0.0,0.0,0.0,0.0,0.0,0.0,0.0,0.0,True,storico,Statistiche_Fantacalcio_Stagione_2022_23.xlsx
,5516,Bianco,Fiorentina,C,C,0.0,0.0,0.0,0.0,0.0,0.0,0.0,0.0,0.0,0.0,0.0,True,storico,Statistiche_Fantacalcio_Stagione_2021_22.xlsx
,80,Bianco R.,Carpi,C,C,26.0,5.96,6.02,1.0,0.0,0.0,0.0,0.0,5.0,0.0,0.0,True,storico,Statistiche_Fantacalcio_Stagione_2015_16.xlsx
,2157,Biancu,Cagliari,C,C,0.0,0.0,0.0,0.0,0.0,0.0,0.0,0.0,0.0,0.0,0.0,True,storico,Statistiche_Fantacalcio_Stagione_2019_20.xlsx
,331,Biglia,Lazio,C,C,27.0,6.33,6.65,4.0,0.0,0.0,2.0,0.0,9.0,0.0,0.0,True,storico,Statistiche_Fantacalcio_Stagione_2015_16.xlsx
,6969,Billing,Napoli,C,C,6.0,5.92,6.33,1.0,0.0,0.0,0.0,0.0,1.0,0.0,0.0,True,storico,Statistiche_Fantacalcio_Stagione_2024_25.xlsx
,524,Biondini,Sa uolo,C,C,19.0,5.97,5.89,0.0,0.0,0.0,0.0,0.0,3.0,0.0,0.0,True,storico,Statistiche_Fantacalcio_Stagione_2015_16.xlsx
,111,Bir a,Chievo,C,C,35.0,6.14,6.71,6.0,0.0,0.0,3.0,0.0,4.0,0.0,0.0,True,storico,Statistiche_Fantacalcio_Stagione_2015_16.xlsx
,5485,Bjarka on,Venezia,C,C,0.0,0.0,0.0,0.0,0.0,0.0,0.0,0.0,0.0,0.0,0.0,True,storico,Statistiche_Fantacalcio_Stagione_2021_22.xlsx
,4880,Bjarna on,Bre cia,C,C,13.0,5.65,5.62,0.0,0.0,0.0,0.0,0.0,1.0,0.0,0.0,True,storico,Statistiche_Fantacalcio_Stagione_2019_20.xlsx
,5868,Bjorkengren,Lecce,C,C,0.0,0.0,0.0,0.0,0.0,0.0,0.0,0.0,0.0,0.0,0.0,True,storico,Statistiche_Fantacalcio_Stagione_2022_23.xlsx
,710,Bla zczykow ki,Fiorentina,C,C,11.0,5.86,6.36,2.0,0.0,0.0,0.0,0.0,1.0,0.0,0.0,True,storico,Statistiche_Fantacalcio_Stagione_2015_16.xlsx
,5869,Blin,Lecce,C,C,34.0,5.94,5.91,1.0,0.0,0.0,0.0,0.0,8.0,0.0,0.0,True,storico,Statistiche_Fantacalcio_Stagione_2022_23.xlsx
,771,Boateng,Milan,C,C,6.0,6.0,6.42,1.0,0.0,0.0,0.0,0.0,1.0,0.0,0.0,True,storico,Statistiche_Fantacalcio_Stagione_2015_16.xlsx
,2832,Boga,Sa uolo,C,C,24.0,6.15,6.56,3.0,0.0,0.0,0.0,0.0,0.0,0.0,0.0,True,storico,Statistiche_Fantacalcio_Stagione_2018_19.xlsx
,5798,Bohinen,Salernitana,C,C,10.0,5.95,5.8,0.0,0.0,0.0,0.0,0.0,5.0,0.0,0.0,True,storico,Statistiche_Fantacalcio_Stagione_2021_22.xlsx
,6219,Boloca,Sa uolo,C,C,30.0,5.85,5.82,1.0,0.0,0.0,0.0,0.0,6.0,0.0,0.0,True,storico,Statistiche_Fantacalcio_Stagione_2023_24.xlsx
,429,Bolzoni,Palermo,C,C,0.0,0.0,0.0,0.0,0.0,0.0,0.0,0.0,0.0,0.0,0.0,True,storico,Statistiche_Fantacalcio_Stagione_2015_16.xlsx
,367,Bonaventura,Milan,C,C,33.0,6.26,6.89,6.0,0.0,0.0,0.0,0.0,8.0,0.0,0.0,True,storico,Statistiche_Fantacalcio_Stagione_2015_16.xlsx
,5992,Bondo,Monza,C,C,2.0,5.75,5.5,0.0,0.0,0.0,0.0,0.0,1.0,0.0,0.0,True,storico,Statistiche_Fantacalcio_Stagione_2022_23.xlsx
,172,Borja Valero,Fiorentina,C,C,37.0,6.42,6.84,4.0,0.0,0.0,0.0,0.0,5.0,0.0,0.0,True,storico,Statistiche_Fantacalcio_Stagione_2015_16.xlsx
,5467,Boultam,Salernitana,C,C,0.0,0.0,0.0,0.0,0.0,0.0,0.0,0.0,0.0,0.0,0.0,True,storico,Statistiche_Fantacalcio_Stagione_2021_22.xlsx
,2825,Bourabia,Sa uolo,C,C,31.0,5.82,5.77,1.0,0.0,0.0,0.0,0.0,7.0,0.0,0.0,True,storico,Statistiche_Fantacalcio_Stagione_2018_19.xlsx
,296,Bouy,Palermo,C,C,1.0,5.5,5.0,0.0,0.0,0.0,0.0,0.0,1.0,0.0,0.0,True,storico,Statistiche_Fantacalcio_Stagione_2016_17.xlsx
,5423,Bove,Roma,C,C,0.0,0.0,0.0,0.0,0.0,0.0,0.0,0.0,0.0,0.0,0.0,True,storico,Statistiche_Fantacalcio_Stagione_2020_21.xlsx
,2854,Bradaric F.,Cagliari,C,C,23.0,5.65,5.5,0.0,0.0,0.0,0.0,0.0,5.0,0.0,1.0,True,storico,Statistiche_Fantacalcio_Stagione_2018_19.xlsx
,6656,Braunoder,Como,C,C,4.0,5.12,4.75,0.0,0.0,0.0,0.0,0.0,1.0,0.0,0.0,True,storico,Statistiche_Fantacalcio_Stagione_2024_25.xlsx
,4947,Bre cianini,Fro inone,C,C,35.0,6.09,6.44,4.0,0.0,0.0,0.0,0.0,1.0,0.0,0.0,True,storico,Statistiche_Fantacalcio_Stagione_2023_24.xlsx
,55,Brienza,Bologna,C,C,26.0,6.08,6.52,3.0,0.0,0.0,0.0,0.0,1.0,0.0,0.0,True,storico,Statistiche_Fantacalcio_Stagione_2015_16.xlsx
,56,Brighi,Bologna,C,C,20.0,5.92,5.85,0.0,0.0,0.0,0.0,0.0,3.0,0.0,0.0,True,storico,Statistiche_Fantacalcio_Stagione_2015_16.xlsx
,145,Brillante,Empoli,C,C,0.0,0.0,0.0,0.0,0.0,0.0,0.0,0.0,0.0,0.0,0.0,True,storico,Statistiche_Fantacalcio_Stagione_2015_16.xlsx
,2314,Brlek,Genoa,C,C,4.0,5.5,5.38,0.0,0.0,0.0,0.0,0.0,1.0,0.0,0.0,True,storico,Statistiche_Fantacalcio_Stagione_2017_18.xlsx
,265,Brozovic,Inter,C,C,30.0,6.02,6.43,4.0,0.0,0.0,0.0,0.0,7.0,0.0,0.0,True,storico,Statistiche_Fantacalcio_Stagione_2015_16.xlsx
,430,Brugman,Palermo,C,C,13.0,5.77,5.69,0.0,0.0,0.0,0.0,0.0,2.0,0.0,0.0,True,storico,Statistiche_Fantacalcio_Stagione_2015_16.xlsx
,5317,Brunetta,Parma,C,C,11.0,5.95,6.27,1.0,0.0,0.0,0.0,0.0,3.0,0.0,0.0,True,storico,Statistiche_Fantacalcio_Stagione_2020_21.xlsx
,1954,Bruno,Pe cara,C,C,15.0,5.8,5.6,0.0,0.0,0.0,0.0,0.0,6.0,0.0,0.0,True,storico,Statistiche_Fantacalcio_Stagione_2016_17.xlsx
,590,Bruno Fernande,Udine e,C,C,31.0,5.97,6.15,3.0,0.0,0.0,2.0,0.0,7.0,0.0,0.0,True,storico,Statistiche_Fantacalcio_Stagione_2015_16.xlsx
,2079,Bruno Henrique,Palermo,C,C,32.0,5.78,5.83,1.0,0.0,0.0,0.0,0.0,7.0,0.0,0.0,True,storico,Statistiche_Fantacalcio_Stagione_2016_17.xlsx
,2332,Bruno Jordao,Lazio,C,C,0.0,0.0,0.0,0.0,0.0,0.0,0.0,0.0,0.0,0.0,0.0,True,storico,Statistiche_Fantacalcio_Stagione_2017_18.xlsx
,5507,Bu io,Venezia,C,C,28.0,5.88,5.88,1.0,0.0,0.0,0.0,0.0,8.0,0.0,0.0,True,storico,Statistiche_Fantacalcio_Stagione_2021_22.xlsx
,6532,Buchanan,Inter,C,C,7.0,6.07,6.5,1.0,0.0,0.0,0.0,0.0,0.0,0.0,0.0,True,storico,Statistiche_Fantacalcio_Stagione_2023_24.xlsx
,297,Buchel,Empoli,C,C,26.0,6.08,6.15,2.0,0.0,0.0,0.0,0.0,10.0,0.0,0.0,True,storico,Statistiche_Fantacalcio_Stagione_2015_16.xlsx
,2877,Burruchaga,Chievo,C,C,1.0,6.0,6.0,0.0,0.0,0.0,0.0,0.0,0.0,0.0,0.0,True,storico,Statistiche_Fantacalcio_Stagione_2018_19.xlsx
,6839,Byar,Bologna,C,C,0.0,0.0,0.0,0.0,0.0,0.0,0.0,0.0,0.0,0.0,0.0,True,storico,Statistiche_Fantacalcio_Stagione_2024_25.xlsx
,6834,Ca a,Atalanta,C,C,0.0,0.0,0.0,0.0,0.0,0.0,0.0,0.0,0.0,0.0,0.0,True,storico,Statistiche_Fantacalcio_Stagione_2024_25.xlsx
,5888,Ca adei,Inter,C,C,0.0,0.0,0.0,0.0,0.0,0.0,0.0,0.0,0.0,0.0,0.0,True,storico,Statistiche_Fantacalcio_Stagione_2022_23.xlsx
,2213,Ca ata,Sa uolo,C,C,7.0,5.79,5.93,1.0,0.0,0.0,0.0,0.0,3.0,0.0,0.0,True,storico,Statistiche_Fantacalcio_Stagione_2017_18.xlsx
,5863,Ca tagnetti,Cremone e,C,C,24.0,5.88,5.88,0.0,0.0,0.0,0.0,0.0,2.0,0.0,0.0,True,storico,Statistiche_Fantacalcio_Stagione_2022_23.xlsx
,112,Ca tro,Chievo,C,C,33.0,6.08,6.21,3.0,0.0,0.0,0.0,0.0,9.0,0.0,0.0,True,storico,Statistiche_Fantacalcio_Stagione_2015_16.xlsx
,4377,Ca trovilli,Fiorentina,C,C,33.0,6.35,6.53,3.0,0.0,0.0,0.0,0.0,10.0,0.0,0.0,True,storico,Statistiche_Fantacalcio_Stagione_2019_20.xlsx
,2054,Cabeza,Atalanta,C,C,1.0,6.0,6.0,0.0,0.0,0.0,0.0,0.0,0.0,0.0,0.0,True,storico,Statistiche_Fantacalcio_Stagione_2016_17.xlsx
,7060,Cacciamani,Torino,C,C,1.0,6.0,6.0,0.0,0.0,0.0,0.0,0.0,0.0,0.0,0.0,True,storico,Statistiche_Fantacalcio_Stagione_2024_25.xlsx
,6402,Caju te,Napoli,C,C,22.0,5.8,5.68,0.0,0.0,0.0,0.0,0.0,7.0,0.0,0.0,True,storico,Statistiche_Fantacalcio_Stagione_2023_24.xlsx
,2194,Calhanoglu,Milan,C,C,31.0,6.21,6.81,6.0,0.0,0.0,0.0,0.0,5.0,0.0,0.0,True,storico,Statistiche_Fantacalcio_Stagione_2017_18.xlsx
,2725,Caligara,Cagliari,C,C,0.0,0.0,0.0,0.0,0.0,0.0,0.0,0.0,0.0,0.0,0.0,True,storico,Statistiche_Fantacalcio_Stagione_2018_19.xlsx
,2760,Callegari,Genoa,C,C,0.0,0.0,0.0,0.0,0.0,0.0,0.0,0.0,0.0,0.0,0.0,True,storico,Statistiche_Fantacalcio_Stagione_2018_19.xlsx
,2642,Calvano,Verona,C,C,13.0,5.81,5.77,0.0,0.0,0.0,0.0,0.0,1.0,0.0,0.0,True,storico,Statistiche_Fantacalcio_Stagione_2017_18.xlsx
,7472,Calò,Fro inone,C,C,0.0,0.0,0.0,0.0,0.0,0.0,0.0,0.0,0.0,0.0,0.0,True,corrente_pre_stagione,Statistiche_Fantacalcio_Stagione_2026_27.xlsx
,7392,Camara A.,Udine e,C,C,0.0,0.0,0.0,0.0,0.0,0.0,0.0,0.0,0.0,0.0,0.0,True,corrente_pre_stagione,Statistiche_Fantacalcio_Stagione_2026_27.xlsx
,5421,Camara D.,Parma,C,C,0.0,0.0,0.0,0.0,0.0,0.0,0.0,0.0,0.0,0.0,0.0,True,storico,Statistiche_Fantacalcio_Stagione_2020_21.xlsx
,6221,Camara E.,Udine e,C,C,0.0,0.0,0.0,0.0,0.0,0.0,0.0,0.0,0.0,0.0,0.0,True,storico,Statistiche_Fantacalcio_Stagione_2023_24.xlsx
,6058,Camara Ma.,Roma,C,C,10.0,5.95,5.8,0.0,0.0,0.0,0.0,0.0,3.0,0.0,0.0,True,storico,Statistiche_Fantacalcio_Stagione_2022_23.xlsx
,2504,Can,Juventu,C,C,26.0,6.02,6.33,4.0,0.0,0.0,1.0,0.0,7.0,0.0,1.0,True,storico,Statistiche_Fantacalcio_Stagione_2018_19.xlsx
,332,Candreva,Lazio,C,C,30.0,6.32,7.15,10.0,0.0,0.0,8.0,0.0,4.0,0.0,0.0,True,storico,Statistiche_Fantacalcio_Stagione_2015_16.xlsx
,655,Capel,Genoa,C,C,18.0,5.72,5.67,0.0,0.0,0.0,0.0,0.0,2.0,0.0,0.0,True,storico,Statistiche_Fantacalcio_Stagione_2015_16.xlsx
,173,Capezzi,Fiorentina,C,C,0.0,0.0,0.0,0.0,0.0,0.0,0.0,0.0,0.0,0.0,0.0,True,storico,Statistiche_Fantacalcio_Stagione_2015_16.xlsx
,5036,Caqueret,Como,C,C,16.0,6.34,6.78,2.0,0.0,0.0,0.0,0.0,4.0,0.0,0.0,True,storico,Statistiche_Fantacalcio_Stagione_2024_25.xlsx
,699,Carbonero,Sampdoria,C,C,14.0,5.82,5.93,0.0,0.0,0.0,0.0,0.0,3.0,0.0,0.0,True,storico,Statistiche_Fantacalcio_Stagione_2015_16.xlsx
,6106,Carboni V.,Inter,C,C,0.0,0.0,0.0,0.0,0.0,0.0,0.0,0.0,0.0,0.0,0.0,True,storico,Statistiche_Fantacalcio_Stagione_2022_23.xlsx
,19,Carmona C.,Atalanta,C,C,6.0,5.67,5.33,0.0,0.0,0.0,0.0,0.0,2.0,0.0,0.0,True,storico,Statistiche_Fantacalcio_Stagione_2015_16.xlsx
,333,Cataldi,Lazio,C,C,18.0,5.69,5.75,1.0,0.0,0.0,0.0,0.0,8.0,0.0,0.0,True,storico,Statistiche_Fantacalcio_Stagione_2015_16.xlsx
,5468,Cavion,Salernitana,C,C,0.0,0.0,0.0,0.0,0.0,0.0,0.0,0.0,0.0,0.0,0.0,True,storico,Statistiche_Fantacalcio_Stagione_2021_22.xlsx
,2292,Centurion,Genoa,C,C,2.0,5.5,5.5,0.0,0.0,0.0,0.0,0.0,0.0,0.0,0.0,True,storico,Statistiche_Fantacalcio_Stagione_2017_18.xlsx
,7418,Chakvetadze,Udine e,C,C,0.0,0.0,0.0,0.0,0.0,0.0,0.0,0.0,0.0,0.0,0.0,True,corrente_pre_stagione,Statistiche_Fantacalcio_Stagione_2026_27.xlsx
,711,Chalobah,Napoli,C,C,1.0,6.0,6.0,0.0,0.0,0.0,0.0,0.0,0.0,0.0,0.0,True,storico,Statistiche_Fantacalcio_Stagione_2015_16.xlsx
,672,Checchin,Verona,C,C,1.0,5.5,5.5,0.0,0.0,0.0,0.0,0.0,1.0,0.0,0.0,True,storico,Statistiche_Fantacalcio_Stagione_2015_16.xlsx
,202,Chib ah,Fro inone,C,C,19.0,5.82,5.87,0.0,0.0,0.0,0.0,0.0,1.0,0.0,0.0,True,storico,Statistiche_Fantacalcio_Stagione_2015_16.xlsx
,431,Chochev,Palermo,C,C,23.0,5.61,5.52,0.0,0.0,0.0,0.0,0.0,6.0,0.0,0.0,True,storico,Statistiche_Fantacalcio_Stagione_2015_16.xlsx
,113,Chri tian en,Chievo,C,C,0.0,0.0,0.0,0.0,0.0,0.0,0.0,0.0,0.0,0.0,0.0,True,storico,Statistiche_Fantacalcio_Stagione_2015_16.xlsx
,624,Chri todoulopoulo,Sampdoria,C,C,8.0,5.69,5.88,1.0,0.0,0.0,0.0,0.0,3.0,0.0,0.0,True,storico,Statistiche_Fantacalcio_Stagione_2015_16.xlsx
,4856,Chukwueze,Milan,C,C,20.0,6.02,6.25,1.0,0.0,0.0,0.0,0.0,1.0,0.0,0.0,True,storico,Statistiche_Fantacalcio_Stagione_2023_24.xlsx
,6618,Ci e' A.,Verona,C,C,0.0,0.0,0.0,0.0,0.0,0.0,0.0,0.0,0.0,0.0,0.0,True,storico,Statistiche_Fantacalcio_Stagione_2024_25.xlsx
,7473,Cichella,Fro inone,C,C,0.0,0.0,0.0,0.0,0.0,0.0,0.0,0.0,0.0,0.0,0.0,True,corrente_pre_stagione,Statistiche_Fantacalcio_Stagione_2026_27.xlsx
,2243,Ciciretti,Benevento,C,C,12.0,6.04,6.54,2.0,0.0,0.0,0.0,0.0,0.0,0.0,0.0,True,storico,Statistiche_Fantacalcio_Stagione_2017_18.xlsx
,5462,Ciervo,Sa uolo,C,C,7.0,6.0,6.14,0.0,0.0,0.0,0.0,0.0,0.0,0.0,0.0,True,storico,Statistiche_Fantacalcio_Stagione_2021_22.xlsx
,20,Cigarini,Atalanta,C,C,24.0,6.12,6.25,2.0,0.0,0.0,1.0,0.0,10.0,0.0,0.0,True,storico,Statistiche_Fantacalcio_Stagione_2015_16.xlsx
,1994,Cinelli,Chievo,C,C,0.0,0.0,0.0,0.0,0.0,0.0,0.0,0.0,0.0,0.0,0.0,True,storico,Statistiche_Fantacalcio_Stagione_2016_17.xlsx
,6142,Cipot,Spezia,C,C,5.0,6.0,6.0,0.0,0.0,0.0,0.0,0.0,0.0,0.0,0.0,True,storico,Statistiche_Fantacalcio_Stagione_2022_23.xlsx
,5880,Ciurria,Monza,C,C,35.0,6.19,6.81,6.0,0.0,0.0,0.0,0.0,4.0,0.0,0.0,True,storico,Statistiche_Fantacalcio_Stagione_2022_23.xlsx
,2204,Co u,Cagliari,C,C,7.0,5.79,5.93,0.0,0.0,0.0,0.0,0.0,0.0,0.0,0.0,True,storico,Statistiche_Fantacalcio_Stagione_2017_18.xlsx
,232,Cofie,Carpi,C,C,27.0,5.54,5.41,0.0,0.0,0.0,0.0,0.0,7.0,0.0,0.0,True,storico,Statistiche_Fantacalcio_Stagione_2015_16.xlsx
,4435,Colley E.,Atalanta,C,C,2.0,6.0,6.25,0.0,0.0,0.0,0.0,0.0,1.0,0.0,0.0,True,storico,Statistiche_Fantacalcio_Stagione_2019_20.xlsx
,7132,Collocolo,Cremone e,C,C,5.0,5.9,5.8,0.0,0.0,0.0,0.0,0.0,1.0,0.0,0.0,True,storico,Statistiche_Fantacalcio_2025_26.xlsx
,2828,Colombatto,Cagliari,C,C,0.0,0.0,0.0,0.0,0.0,0.0,0.0,0.0,0.0,0.0,0.0,True,storico,Statistiche_Fantacalcio_Stagione_2018_19.xlsx
,7477,Colombo L.,Monza,C,C,0.0,0.0,0.0,0.0,0.0,0.0,0.0,0.0,0.0,0.0,0.0,True,corrente_pre_stagione,Statistiche_Fantacalcio_Stagione_2026_27.xlsx
,5878,Colpani,Monza,C,C,24.0,6.1,6.62,4.0,0.0,0.0,0.0,0.0,1.0,0.0,0.0,True,storico,Statistiche_Fantacalcio_Stagione_2022_23.xlsx
,6884,Conceicao,Juventu,C,C,25.0,6.12,6.5,3.0,0.0,0.0,0.0,0.0,3.0,0.0,0.0,True,storico,Statistiche_Fantacalcio_Stagione_2024_25.xlsx
,6963,Condè,Venezia,C,C,3.0,5.83,5.67,0.0,0.0,0.0,0.0,0.0,2.0,0.0,0.0,True,storico,Statistiche_Fantacalcio_Stagione_2024_25.xlsx
,2780,Coric,Roma,C,C,1.0,5.5,5.5,0.0,0.0,0.0,0.0,0.0,0.0,0.0,0.0,True,storico,Statistiche_Fantacalcio_Stagione_2018_19.xlsx
,4677,Cornet,Genoa,C,C,6.0,6.08,7.25,2.0,0.0,0.0,0.0,0.0,0.0,0.0,0.0,True,storico,Statistiche_Fantacalcio_Stagione_2024_25.xlsx
,495,Correa,Sampdoria,C,C,25.0,5.8,6.02,3.0,0.0,0.0,0.0,0.0,5.0,0.0,0.0,True,storico,Statistiche_Fantacalcio_Stagione_2015_16.xlsx
,5444,Cortinovi,Atalanta,C,C,0.0,0.0,0.0,0.0,0.0,0.0,0.0,0.0,0.0,0.0,0.0,True,storico,Statistiche_Fantacalcio_Stagione_2021_22.xlsx
,5504,Coulibaly L.,Salernitana,C,C,31.0,5.79,5.74,0.0,0.0,0.0,0.0,0.0,3.0,0.0,0.0,True,storico,Statistiche_Fantacalcio_Stagione_2021_22.xlsx
,2144,Coulibaly M.,Pe cara,C,C,8.0,5.44,5.19,0.0,0.0,0.0,0.0,0.0,4.0,0.0,0.0,True,storico,Statistiche_Fantacalcio_Stagione_2016_17.xlsx
,203,Cre cenzi E,Fro inone,C,C,0.0,0.0,0.0,0.0,0.0,0.0,0.0,0.0,0.0,0.0,0.0,True,storico,Statistiche_Fantacalcio_Stagione_2015_16.xlsx
,334,Crecco,Lazio,C,C,0.0,0.0,0.0,0.0,0.0,0.0,0.0,0.0,0.0,0.0,0.0,True,storico,Statistiche_Fantacalcio_Stagione_2015_16.xlsx
,7276,Crema chi,Parma,C,C,1.0,6.0,6.0,0.0,0.0,0.0,0.0,0.0,0.0,0.0,0.0,True,storico,Statistiche_Fantacalcio_2025_26.xlsx
,57,Cri etig,Bologna,C,C,5.0,5.4,5.3,0.0,0.0,0.0,0.0,0.0,1.0,0.0,0.0,True,storico,Statistiche_Fantacalcio_Stagione_2015_16.xlsx
,779,Cri tante,Palermo,C,C,2.0,5.25,5.25,0.0,0.0,0.0,0.0,0.0,0.0,0.0,0.0,True,storico,Statistiche_Fantacalcio_Stagione_2015_16.xlsx
,2075,Cri toforo,Fiorentina,C,C,13.0,5.69,5.69,0.0,0.0,0.0,0.0,0.0,1.0,0.0,0.0,True,storico,Statistiche_Fantacalcio_Stagione_2016_17.xlsx
,664,Crimi,Carpi,C,C,19.0,6.18,5.95,0.0,0.0,0.0,0.0,0.0,9.0,0.0,0.0,True,storico,Statistiche_Fantacalcio_Stagione_2015_16.xlsx
,5486,Crnigoj,Venezia,C,C,32.0,5.97,6.23,3.0,0.0,0.0,0.0,0.0,3.0,0.0,0.0,True,storico,Statistiche_Fantacalcio_Stagione_2021_22.xlsx
,146,Croce,Empoli,C,C,27.0,6.0,5.98,0.0,0.0,0.0,0.0,0.0,3.0,0.0,0.0,True,storico,Statistiche_Fantacalcio_Stagione_2015_16.xlsx
,2286,Crociata,Crotone,C,C,9.0,5.94,6.28,1.0,0.0,0.0,0.0,0.0,0.0,0.0,0.0,True,storico,Statistiche_Fantacalcio_Stagione_2017_18.xlsx
,697,Cuadrado,Juventu,C,C,26.0,6.4,6.98,4.0,0.0,0.0,0.0,0.0,2.0,0.0,0.0,True,storico,Statistiche_Fantacalcio_Stagione_2015_16.xlsx
,2113,Cuba,Pe cara,C,C,0.0,0.0,0.0,0.0,0.0,0.0,0.0,0.0,0.0,0.0,0.0,True,storico,Statistiche_Fantacalcio_Stagione_2016_17.xlsx
,7025,Cuenca H.,Genoa,C,C,0.0,0.0,0.0,0.0,0.0,0.0,0.0,0.0,0.0,0.0,0.0,True,storico,Statistiche_Fantacalcio_Stagione_2024_25.xlsx
,4701,Cui ance,Venezia,C,C,13.0,5.69,5.62,0.0,0.0,0.0,0.0,0.0,2.0,0.0,0.0,True,storico,Statistiche_Fantacalcio_Stagione_2021_22.xlsx
,2357,Cyprien,Parma,C,C,10.0,5.7,5.6,0.0,0.0,0.0,0.0,0.0,2.0,0.0,0.0,True,storico,Statistiche_Fantacalcio_Stagione_2020_21.xlsx
,21,D'ale andro,Atalanta,C,C,19.0,6.24,6.74,3.0,0.0,0.0,0.0,0.0,3.0,0.0,0.0,True,storico,Statistiche_Fantacalcio_Stagione_2015_16.xlsx
,6019,D'andrea,Sa uolo,C,C,5.0,6.0,6.2,0.0,0.0,0.0,0.0,0.0,0.0,0.0,0.0,True,storico,Statistiche_Fantacalcio_Stagione_2022_23.xlsx
,5559,Da Cunha,Como,C,C,35.0,6.1,6.36,3.0,0.0,0.0,0.0,0.0,4.0,0.0,0.0,True,storico,Statistiche_Fantacalcio_Stagione_2024_25.xlsx
,2659,Dabo,Fiorentina,C,C,10.0,5.9,6.05,1.0,0.0,0.0,0.0,0.0,1.0,0.0,0.0,True,storico,Statistiche_Fantacalcio_Stagione_2017_18.xlsx
,7481,Daga o,Venezia,C,C,0.0,0.0,0.0,0.0,0.0,0.0,0.0,0.0,0.0,0.0,0.0,True,corrente_pre_stagione,Statistiche_Fantacalcio_Stagione_2026_27.xlsx
,4978,Dam gaard,Sampdoria,C,C,30.0,6.03,6.32,2.0,0.0,0.0,0.0,0.0,3.0,0.0,0.0,True,storico,Statistiche_Fantacalcio_Stagione_2020_21.xlsx
,5452,Damiani,Empoli,C,C,0.0,0.0,0.0,0.0,0.0,0.0,0.0,0.0,0.0,0.0,0.0,True,storico,Statistiche_Fantacalcio_Stagione_2021_22.xlsx
,6562,Dani Silva,Verona,C,C,9.0,5.83,5.72,0.0,0.0,0.0,0.0,0.0,2.0,0.0,0.0,True,storico,Statistiche_Fantacalcio_Stagione_2023_24.xlsx
,2726,Danzi,Verona,C,C,0.0,0.0,0.0,0.0,0.0,0.0,0.0,0.0,0.0,0.0,0.0,True,storico,Statistiche_Fantacalcio_Stagione_2019_20.xlsx
,5420,Darboe,Roma,C,C,4.0,5.88,5.62,0.0,0.0,0.0,0.0,0.0,2.0,0.0,0.0,True,storico,Statistiche_Fantacalcio_Stagione_2020_21.xlsx
,398,David Lopez,Napoli,C,C,16.0,5.84,6.0,1.0,0.0,0.0,0.0,0.0,2.0,0.0,0.0,True,storico,Statistiche_Fantacalcio_Stagione_2015_16.xlsx
,4490,De Angeli,Torino,C,C,0.0,0.0,0.0,0.0,0.0,0.0,0.0,0.0,0.0,0.0,0.0,True,storico,Statistiche_Fantacalcio_Stagione_2019_20.xlsx
,2517,De Bruyne,Napoli,C,C,17.0,6.26,7.24,5.0,0.0,0.0,3.0,0.0,1.0,0.0,0.0,True,storico,Statistiche_Fantacalcio_2025_26.xlsx
,399,De Guzman,Carpi,C,C,3.0,6.17,7.17,1.0,0.0,0.0,1.0,0.0,0.0,0.0,0.0,True,storico,Statistiche_Fantacalcio_Stagione_2015_16.xlsx
,368,De Jong,Milan,C,C,5.0,5.3,5.1,0.0,0.0,0.0,0.0,0.0,0.0,0.0,0.0,True,storico,Statistiche_Fantacalcio_Stagione_2015_16.xlsx
,5995,De Ketelaere,Milan,C,C,27.0,5.74,5.74,0.0,0.0,0.0,0.0,0.0,2.0,0.0,0.0,True,storico,Statistiche_Fantacalcio_Stagione_2022_23.xlsx
,1996,De Paul,Udine e,C,C,33.0,5.86,6.12,4.0,0.0,0.0,0.0,0.0,7.0,0.0,0.0,True,storico,Statistiche_Fantacalcio_Stagione_2016_17.xlsx
,463,De Ro i,Roma,C,C,23.0,6.07,6.09,1.0,0.0,0.0,0.0,0.0,9.0,0.0,0.0,True,storico,Statistiche_Fantacalcio_Stagione_2015_16.xlsx
,22,De Roon,Atalanta,C,C,35.0,6.03,5.99,1.0,0.0,0.0,0.0,0.0,9.0,0.0,0.0,True,storico,Statistiche_Fantacalcio_Stagione_2015_16.xlsx
,496,De Viti,Sampdoria,C,C,0.0,0.0,0.0,0.0,0.0,0.0,0.0,0.0,0.0,0.0,0.0,True,storico,Statistiche_Fantacalcio_Stagione_2015_16.xlsx
,1872,De ena,Cagliari,C,C,16.0,5.69,5.88,2.0,0.0,0.0,0.0,0.0,4.0,0.0,0.0,True,storico,Statistiche_Fantacalcio_Stagione_2016_17.xlsx
,6009,Degli Innocenti,Empoli,C,C,0.0,0.0,0.0,0.0,0.0,0.0,0.0,0.0,0.0,0.0,0.0,True,storico,Statistiche_Fantacalcio_Stagione_2022_23.xlsx
,1871,Deiola,Cagliari,C,C,3.0,5.67,5.33,0.0,0.0,0.0,0.0,0.0,2.0,0.0,0.0,True,storico,Statistiche_Fantacalcio_Stagione_2016_17.xlsx
,2244,Del Pinto,Benevento,C,C,11.0,5.68,5.41,0.0,0.0,0.0,0.0,0.0,6.0,0.0,0.0,True,storico,Statistiche_Fantacalcio_Stagione_2017_18.xlsx
,6629,Dele-Ba hiru,Lazio,C,C,17.0,6.06,6.65,3.0,0.0,0.0,0.0,0.0,0.0,0.0,0.0,True,storico,Statistiche_Fantacalcio_Stagione_2024_25.xlsx
,432,Della Rocca,Palermo,C,C,0.0,0.0,0.0,0.0,0.0,0.0,0.0,0.0,0.0,0.0,0.0,True,storico,Statistiche_Fantacalcio_Stagione_2015_16.xlsx
,4725,Demme,Napoli,C,C,15.0,5.93,5.93,1.0,0.0,0.0,0.0,0.0,6.0,0.0,0.0,True,storico,Statistiche_Fantacalcio_Stagione_2019_20.xlsx
,4272,Dendoncker,Napoli,C,C,0.0,0.0,0.0,0.0,0.0,0.0,0.0,0.0,0.0,0.0,0.0,True,storico,Statistiche_Fantacalcio_Stagione_2023_24.xlsx
,2141,Depaoli,Chievo,C,C,5.0,5.8,5.7,0.0,0.0,0.0,0.0,0.0,1.0,0.0,0.0,True,storico,Statistiche_Fantacalcio_Stagione_2016_17.xlsx
,400,Dezi,Napoli,C,C,0.0,0.0,0.0,0.0,0.0,0.0,0.0,0.0,0.0,0.0,0.0,True,storico,Statistiche_Fantacalcio_Stagione_2015_16.xlsx
,1857,Di France co F.,Bologna,C,C,18.0,6.31,7.0,4.0,0.0,0.0,0.0,0.0,3.0,0.0,0.0,True,storico,Statistiche_Fantacalcio_Stagione_2016_17.xlsx
,81,Di Gaudio,Carpi,C,C,27.0,6.09,6.5,3.0,0.0,0.0,0.0,0.0,2.0,0.0,0.0,True,storico,Statistiche_Fantacalcio_Stagione_2015_16.xlsx
,1873,Di Gennaro D,Cagliari,C,C,20.0,6.15,6.45,2.0,0.0,0.0,0.0,0.0,4.0,0.0,0.0,True,storico,Statistiche_Fantacalcio_Stagione_2016_17.xlsx
,1902,Di Roberto,Crotone,C,C,0.0,0.0,0.0,0.0,0.0,0.0,0.0,0.0,0.0,0.0,0.0,True,storico,Statistiche_Fantacalcio_Stagione_2016_17.xlsx
,5469,Di Tacchio,Salernitana,C,C,16.0,5.56,5.34,0.0,0.0,0.0,0.0,0.0,3.0,0.0,1.0,True,storico,Statistiche_Fantacalcio_Stagione_2021_22.xlsx
,2665,Diaby,Crotone,C,C,1.0,6.0,6.0,0.0,0.0,0.0,0.0,0.0,0.0,0.0,0.0,True,storico,Statistiche_Fantacalcio_Stagione_2017_18.xlsx
,174,Diakhate,Fiorentina,C,C,0.0,0.0,0.0,0.0,0.0,0.0,0.0,0.0,0.0,0.0,0.0,True,storico,Statistiche_Fantacalcio_Stagione_2015_16.xlsx
,7536,Diallo O.,Parma,C,C,0.0,0.0,0.0,0.0,0.0,0.0,0.0,0.0,0.0,0.0,0.0,True,corrente_pre_stagione,Statistiche_Fantacalcio_Stagione_2026_27.xlsx
,784,Diamanti,Atalanta,C,C,14.0,6.11,6.25,1.0,0.0,0.0,0.0,0.0,4.0,0.0,0.0,True,storico,Statistiche_Fantacalcio_Stagione_2015_16.xlsx
,5443,Diambo,Benevento,C,C,0.0,0.0,0.0,0.0,0.0,0.0,0.0,0.0,0.0,0.0,0.0,True,storico,Statistiche_Fantacalcio_Stagione_2020_21.xlsx
,6967,Diao,Como,C,C,14.0,6.5,7.93,7.0,0.0,0.0,0.0,0.0,2.0,0.0,0.0,True,storico,Statistiche_Fantacalcio_Stagione_2024_25.xlsx
,58,Diawara,Bologna,C,C,33.0,6.02,5.85,0.0,0.0,0.0,0.0,0.0,9.0,0.0,0.0,True,storico,Statistiche_Fantacalcio_Stagione_2015_16.xlsx
,4825,Diaz B.,Milan,C,C,25.0,6.2,6.76,4.0,0.0,0.0,0.0,0.0,2.0,0.0,0.0,True,storico,Statistiche_Fantacalcio_Stagione_2020_21.xlsx
,147,Diou e,Empoli,C,C,15.0,5.83,5.7,0.0,0.0,0.0,0.0,0.0,2.0,0.0,0.0,True,storico,Statistiche_Fantacalcio_Stagione_2015_16.xlsx
,6274,Diouf,Inter,C,C,10.0,6.15,6.45,1.0,0.0,0.0,0.0,0.0,1.0,0.0,0.0,True,storico,Statistiche_Fantacalcio_2025_26.xlsx
,1995,Djuricic,Sampdoria,C,C,11.0,5.95,5.91,0.0,0.0,0.0,0.0,0.0,4.0,0.0,0.0,True,storico,Statistiche_Fantacalcio_Stagione_2016_17.xlsx
,4869,Dominguez,Bologna,C,C,15.0,5.87,5.9,0.0,0.0,0.0,0.0,0.0,1.0,0.0,0.0,True,storico,Statistiche_Fantacalcio_Stagione_2019_20.xlsx
,669,Don ah,Bologna,C,C,19.0,6.08,6.45,2.0,0.0,0.0,0.0,0.0,2.0,0.0,0.0,True,storico,Statistiche_Fantacalcio_Stagione_2015_16.xlsx
,2200,Dougla  Co ta,Juventu,C,C,31.0,6.48,7.21,4.0,0.0,0.0,0.0,0.0,1.0,0.0,0.0,True,storico,Statistiche_Fantacalcio_Stagione_2017_18.xlsx
,4911,Dougla  Luiz,Juventu,C,C,15.0,5.87,5.8,0.0,0.0,0.0,0.0,0.0,2.0,0.0,0.0,True,storico,Statistiche_Fantacalcio_Stagione_2024_25.xlsx
,6683,Doumbia I.,Venezia,C,C,19.0,5.95,5.95,0.0,0.0,0.0,0.0,0.0,0.0,0.0,0.0,True,storico,Statistiche_Fantacalcio_Stagione_2024_25.xlsx
,4342,Duda,Verona,C,C,14.0,5.82,5.68,0.0,0.0,0.0,0.0,0.0,4.0,0.0,0.0,True,storico,Statistiche_Fantacalcio_Stagione_2022_23.xlsx
,526,Duncan,Sa uolo,C,C,31.0,6.06,6.15,1.0,0.0,0.0,0.0,0.0,5.0,0.0,0.0,True,storico,Statistiche_Fantacalcio_Stagione_2015_16.xlsx
,713,Dzemaili,Genoa,C,C,26.0,5.94,6.17,3.0,0.0,0.0,0.0,0.0,6.0,0.0,0.0,True,storico,Statistiche_Fantacalcio_Stagione_2015_16.xlsx
,4975,E calante,Lazio,C,C,19.0,5.95,5.82,0.0,0.0,0.0,0.0,0.0,5.0,0.0,0.0,True,storico,Statistiche_Fantacalcio_Stagione_2020_21.xlsx
,4408,E po ito Sa.,Spezia,C,C,14.0,5.75,5.82,1.0,0.0,0.0,0.0,0.0,3.0,0.0,0.0,True,storico,Statistiche_Fantacalcio_Stagione_2022_23.xlsx
,5290,E tevez,Spezia,C,C,27.0,5.87,5.85,0.0,0.0,0.0,0.0,0.0,7.0,0.0,0.0,True,storico,Statistiche_Fantacalcio_Stagione_2020_21.xlsx
,24,E tigarribia,Atalanta,C,C,1.0,6.0,6.0,0.0,0.0,0.0,0.0,0.0,0.0,0.0,0.0,True,storico,Statistiche_Fantacalcio_Stagione_2015_16.xlsx
,5792,Eder on D. .,Salernitana,C,C,15.0,6.17,6.47,2.0,0.0,0.0,0.0,0.0,5.0,0.0,0.0,True,storico,Statistiche_Fantacalcio_Stagione_2021_22.xlsx
,5008,Eduardo Henrique,Crotone,C,C,17.0,5.65,5.71,1.0,0.0,0.0,0.0,0.0,4.0,0.0,0.0,True,storico,Statistiche_Fantacalcio_Stagione_2020_21.xlsx
,2391,Ekdal,Sampdoria,C,C,32.0,6.02,5.92,0.0,0.0,0.0,0.0,0.0,6.0,0.0,0.0,True,storico,Statistiche_Fantacalcio_Stagione_2018_19.xlsx
,6684,Ekkelenkamp,Udine e,C,C,33.0,5.97,6.27,3.0,0.0,0.0,0.0,0.0,2.0,0.0,0.0,True,storico,Statistiche_Fantacalcio_Stagione_2024_25.xlsx
,6271,El Aynaoui,Roma,C,C,21.0,5.98,6.1,1.0,0.0,0.0,0.0,0.0,5.0,0.0,0.0,True,storico,Statistiche_Fantacalcio_2025_26.xlsx
,6225,El Azzouzi,Bologna,C,C,9.0,6.11,6.83,2.0,0.0,0.0,0.0,0.0,4.0,0.0,0.0,True,storico,Statistiche_Fantacalcio_Stagione_2023_24.xlsx
,7456,El Azzouzi A.,Fro inone,C,C,0.0,0.0,0.0,0.0,0.0,0.0,0.0,0.0,0.0,0.0,0.0,True,corrente_pre_stagione,Statistiche_Fantacalcio_Stagione_2026_27.xlsx
,6819,El Haddad,Venezia,C,C,0.0,0.0,0.0,0.0,0.0,0.0,0.0,0.0,0.0,0.0,0.0,True,storico,Statistiche_Fantacalcio_Stagione_2024_25.xlsx
,401,El Kaddouri,Napoli,C,C,13.0,6.0,6.31,1.0,0.0,0.0,0.0,0.0,2.0,0.0,0.0,True,storico,Statistiche_Fantacalcio_Stagione_2015_16.xlsx
,6020,Ellert on,Spezia,C,C,5.0,5.8,5.7,0.0,0.0,0.0,0.0,0.0,3.0,0.0,0.0,True,storico,Statistiche_Fantacalcio_Stagione_2022_23.xlsx
,4479,Elma,Napoli,C,C,19.0,5.97,6.03,1.0,0.0,0.0,0.0,0.0,7.0,0.0,0.0,True,storico,Statistiche_Fantacalcio_Stagione_2019_20.xlsx
,774,Emanuel on,Verona,C,C,11.0,5.91,6.0,0.0,0.0,0.0,0.0,0.0,0.0,0.0,0.0,True,storico,Statistiche_Fantacalcio_Stagione_2015_16.xlsx
,1942,Embalo,Palermo,C,C,10.0,5.55,5.65,0.0,0.0,0.0,0.0,0.0,0.0,0.0,0.0,True,storico,Statistiche_Fantacalcio_Stagione_2016_17.xlsx
,2843,Emmer,Inter,C,C,0.0,0.0,0.0,0.0,0.0,0.0,0.0,0.0,0.0,0.0,0.0,True,storico,Statistiche_Fantacalcio_Stagione_2018_19.xlsx
,6676,Engelhardt,Como,C,C,16.0,5.81,5.97,1.0,0.0,0.0,0.0,0.0,3.0,0.0,0.0,True,storico,Statistiche_Fantacalcio_Stagione_2024_25.xlsx
,1971,Eramo,Sampdoria,C,C,0.0,0.0,0.0,0.0,0.0,0.0,0.0,0.0,0.0,0.0,0.0,True,storico,Statistiche_Fantacalcio_Stagione_2016_17.xlsx
,2556,Erik en,Inter,C,C,13.0,5.92,6.31,1.0,0.0,0.0,0.0,0.0,0.0,0.0,0.0,True,storico,Statistiche_Fantacalcio_Stagione_2019_20.xlsx
,4882,Erik on,Genoa,C,C,0.0,0.0,0.0,0.0,0.0,0.0,0.0,0.0,0.0,0.0,0.0,True,storico,Statistiche_Fantacalcio_Stagione_2019_20.xlsx
,2652,Everton Luiz,SPAL,C,C,9.0,5.83,5.61,0.0,0.0,0.0,0.0,0.0,5.0,0.0,0.0,True,storico,Statistiche_Fantacalcio_Stagione_2017_18.xlsx
,2290,Ey eric,Fiorentina,C,C,15.0,5.9,6.1,1.0,0.0,0.0,0.0,0.0,2.0,0.0,0.0,True,storico,Statistiche_Fantacalcio_Stagione_2017_18.xlsx
,5341,Eyango,Genoa,C,C,1.0,6.5,7.5,0.0,0.0,0.0,0.0,0.0,0.0,0.0,0.0,True,storico,Statistiche_Fantacalcio_Stagione_2020_21.xlsx
,6206,Fabbian,Bologna,C,C,22.0,6.23,6.86,5.0,0.0,0.0,0.0,0.0,4.0,0.0,0.0,True,storico,Statistiche_Fantacalcio_Stagione_2023_24.xlsx
,6815,Fadera,Como,C,C,24.0,6.0,6.19,1.0,0.0,0.0,0.0,0.0,1.0,0.0,0.0,True,storico,Statistiche_Fantacalcio_Stagione_2024_25.xlsx
,4465,Fagioli,Juventu,C,C,0.0,0.0,0.0,0.0,0.0,0.0,0.0,0.0,0.0,0.0,0.0,True,storico,Statistiche_Fantacalcio_Stagione_2019_20.xlsx
,658,Falco,Bologna,C,C,6.0,5.75,5.67,0.0,0.0,0.0,0.0,0.0,1.0,0.0,0.0,True,storico,Statistiche_Fantacalcio_Stagione_2015_16.xlsx
,2210,Falletti,Bologna,C,C,10.0,5.75,6.0,1.0,0.0,0.0,0.0,0.0,1.0,0.0,0.0,True,storico,Statistiche_Fantacalcio_Stagione_2017_18.xlsx
,2116,Farago,Cagliari,C,C,7.0,5.93,5.86,0.0,0.0,0.0,0.0,0.0,1.0,0.0,0.0,True,storico,Statistiche_Fantacalcio_Stagione_2016_17.xlsx
,558,Farnerud,Torino,C,C,3.0,5.5,5.5,0.0,0.0,0.0,0.0,0.0,0.0,0.0,0.0,True,storico,Statistiche_Fantacalcio_Stagione_2015_16.xlsx
,6168,Faticanti,Roma,C,C,0.0,0.0,0.0,0.0,0.0,0.0,0.0,0.0,0.0,0.0,0.0,True,storico,Statistiche_Fantacalcio_Stagione_2022_23.xlsx
,175,Fazzi,Fiorentina,C,C,0.0,0.0,0.0,0.0,0.0,0.0,0.0,0.0,0.0,0.0,0.0,True,storico,Statistiche_Fantacalcio_Stagione_2015_16.xlsx
,6010,Fazzini,Empoli,C,C,15.0,5.9,5.8,0.0,0.0,0.0,0.0,0.0,4.0,0.0,0.0,True,storico,Statistiche_Fantacalcio_Stagione_2022_23.xlsx
,639,Fedele,Carpi,C,C,8.0,5.94,5.81,0.0,0.0,0.0,0.0,0.0,2.0,0.0,0.0,True,storico,Statistiche_Fantacalcio_Stagione_2015_16.xlsx
,719,Federico Gino,Carpi,C,C,0.0,0.0,0.0,0.0,0.0,0.0,0.0,0.0,0.0,0.0,0.0,True,storico,Statistiche_Fantacalcio_Stagione_2015_16.xlsx
,6640,Felici,Cagliari,C,C,18.0,5.83,5.97,0.0,0.0,0.0,0.0,0.0,1.0,0.0,0.0,True,storico,Statistiche_Fantacalcio_Stagione_2024_25.xlsx
,335,Felipe Ander on,Lazio,C,C,34.0,5.97,6.68,7.0,0.0,0.0,0.0,0.0,2.0,0.0,0.0,True,storico,Statistiche_Fantacalcio_Stagione_2015_16.xlsx
,717,Felipe Melo,Inter,C,C,22.0,5.82,5.77,1.0,0.0,0.0,0.0,0.0,6.0,0.0,0.0,True,storico,Statistiche_Fantacalcio_Stagione_2015_16.xlsx
,5858,Fergu on,Bologna,C,C,31.0,6.24,6.85,7.0,0.0,0.0,0.0,0.0,4.0,0.0,0.0,True,storico,Statistiche_Fantacalcio_Stagione_2022_23.xlsx
,2863,Fernande,Fiorentina,C,C,28.0,5.68,5.71,2.0,0.0,0.0,0.0,0.0,8.0,0.0,0.0,True,storico,Statistiche_Fantacalcio_Stagione_2018_19.xlsx
,176,Fernandez M,Fiorentina,C,C,16.0,5.84,6.0,1.0,0.0,0.0,0.0,0.0,3.0,0.0,0.0,True,storico,Statistiche_Fantacalcio_Stagione_2015_16.xlsx
,233,Fetfatzidi,Genoa,C,C,0.0,0.0,0.0,0.0,0.0,0.0,0.0,0.0,0.0,0.0,0.0,True,storico,Statistiche_Fantacalcio_Stagione_2015_16.xlsx
,6506,Fini,Genoa,C,C,1.0,5.5,5.5,0.0,0.0,0.0,0.0,0.0,0.0,0.0,0.0,True,storico,Statistiche_Fantacalcio_2025_26.xlsx
,5488,Fiordilino,Venezia,C,C,13.0,5.85,5.77,0.0,0.0,0.0,0.0,0.0,2.0,0.0,0.0,True,storico,Statistiche_Fantacalcio_Stagione_2021_22.xlsx
,7535,Fitz-Jim,Torino,C,C,0.0,0.0,0.0,0.0,0.0,0.0,0.0,0.0,0.0,0.0,0.0,True,corrente_pre_stagione,Statistiche_Fantacalcio_Stagione_2026_27.xlsx
,464,Florenzi,Roma,C,C,33.0,6.14,6.8,7.0,0.0,0.0,0.0,0.0,4.0,0.0,0.0,True,storico,Statistiche_Fantacalcio_Stagione_2015_16.xlsx
,1992,Fo ati,Verona,C,C,16.0,5.47,5.31,0.0,0.0,0.0,0.0,0.0,5.0,0.0,0.0,True,storico,Statistiche_Fantacalcio_Stagione_2017_18.xlsx
,1986,Fofana,Udine e,C,C,22.0,6.25,6.91,5.0,0.0,0.0,0.0,0.0,3.0,0.0,0.0,True,storico,Statistiche_Fantacalcio_Stagione_2016_17.xlsx
,7319,Fofana Sa.,Lecce,C,C,2.0,5.5,5.5,0.0,0.0,0.0,0.0,0.0,0.0,0.0,0.0,True,storico,Statistiche_Fantacalcio_2025_26.xlsx
,4686,Fofana Y.,Milan,C,C,34.0,6.03,6.22,1.0,0.0,0.0,0.0,0.0,5.0,0.0,0.0,True,storico,Statistiche_Fantacalcio_Stagione_2024_25.xlsx
,6252,Folorun ho,Verona,C,C,33.0,6.0,6.41,5.0,0.0,0.0,0.0,0.0,5.0,0.0,0.0,True,storico,Statistiche_Fantacalcio_Stagione_2023_24.xlsx
,6592,For on O.,Monza,C,C,6.0,5.67,5.67,0.0,0.0,0.0,0.0,0.0,0.0,0.0,0.0,True,storico,Statistiche_Fantacalcio_Stagione_2024_25.xlsx
,204,Frara,Fro inone,C,C,19.0,5.87,6.11,2.0,0.0,0.0,0.0,0.0,3.0,0.0,0.0,True,storico,Statistiche_Fantacalcio_Stagione_2015_16.xlsx
,2848,Fratte i,Sa uolo,C,C,0.0,0.0,0.0,0.0,0.0,0.0,0.0,0.0,0.0,0.0,0.0,True,storico,Statistiche_Fantacalcio_Stagione_2018_19.xlsx
,5791,Frendrup,Genoa,C,C,10.0,5.8,5.75,0.0,0.0,0.0,0.0,0.0,1.0,0.0,0.0,True,storico,Statistiche_Fantacalcio_Stagione_2021_22.xlsx
,788,Freuler,Atalanta,C,C,6.0,5.83,6.33,1.0,0.0,0.0,0.0,0.0,0.0,0.0,0.0,True,storico,Statistiche_Fantacalcio_Stagione_2015_16.xlsx
,811,Furman,Verona,C,C,1.0,6.0,6.0,0.0,0.0,0.0,0.0,0.0,0.0,0.0,0.0,True,storico,Statistiche_Fantacalcio_Stagione_2015_16.xlsx
,4364,Gaetano,Napoli,C,C,0.0,0.0,0.0,0.0,0.0,0.0,0.0,0.0,0.0,0.0,0.0,True,storico,Statistiche_Fantacalcio_Stagione_2019_20.xlsx
,801,Gagliardini,Atalanta,C,C,1.0,6.0,6.0,0.0,0.0,0.0,0.0,0.0,0.0,0.0,0.0,True,storico,Statistiche_Fantacalcio_Stagione_2015_16.xlsx
,5705,Galdame,Genoa,C,C,18.0,5.64,5.58,0.0,0.0,0.0,0.0,0.0,2.0,0.0,0.0,True,storico,Statistiche_Fantacalcio_Stagione_2021_22.xlsx
,7318,Gandelman,Lecce,C,C,16.0,5.97,6.41,2.0,0.0,0.0,0.0,0.0,0.0,0.0,0.0,True,storico,Statistiche_Fantacalcio_2025_26.xlsx
,6057,Garbett,Torino,C,C,0.0,0.0,0.0,0.0,0.0,0.0,0.0,0.0,0.0,0.0,0.0,True,storico,Statistiche_Fantacalcio_Stagione_2022_23.xlsx
,2183,Garritano,Chievo,C,C,8.0,5.94,5.94,0.0,0.0,0.0,0.0,0.0,0.0,0.0,0.0,True,storico,Statistiche_Fantacalcio_Stagione_2017_18.xlsx
,2185,Gaudino,Chievo,C,C,1.0,6.0,6.0,0.0,0.0,0.0,0.0,0.0,0.0,0.0,0.0,True,storico,Statistiche_Fantacalcio_Stagione_2017_18.xlsx
,559,Gazzi,Torino,C,C,13.0,5.69,5.54,0.0,0.0,0.0,0.0,0.0,4.0,0.0,0.0,True,storico,Statistiche_Fantacalcio_Stagione_2015_16.xlsx
,6241,Gelli,Fro inone,C,C,20.0,5.85,5.78,0.0,0.0,0.0,0.0,0.0,3.0,0.0,0.0,True,storico,Statistiche_Fantacalcio_Stagione_2023_24.xlsx
,1967,Ger on,Roma,C,C,2.0,5.0,4.75,0.0,0.0,0.0,0.0,0.0,1.0,0.0,0.0,True,storico,Statistiche_Fantacalcio_Stagione_2016_17.xlsx
,4228,Ghezzal,Fiorentina,C,C,15.0,5.8,5.83,1.0,0.0,0.0,0.0,0.0,5.0,0.0,0.0,True,storico,Statistiche_Fantacalcio_Stagione_2019_20.xlsx
,4930,Ghion,Sa uolo,C,C,0.0,0.0,0.0,0.0,0.0,0.0,0.0,0.0,0.0,0.0,0.0,True,storico,Statistiche_Fantacalcio_2025_26.xlsx
,702,Giaccherini,Bologna,C,C,28.0,6.32,6.95,7.0,0.0,0.0,0.0,0.0,7.0,0.0,0.0,True,storico,Statistiche_Fantacalcio_Stagione_2015_16.xlsx
,2301,Gil Dia,Fiorentina,C,C,24.0,5.83,6.1,2.0,0.0,0.0,0.0,0.0,1.0,0.0,0.0,True,storico,Statistiche_Fantacalcio_Stagione_2017_18.xlsx
,5131,Gilmour,Napoli,C,C,17.0,6.0,6.06,0.0,0.0,0.0,0.0,0.0,0.0,0.0,0.0,True,storico,Statistiche_Fantacalcio_Stagione_2024_25.xlsx
,6170,Gineiti,Torino,C,C,2.0,6.0,5.5,0.0,0.0,0.0,0.0,0.0,2.0,0.0,0.0,True,storico,Statistiche_Fantacalcio_Stagione_2022_23.xlsx
,25,Giorgi,Atalanta,C,C,0.0,0.0,0.0,0.0,0.0,0.0,0.0,0.0,0.0,0.0,0.0,True,storico,Statistiche_Fantacalcio_Stagione_2015_16.xlsx
,796,Gnahore,Carpi,C,C,0.0,0.0,0.0,0.0,0.0,0.0,0.0,0.0,0.0,0.0,0.0,True,storico,Statistiche_Fantacalcio_Stagione_2015_16.xlsx
,267,Gnoukouri,Inter,C,C,1.0,5.0,5.0,0.0,0.0,0.0,0.0,0.0,0.0,0.0,0.0,True,storico,Statistiche_Fantacalcio_Stagione_2015_16.xlsx
,5328,Gojak,Torino,C,C,11.0,5.73,6.05,1.0,0.0,0.0,0.0,0.0,1.0,0.0,0.0,True,storico,Statistiche_Fantacalcio_Stagione_2020_21.xlsx
,4968,Gomelt,Crotone,C,C,1.0,6.0,6.0,0.0,0.0,0.0,0.0,0.0,0.0,0.0,0.0,True,storico,Statistiche_Fantacalcio_Stagione_2020_21.xlsx
,26,Gomez,Atalanta,C,C,34.0,6.4,7.16,7.0,0.0,0.0,0.0,0.0,4.0,0.0,0.0,True,storico,Statistiche_Fantacalcio_Stagione_2015_16.xlsx
,6582,Gomi  I.,Salernitana,C,C,5.0,5.7,5.7,0.0,0.0,0.0,0.0,0.0,0.0,0.0,0.0,True,storico,Statistiche_Fantacalcio_Stagione_2023_24.xlsx
,2193,Gonalon,Roma,C,C,13.0,5.85,5.85,0.0,0.0,0.0,0.0,0.0,2.0,0.0,0.0,True,storico,Statistiche_Fantacalcio_Stagione_2017_18.xlsx
,5999,Gonzalez J.,Lecce,C,C,34.0,5.96,5.91,1.0,0.0,0.0,0.0,0.0,8.0,0.0,1.0,True,storico,Statistiche_Fantacalcio_Stagione_2022_23.xlsx
,205,Gori,Fro inone,C,C,27.0,5.85,5.63,0.0,0.0,0.0,0.0,0.0,10.0,0.0,0.0,True,storico,Statistiche_Fantacalcio_Stagione_2015_16.xlsx
,7248,Gorter,Lecce,C,C,1.0,5.5,5.5,0.0,0.0,0.0,0.0,0.0,0.0,0.0,0.0,True,storico,Statistiche_Fantacalcio_2025_26.xlsx
,7019,Gourna-Douath,Roma,C,C,5.0,5.9,5.7,0.0,0.0,0.0,0.0,0.0,2.0,0.0,0.0,True,storico,Statistiche_Fantacalcio_Stagione_2024_25.xlsx
,27,Gra i,Napoli,C,C,13.0,6.04,5.81,0.0,0.0,0.0,0.0,0.0,4.0,0.0,0.0,True,storico,Statistiche_Fantacalcio_Stagione_2015_16.xlsx
,625,Greco,Verona,C,C,25.0,5.76,5.74,1.0,0.0,0.0,0.0,0.0,7.0,0.0,0.0,True,storico,Statistiche_Fantacalcio_Stagione_2015_16.xlsx
,2126,Grenier,Roma,C,C,5.0,6.2,6.3,0.0,0.0,0.0,0.0,0.0,1.0,0.0,0.0,True,storico,Statistiche_Fantacalcio_Stagione_2016_17.xlsx
,7550,Grillit ch,Fro inone,C,C,0.0,0.0,0.0,0.0,0.0,0.0,0.0,0.0,0.0,0.0,0.0,True,corrente_pre_stagione,Statistiche_Fantacalcio_Stagione_2026_27.xlsx
,6722,Gronbaek,Genoa,C,C,2.0,5.5,5.25,0.0,0.0,0.0,0.0,0.0,1.0,0.0,0.0,True,storico,Statistiche_Fantacalcio_2025_26.xlsx
,2057,Gu taf on,Torino,C,C,5.0,5.9,5.8,0.0,0.0,0.0,0.0,0.0,1.0,0.0,0.0,True,storico,Statistiche_Fantacalcio_Stagione_2016_17.xlsx
,268,Guarin,Inter,C,C,13.0,5.69,5.65,1.0,0.0,0.0,0.0,0.0,7.0,0.0,0.0,True,storico,Statistiche_Fantacalcio_Stagione_2015_16.xlsx
,206,Gucher,Fro inone,C,C,22.0,5.77,5.7,0.0,0.0,0.0,0.0,0.0,3.0,0.0,0.0,True,storico,Statistiche_Fantacalcio_Stagione_2015_16.xlsx
,5800,Gudmund on A.,Genoa,C,C,11.0,5.68,5.82,1.0,0.0,0.0,0.0,0.0,3.0,0.0,0.0,True,storico,Statistiche_Fantacalcio_Stagione_2021_22.xlsx
,4186,Guendouzi,Lazio,C,C,33.0,6.02,6.21,2.0,0.0,0.0,0.0,0.0,3.0,0.0,0.0,True,storico,Statistiche_Fantacalcio_Stagione_2023_24.xlsx
,2645,Guilherme,Benevento,C,C,12.0,6.12,6.75,2.0,0.0,0.0,0.0,0.0,1.0,0.0,0.0,True,storico,Statistiche_Fantacalcio_Stagione_2017_18.xlsx
,591,Guilherme T.,Udine e,C,C,5.0,5.4,5.3,0.0,0.0,0.0,0.0,0.0,1.0,0.0,0.0,True,storico,Statistiche_Fantacalcio_Stagione_2015_16.xlsx
,6903,Ha a,Napoli,C,C,0.0,0.0,0.0,0.0,0.0,0.0,0.0,0.0,0.0,0.0,0.0,True,storico,Statistiche_Fantacalcio_Stagione_2024_25.xlsx
,2161,Haa,Atalanta,C,C,6.0,5.67,5.67,0.0,0.0,0.0,0.0,0.0,0.0,0.0,0.0,True,storico,Statistiche_Fantacalcio_Stagione_2017_18.xlsx
,6821,Hainaut,Parma,C,C,22.0,5.86,6.07,2.0,0.0,0.0,0.0,0.0,3.0,0.0,0.0,True,storico,Statistiche_Fantacalcio_Stagione_2024_25.xlsx
,2774,Halilovic,Milan,C,C,0.0,0.0,0.0,0.0,0.0,0.0,0.0,0.0,0.0,0.0,0.0,True,storico,Statistiche_Fantacalcio_Stagione_2018_19.xlsx
,592,Hallberg,Udine e,C,C,0.0,0.0,0.0,0.0,0.0,0.0,0.0,0.0,0.0,0.0,0.0,True,storico,Statistiche_Fantacalcio_Stagione_2015_16.xlsx
,626,Hallfred on,Udine e,C,C,26.0,5.9,5.73,0.0,0.0,0.0,0.0,0.0,11.0,0.0,0.0,True,storico,Statistiche_Fantacalcio_Stagione_2015_16.xlsx
,402,Ham ik,Napoli,C,C,38.0,6.39,6.97,6.0,0.0,0.0,2.0,0.0,0.0,0.0,0.0,True,storico,Statistiche_Fantacalcio_Stagione_2015_16.xlsx
,6240,Haoudi,Fro inone,C,C,0.0,0.0,0.0,0.0,0.0,0.0,0.0,0.0,0.0,0.0,0.0,True,storico,Statistiche_Fantacalcio_Stagione_2023_24.xlsx
,5651,Harri on,Fiorentina,C,C,15.0,5.9,6.27,1.0,0.0,0.0,0.0,0.0,1.0,0.0,0.0,True,storico,Statistiche_Fantacalcio_2025_26.xlsx
,5688,Harroui,Sa uolo,C,C,10.0,5.8,5.7,0.0,0.0,0.0,0.0,0.0,2.0,0.0,0.0,True,storico,Statistiche_Fantacalcio_Stagione_2021_22.xlsx
,4474,Haye,Lecce,C,C,0.0,0.0,0.0,0.0,0.0,0.0,0.0,0.0,0.0,0.0,0.0,True,storico,Statistiche_Fantacalcio_Stagione_2019_20.xlsx
,5872,Helga on,Lecce,C,C,7.0,5.79,5.79,0.0,0.0,0.0,0.0,0.0,0.0,0.0,0.0,True,storico,Statistiche_Fantacalcio_Stagione_2022_23.xlsx
,4498,Hender on L.,Verona,C,C,3.0,6.0,5.83,0.0,0.0,0.0,0.0,0.0,1.0,0.0,0.0,True,storico,Statistiche_Fantacalcio_Stagione_2019_20.xlsx
,269,Hernane,Juventu,C,C,13.0,6.0,6.0,1.0,0.0,0.0,0.0,0.0,6.0,0.0,0.0,True,storico,Statistiche_Fantacalcio_Stagione_2015_16.xlsx
,4423,Hernani,Parma,C,C,32.0,5.98,5.95,0.0,0.0,0.0,0.0,0.0,10.0,0.0,0.0,True,storico,Statistiche_Fantacalcio_Stagione_2019_20.xlsx
,115,Hetemaj,Chievo,C,C,27.0,6.11,6.09,1.0,0.0,0.0,0.0,0.0,7.0,0.0,0.0,True,storico,Statistiche_Fantacalcio_Stagione_2015_16.xlsx
,5487,Heyman,Venezia,C,C,6.0,5.83,5.67,0.0,0.0,0.0,0.0,0.0,4.0,0.0,0.0,True,storico,Statistiche_Fantacalcio_Stagione_2021_22.xlsx
,433,Hiljemark,Palermo,C,C,38.0,5.74,6.05,4.0,0.0,0.0,0.0,0.0,4.0,0.0,0.0,True,storico,Statistiche_Fantacalcio_Stagione_2015_16.xlsx
,5870,Hjulmand,Lecce,C,C,35.0,6.1,6.03,0.0,0.0,0.0,0.0,0.0,9.0,0.0,0.0,True,storico,Statistiche_Fantacalcio_Stagione_2022_23.xlsx
,7147,Hojholt,Pi a,C,C,15.0,5.57,5.5,0.0,0.0,0.0,0.0,0.0,2.0,0.0,0.0,True,storico,Statistiche_Fantacalcio_2025_26.xlsx
,369,Honda,Milan,C,C,24.0,5.9,6.1,1.0,0.0,0.0,0.0,0.0,2.0,0.0,0.0,True,storico,Statistiche_Fantacalcio_Stagione_2015_16.xlsx
,5499,Hongla,Verona,C,C,13.0,5.77,5.88,1.0,0.0,0.0,0.0,0.0,3.0,0.0,0.0,True,storico,Statistiche_Fantacalcio_Stagione_2021_22.xlsx
,4943,Horvath,Torino,C,C,0.0,0.0,0.0,0.0,0.0,0.0,0.0,0.0,0.0,0.0,0.0,True,storico,Statistiche_Fantacalcio_Stagione_2022_23.xlsx
,5947,Hru tic,Verona,C,C,5.0,5.4,5.4,0.0,0.0,0.0,0.0,0.0,0.0,0.0,0.0,True,storico,Statistiche_Fantacalcio_Stagione_2022_23.xlsx
,7157,Iannoni,Sa uolo,C,C,5.0,6.0,6.5,1.0,0.0,0.0,0.0,0.0,3.0,0.0,0.0,True,storico,Statistiche_Fantacalcio_2025_26.xlsx
,6492,Ibrahimovic A.,Fro inone,C,C,8.0,6.06,6.5,1.0,0.0,0.0,0.0,0.0,1.0,0.0,0.0,True,storico,Statistiche_Fantacalcio_Stagione_2023_24.xlsx
,5689,Ihattaren,Sampdoria,C,C,0.0,0.0,0.0,0.0,0.0,0.0,0.0,0.0,0.0,0.0,0.0,True,storico,Statistiche_Fantacalcio_Stagione_2021_22.xlsx
,4658,Ikone,Fiorentina,C,C,15.0,5.87,6.1,1.0,0.0,0.0,0.0,0.0,1.0,0.0,0.0,True,storico,Statistiche_Fantacalcio_Stagione_2021_22.xlsx
,5007,Ilic,Verona,C,C,28.0,5.93,6.11,2.0,0.0,0.0,0.0,0.0,2.0,0.0,0.0,True,storico,Statistiche_Fantacalcio_Stagione_2020_21.xlsx
,177,Ilicic,Fiorentina,C,C,27.0,6.3,7.85,13.0,0.0,0.0,7.0,0.0,2.0,0.0,0.0,True,storico,Statistiche_Fantacalcio_Stagione_2015_16.xlsx
,6112,Iling Junior,Juventu,C,C,8.0,6.19,6.62,1.0,0.0,0.0,0.0,0.0,1.0,0.0,0.0,True,storico,Statistiche_Fantacalcio_Stagione_2022_23.xlsx
,6005,Ilkhan,Sampdoria,C,C,6.0,5.83,5.75,0.0,0.0,0.0,0.0,0.0,1.0,0.0,0.0,True,storico,Statistiche_Fantacalcio_Stagione_2022_23.xlsx
,2389,Imbula,Lecce,C,C,3.0,5.67,5.67,0.0,0.0,0.0,0.0,0.0,0.0,0.0,0.0,True,storico,Statistiche_Fantacalcio_Stagione_2019_20.xlsx
,6393,Infantino,Fiorentina,C,C,3.0,5.83,5.67,0.0,0.0,0.0,0.0,0.0,1.0,0.0,0.0,True,storico,Statistiche_Fantacalcio_Stagione_2023_24.xlsx
,2191,Ingel on,Udine e,C,C,5.0,5.7,6.3,1.0,0.0,0.0,0.0,0.0,0.0,0.0,0.0,True,storico,Statistiche_Fantacalcio_Stagione_2017_18.xlsx
,661,Iniguez,Udine e,C,C,0.0,0.0,0.0,0.0,0.0,0.0,0.0,0.0,0.0,0.0,0.0,True,storico,Statistiche_Fantacalcio_Stagione_2015_16.xlsx
,403,Inler,Napoli,C,C,0.0,0.0,0.0,0.0,0.0,0.0,0.0,0.0,0.0,0.0,0.0,True,storico,Statistiche_Fantacalcio_Stagione_2015_16.xlsx
,627,Ionita,Verona,C,C,29.0,5.9,6.34,4.0,0.0,0.0,0.0,0.0,2.0,0.0,0.0,True,storico,Statistiche_Fantacalcio_Stagione_2015_16.xlsx
,593,Iturra,Udine e,C,C,15.0,5.5,5.23,0.0,0.0,0.0,0.0,0.0,8.0,0.0,0.0,True,storico,Statistiche_Fantacalcio_Stagione_2015_16.xlsx
,498,Ivan,Sampdoria,C,C,18.0,5.89,5.89,1.0,0.0,0.0,0.0,0.0,4.0,0.0,0.0,True,storico,Statistiche_Fantacalcio_Stagione_2015_16.xlsx
,116,Izco,Chievo,C,C,0.0,0.0,0.0,0.0,0.0,0.0,0.0,0.0,0.0,0.0,0.0,True,storico,Statistiche_Fantacalcio_Stagione_2015_16.xlsx
,7203,Ja hari,Milan,C,C,12.0,5.71,5.79,0.0,0.0,0.0,0.0,0.0,0.0,0.0,0.0,True,storico,Statistiche_Fantacalcio_2025_26.xlsx
,4384,Jagiello,Genoa,C,C,10.0,6.0,6.2,0.0,0.0,0.0,0.0,0.0,0.0,0.0,0.0,True,storico,Statistiche_Fantacalcio_Stagione_2019_20.xlsx
,434,Jajalo,Palermo,C,C,26.0,5.48,5.33,0.0,0.0,0.0,0.0,0.0,8.0,0.0,0.0,True,storico,Statistiche_Fantacalcio_Stagione_2015_16.xlsx
,4338,Jankovic,SPAL,C,C,2.0,6.0,5.75,0.0,0.0,0.0,0.0,0.0,1.0,0.0,0.0,True,storico,Statistiche_Fantacalcio_Stagione_2018_19.xlsx
,1987,Jankto,Udine e,C,C,25.0,6.08,6.72,5.0,0.0,0.0,0.0,0.0,6.0,0.0,0.0,True,storico,Statistiche_Fantacalcio_Stagione_2016_17.xlsx
,2063,Jo e' So a,Milan,C,C,17.0,5.79,5.59,0.0,0.0,0.0,0.0,0.0,5.0,0.0,0.0,True,storico,Statistiche_Fantacalcio_Stagione_2016_17.xlsx
,6254,Jo elito,Verona,C,C,0.0,0.0,0.0,0.0,0.0,0.0,0.0,0.0,0.0,0.0,0.0,True,storico,Statistiche_Fantacalcio_Stagione_2023_24.xlsx
,2078,Joao Mario N.,Inter,C,C,29.0,5.9,6.29,3.0,0.0,0.0,0.0,0.0,5.0,0.0,0.0,True,storico,Statistiche_Fantacalcio_Stagione_2016_17.xlsx
,1874,Joao Pedro,Cagliari,C,C,22.0,6.07,6.8,7.0,0.0,0.0,2.0,0.0,4.0,0.0,0.0,True,storico,Statistiche_Fantacalcio_Stagione_2016_17.xlsx
,2162,Joao Schmidt,Atalanta,C,C,0.0,0.0,0.0,0.0,0.0,0.0,0.0,0.0,0.0,0.0,0.0,True,storico,Statistiche_Fantacalcio_Stagione_2017_18.xlsx
,178,Joaquin,Fiorentina,C,C,0.0,0.0,0.0,0.0,0.0,0.0,0.0,0.0,0.0,0.0,0.0,True,storico,Statistiche_Fantacalcio_Stagione_2015_16.xlsx
,4424,Jony,Lazio,C,C,21.0,5.76,5.71,0.0,0.0,0.0,0.0,0.0,4.0,0.0,0.0,True,storico,Statistiche_Fantacalcio_Stagione_2019_20.xlsx
,404,Jorginho,Napoli,C,C,35.0,6.21,6.16,0.0,0.0,0.0,0.0,0.0,10.0,0.0,0.0,True,storico,Statistiche_Fantacalcio_Stagione_2015_16.xlsx
,6922,Ka a,Genoa,C,C,3.0,6.0,6.0,0.0,0.0,0.0,0.0,0.0,0.0,0.0,0.0,True,storico,Statistiche_Fantacalcio_Stagione_2024_25.xlsx
,2117,Ka tano,Pe cara,C,C,7.0,5.57,5.5,0.0,0.0,0.0,0.0,0.0,1.0,0.0,0.0,True,storico,Statistiche_Fantacalcio_Stagione_2016_17.xlsx
,6410,Kaba,Lecce,C,C,22.0,5.82,5.73,0.0,0.0,0.0,0.0,0.0,2.0,0.0,0.0,True,storico,Statistiche_Fantacalcio_Stagione_2023_24.xlsx
,5948,Kamada,Lazio,C,C,25.0,5.88,6.1,2.0,0.0,0.0,0.0,0.0,3.0,0.0,0.0,True,storico,Statistiche_Fantacalcio_Stagione_2023_24.xlsx
,6680,Karl trom,Udine e,C,C,37.0,5.85,5.78,0.0,0.0,0.0,0.0,0.0,9.0,0.0,0.0,True,storico,Statistiche_Fantacalcio_Stagione_2024_25.xlsx
,2850,Katuma,Udine e,C,C,0.0,0.0,0.0,0.0,0.0,0.0,0.0,0.0,0.0,0.0,0.0,True,storico,Statistiche_Fantacalcio_Stagione_2018_19.xlsx
,1850,Ke ie,Atalanta,C,C,30.0,6.25,6.73,6.0,0.0,0.0,2.0,0.0,5.0,0.0,0.0,True,storico,Statistiche_Fantacalcio_Stagione_2016_17.xlsx
,6898,Keita M.,Parma,C,C,28.0,5.73,5.66,0.0,0.0,0.0,0.0,0.0,4.0,0.0,0.0,True,storico,Statistiche_Fantacalcio_Stagione_2024_25.xlsx
,465,Keita S,Roma,C,C,19.0,5.97,6.03,1.0,0.0,0.0,0.0,0.0,4.0,0.0,0.0,True,storico,Statistiche_Fantacalcio_Stagione_2015_16.xlsx
,299,Khedira,Juventu,C,C,19.0,6.29,7.11,5.0,0.0,0.0,0.0,0.0,3.0,0.0,0.0,True,storico,Statistiche_Fantacalcio_Stagione_2015_16.xlsx
,337,Ki hna,Lazio,C,C,11.0,5.77,6.32,2.0,0.0,0.0,0.0,0.0,0.0,0.0,0.0,True,storico,Statistiche_Fantacalcio_Stagione_2015_16.xlsx
,2835,King ley,Bologna,C,C,0.0,0.0,0.0,0.0,0.0,0.0,0.0,0.0,0.0,0.0,0.0,True,storico,Statistiche_Fantacalcio_Stagione_2018_19.xlsx
,2107,Kiyine,Chievo,C,C,0.0,0.0,0.0,0.0,0.0,0.0,0.0,0.0,0.0,0.0,0.0,True,storico,Statistiche_Fantacalcio_Stagione_2017_18.xlsx
,4182,Klaa en,Inter,C,C,6.0,6.0,6.0,0.0,0.0,0.0,0.0,0.0,1.0,0.0,0.0,True,storico,Statistiche_Fantacalcio_Stagione_2023_24.xlsx
,4711,Ko tic,Juventu,C,C,36.0,6.11,6.6,3.0,0.0,0.0,0.0,0.0,3.0,0.0,0.0,True,storico,Statistiche_Fantacalcio_Stagione_2022_23.xlsx
,5438,Ko znov zky,Parma,C,C,1.0,5.0,5.0,0.0,0.0,0.0,0.0,0.0,0.0,0.0,0.0,True,storico,Statistiche_Fantacalcio_Stagione_2020_21.xlsx
,270,Kondogbia,Inter,C,C,25.0,5.84,5.84,1.0,0.0,0.0,0.0,0.0,6.0,0.0,0.0,True,storico,Statistiche_Fantacalcio_Stagione_2015_16.xlsx
,594,Kone,Fiorentina,C,C,4.0,5.5,5.5,0.0,0.0,0.0,0.0,0.0,0.0,0.0,0.0,True,storico,Statistiche_Fantacalcio_Stagione_2015_16.xlsx
,2811,Kone,Fro inone,C,C,0.0,0.0,0.0,0.0,0.0,0.0,0.0,0.0,0.0,0.0,0.0,True,storico,Statistiche_Fantacalcio_Stagione_2018_19.xlsx
,5725,Kone B.,Torino,C,C,1.0,5.0,5.0,0.0,0.0,0.0,0.0,0.0,0.0,0.0,0.0,True,storico,Statistiche_Fantacalcio_Stagione_2021_22.xlsx
,5589,Kone' M.,Roma,C,C,33.0,6.26,6.38,2.0,0.0,0.0,0.0,0.0,6.0,0.0,0.0,True,storico,Statistiche_Fantacalcio_Stagione_2024_25.xlsx
,6717,Konè I.,Sa uolo,C,C,35.0,6.19,6.63,6.0,0.0,0.0,0.0,0.0,3.0,0.0,0.0,True,storico,Statistiche_Fantacalcio_2025_26.xlsx
,5685,Koopmeiner,Atalanta,C,C,28.0,6.3,6.62,4.0,0.0,0.0,0.0,0.0,4.0,0.0,1.0,True,storico,Statistiche_Fantacalcio_Stagione_2021_22.xlsx
,5476,Kornvig,Spezia,C,C,0.0,0.0,0.0,0.0,0.0,0.0,0.0,0.0,0.0,0.0,0.0,True,storico,Statistiche_Fantacalcio_Stagione_2021_22.xlsx
,2132,Kotnik,Crotone,C,C,1.0,5.5,5.5,0.0,0.0,0.0,0.0,0.0,0.0,0.0,0.0,True,storico,Statistiche_Fantacalcio_Stagione_2016_17.xlsx
,6897,Kouda,Parma,C,C,0.0,0.0,0.0,0.0,0.0,0.0,0.0,0.0,0.0,0.0,0.0,True,storico,Statistiche_Fantacalcio_Stagione_2024_25.xlsx
,5782,Kourfalidi,Cagliari,C,C,0.0,0.0,0.0,0.0,0.0,0.0,0.0,0.0,0.0,0.0,0.0,True,storico,Statistiche_Fantacalcio_Stagione_2023_24.xlsx
,7474,Kout oupia,Fro inone,C,C,0.0,0.0,0.0,0.0,0.0,0.0,0.0,0.0,0.0,0.0,0.0,True,corrente_pre_stagione,Statistiche_Fantacalcio_Stagione_2026_27.xlsx
,271,Kovacic,Inter,C,C,0.0,0.0,0.0,0.0,0.0,0.0,0.0,0.0,0.0,0.0,0.0,True,storico,Statistiche_Fantacalcio_Stagione_2015_16.xlsx
,5397,Kovalenko,Atalanta,C,C,0.0,0.0,0.0,0.0,0.0,0.0,0.0,0.0,0.0,0.0,0.0,True,storico,Statistiche_Fantacalcio_Stagione_2020_21.xlsx
,499,Kr ticic,Sampdoria,C,C,7.0,5.5,5.07,0.0,0.0,0.0,0.0,0.0,5.0,0.0,1.0,True,storico,Statistiche_Fantacalcio_Stagione_2015_16.xlsx
,772,Kragl,Fro inone,C,C,13.0,6.04,6.12,1.0,0.0,0.0,0.0,0.0,4.0,0.0,0.0,True,storico,Statistiche_Fantacalcio_Stagione_2015_16.xlsx
,1858,Krejci,Bologna,C,C,35.0,5.87,6.13,1.0,0.0,0.0,1.0,0.0,2.0,0.0,0.0,True,storico,Statistiche_Fantacalcio_Stagione_2016_17.xlsx
,730,Krivicic,Bologna,C,C,0.0,0.0,0.0,0.0,0.0,0.0,0.0,0.0,0.0,0.0,0.0,True,storico,Statistiche_Fantacalcio_Stagione_2015_16.xlsx
,148,Krunic,Empoli,C,C,12.0,5.92,6.04,1.0,0.0,0.0,0.0,0.0,3.0,0.0,0.0,True,storico,Statistiche_Fantacalcio_Stagione_2015_16.xlsx
,234,Kucka,Milan,C,C,29.0,6.0,6.03,1.0,0.0,0.0,0.0,0.0,11.0,0.0,0.0,True,storico,Statistiche_Fantacalcio_Stagione_2015_16.xlsx
,2833,Kulu ev ki,Atalanta,C,C,3.0,5.5,5.5,0.0,0.0,0.0,0.0,0.0,0.0,0.0,0.0,True,storico,Statistiche_Fantacalcio_Stagione_2018_19.xlsx
,2081,Kum,Udine e,C,C,26.0,5.81,5.79,0.0,0.0,0.0,0.0,0.0,3.0,0.0,0.0,True,storico,Statistiche_Fantacalcio_Stagione_2016_17.xlsx
,28,Kurtic,Atalanta,C,C,31.0,5.87,5.95,2.0,0.0,0.0,0.0,0.0,5.0,0.0,0.0,True,storico,Statistiche_Fantacalcio_Stagione_2015_16.xlsx
,6479,Kutlu,Genoa,C,C,6.0,6.0,6.0,0.0,0.0,0.0,0.0,0.0,0.0,0.0,0.0,True,storico,Statistiche_Fantacalcio_Stagione_2023_24.xlsx
,793,Kuzmanovic,Udine e,C,C,15.0,5.77,5.6,0.0,0.0,0.0,0.0,0.0,5.0,0.0,0.0,True,storico,Statistiche_Fantacalcio_Stagione_2015_16.xlsx
,5839,Kvarat khelia,Napoli,C,C,34.0,6.62,7.96,12.0,0.0,0.0,2.0,0.0,1.0,0.0,0.0,True,storico,Statistiche_Fantacalcio_Stagione_2022_23.xlsx
,4935,Ladinetti,Cagliari,C,C,0.0,0.0,0.0,0.0,0.0,0.0,0.0,0.0,0.0,0.0,0.0,True,storico,Statistiche_Fantacalcio_Stagione_2020_21.xlsx
,7357,Lahdo,Como,C,C,0.0,0.0,0.0,0.0,0.0,0.0,0.0,0.0,0.0,0.0,0.0,True,storico,Statistiche_Fantacalcio_2025_26.xlsx
,4506,Lakti,Fiorentina,C,C,0.0,0.0,0.0,0.0,0.0,0.0,0.0,0.0,0.0,0.0,0.0,True,storico,Statistiche_Fantacalcio_Stagione_2019_20.xlsx
,629,Laner,Verona,C,C,0.0,0.0,0.0,0.0,0.0,0.0,0.0,0.0,0.0,0.0,0.0,True,storico,Statistiche_Fantacalcio_Stagione_2017_18.xlsx
,527,Laribi,Sa uolo,C,C,8.0,5.88,5.88,0.0,0.0,0.0,0.0,0.0,0.0,0.0,0.0,True,storico,Statistiche_Fantacalcio_Stagione_2015_16.xlsx
,235,Laxalt,Genoa,C,C,35.0,6.04,6.34,3.0,0.0,0.0,0.0,0.0,3.0,0.0,0.0,True,storico,Statistiche_Fantacalcio_Stagione_2015_16.xlsx
,4385,Lazaro,Inter,C,C,6.0,5.83,5.83,0.0,0.0,0.0,0.0,0.0,2.0,0.0,0.0,True,storico,Statistiche_Fantacalcio_Stagione_2019_20.xlsx
,236,Lazovic,Genoa,C,C,14.0,5.79,5.93,0.0,0.0,0.0,0.0,0.0,0.0,0.0,0.0,True,storico,Statistiche_Fantacalcio_Stagione_2015_16.xlsx
,2263,Lazzari,SPAL,C,C,35.0,6.14,6.29,2.0,0.0,0.0,0.0,0.0,4.0,0.0,0.0,True,storico,Statistiche_Fantacalcio_Stagione_2017_18.xlsx
,82,Lazzari A.,Carpi,C,C,5.0,5.6,5.6,1.0,0.0,0.0,1.0,0.0,1.0,0.0,0.0,True,storico,Statistiche_Fantacalcio_Stagione_2015_16.xlsx
,6299,Le Fee,Roma,C,C,5.0,6.0,5.9,0.0,0.0,0.0,0.0,0.0,1.0,0.0,0.0,True,storico,Statistiche_Fantacalcio_Stagione_2024_25.xlsx
,6423,Legow ki,Salernitana,C,C,23.0,5.72,5.65,0.0,0.0,0.0,0.0,0.0,3.0,0.0,0.0,True,storico,Statistiche_Fantacalcio_Stagione_2023_24.xlsx
,2059,Leitner,Lazio,C,C,0.0,0.0,0.0,0.0,0.0,0.0,0.0,0.0,0.0,0.0,0.0,True,storico,Statistiche_Fantacalcio_Stagione_2016_17.xlsx
,6233,Lella,Cagliari,C,C,0.0,0.0,0.0,0.0,0.0,0.0,0.0,0.0,0.0,0.0,0.0,True,storico,Statistiche_Fantacalcio_Stagione_2023_24.xlsx
,712,Lemina,Juventu,C,C,10.0,6.1,6.5,2.0,0.0,0.0,0.0,0.0,4.0,0.0,0.0,True,storico,Statistiche_Fantacalcio_Stagione_2015_16.xlsx
,5312,Leo' Sena,Spezia,C,C,15.0,5.93,5.93,0.0,0.0,0.0,0.0,0.0,0.0,0.0,0.0,True,storico,Statistiche_Fantacalcio_Stagione_2020_21.xlsx
,4330,Lerager,Genoa,C,C,14.0,5.68,5.75,1.0,0.0,0.0,0.0,0.0,4.0,0.0,0.0,True,storico,Statistiche_Fantacalcio_Stagione_2018_19.xlsx
,5873,Li tkow ki,Lecce,C,C,4.0,5.88,5.88,0.0,0.0,0.0,0.0,0.0,0.0,0.0,0.0,True,storico,Statistiche_Fantacalcio_Stagione_2022_23.xlsx
,6678,Liberali,Milan,C,C,1.0,6.0,6.0,0.0,0.0,0.0,0.0,0.0,0.0,0.0,0.0,True,storico,Statistiche_Fantacalcio_Stagione_2024_25.xlsx
,5949,Lind trom,Napoli,C,C,16.0,5.91,5.84,0.0,0.0,0.0,0.0,0.0,2.0,0.0,0.0,True,storico,Statistiche_Fantacalcio_Stagione_2023_24.xlsx
,2008,Linetty,Sampdoria,C,C,35.0,5.96,6.09,1.0,0.0,0.0,0.0,0.0,5.0,0.0,0.0,True,storico,Statistiche_Fantacalcio_Stagione_2016_17.xlsx
,6246,Lipani,Sa uolo,C,C,7.0,6.0,6.0,0.0,0.0,0.0,0.0,0.0,0.0,0.0,0.0,True,storico,Statistiche_Fantacalcio_Stagione_2023_24.xlsx
,7165,Liteta,Cagliari,C,C,4.0,5.75,5.75,0.0,0.0,0.0,0.0,0.0,0.0,0.0,0.0,True,storico,Statistiche_Fantacalcio_2025_26.xlsx
,4287,Lobotka,Napoli,C,C,13.0,6.12,6.12,0.0,0.0,0.0,0.0,0.0,0.0,0.0,0.0,True,storico,Statistiche_Fantacalcio_Stagione_2019_20.xlsx
,827,Locatelli,Milan,C,C,1.0,5.0,4.5,0.0,0.0,0.0,0.0,0.0,1.0,0.0,0.0,True,storico,Statistiche_Fantacalcio_Stagione_2015_16.xlsx
,755,Lodi,Udine e,C,C,23.0,5.78,5.85,1.0,0.0,0.0,0.0,0.0,3.0,0.0,0.0,True,storico,Statistiche_Fantacalcio_Stagione_2015_16.xlsx
,4199,Loftu -Cheek,Milan,C,C,29.0,6.12,6.69,6.0,0.0,0.0,0.0,0.0,5.0,0.0,0.0,True,storico,Statistiche_Fantacalcio_Stagione_2023_24.xlsx
,83,Lollo,Carpi,C,C,26.0,5.81,5.92,3.0,0.0,0.0,0.0,0.0,10.0,0.0,0.0,True,storico,Statistiche_Fantacalcio_Stagione_2015_16.xlsx
,4681,Lopez M.,Sa uolo,C,C,28.0,5.86,5.95,2.0,0.0,0.0,0.0,0.0,7.0,0.0,0.0,True,storico,Statistiche_Fantacalcio_Stagione_2020_21.xlsx
,7254,Lorran,Pi a,C,C,4.0,5.88,6.62,1.0,0.0,0.0,0.0,0.0,0.0,0.0,0.0,True,storico,Statistiche_Fantacalcio_2025_26.xlsx
,5850,Lovric,Udine e,C,C,36.0,6.18,6.71,5.0,0.0,0.0,0.0,0.0,4.0,0.0,0.0,True,storico,Statistiche_Fantacalcio_Stagione_2022_23.xlsx
,7331,Loyola,Pi a,C,C,11.0,5.55,5.73,1.0,0.0,0.0,0.0,0.0,0.0,0.0,0.0,True,storico,Statistiche_Fantacalcio_2025_26.xlsx
,595,Luca  Evangeli ta,Udine e,C,C,0.0,0.0,0.0,0.0,0.0,0.0,0.0,0.0,0.0,0.0,0.0,True,storico,Statistiche_Fantacalcio_Stagione_2015_16.xlsx
,4499,Luca  Felippe,Verona,C,C,1.0,6.0,6.0,0.0,0.0,0.0,0.0,0.0,0.0,0.0,0.0,True,storico,Statistiche_Fantacalcio_Stagione_2019_20.xlsx
,2209,Luca  Leiva,Lazio,C,C,36.0,6.32,6.39,2.0,0.0,0.0,0.0,0.0,9.0,0.0,0.0,True,storico,Statistiche_Fantacalcio_Stagione_2017_18.xlsx
,5301,Lui  Henrique,Inter,C,C,27.0,5.89,6.06,1.0,0.0,0.0,0.0,0.0,1.0,0.0,0.0,True,storico,Statistiche_Fantacalcio_2025_26.xlsx
,2009,Lukic,Torino,C,C,12.0,5.54,5.29,0.0,0.0,0.0,0.0,0.0,6.0,0.0,0.0,True,storico,Statistiche_Fantacalcio_Stagione_2016_17.xlsx
,338,Lulic,Lazio,C,C,30.0,5.85,6.07,3.0,0.0,0.0,0.0,0.0,9.0,0.0,0.0,True,storico,Statistiche_Fantacalcio_Stagione_2015_16.xlsx
,500,Lulic K,Sampdoria,C,C,0.0,0.0,0.0,0.0,0.0,0.0,0.0,0.0,0.0,0.0,0.0,True,storico,Statistiche_Fantacalcio_Stagione_2015_16.xlsx
,6917,Ma ini,Genoa,C,C,18.0,6.06,6.17,1.0,0.0,0.0,0.0,0.0,2.0,0.0,0.0,True,storico,Statistiche_Fantacalcio_Stagione_2024_25.xlsx
,7078,Ma tantuono,Fiorentina,C,C,0.0,0.0,0.0,0.0,0.0,0.0,0.0,0.0,0.0,0.0,0.0,True,corrente_pre_stagione,Statistiche_Fantacalcio_Stagione_2026_27.xlsx
,4989,Ma tinu,Spezia,C,C,1.0,5.5,5.5,0.0,0.0,0.0,0.0,0.0,0.0,0.0,0.0,True,storico,Statistiche_Fantacalcio_Stagione_2020_21.xlsx
,370,Ma tour,Milan,C,C,0.0,0.0,0.0,0.0,0.0,0.0,0.0,0.0,0.0,0.0,0.0,True,storico,Statistiche_Fantacalcio_Stagione_2015_16.xlsx
,2648,Machach,Napoli,C,C,0.0,0.0,0.0,0.0,0.0,0.0,0.0,0.0,0.0,0.0,0.0,True,storico,Statistiche_Fantacalcio_Stagione_2017_18.xlsx
,666,Machin,Parma,C,C,2.0,5.75,6.25,0.0,0.0,0.0,0.0,0.0,0.0,0.0,0.0,True,storico,Statistiche_Fantacalcio_Stagione_2018_19.xlsx
,4988,Maggiore,Spezia,C,C,32.0,6.09,6.36,3.0,0.0,0.0,0.0,0.0,3.0,0.0,0.0,True,storico,Statistiche_Fantacalcio_Stagione_2020_21.xlsx
,528,Magnanelli,Sa uolo,C,C,34.0,6.09,6.06,1.0,0.0,0.0,0.0,0.0,8.0,0.0,0.0,True,storico,Statistiche_Fantacalcio_Stagione_2015_16.xlsx
,651,Maiello,Empoli,C,C,10.0,5.75,5.7,0.0,0.0,0.0,0.0,0.0,1.0,0.0,0.0,True,storico,Statistiche_Fantacalcio_Stagione_2015_16.xlsx
,4475,Majer,Lecce,C,C,27.0,5.94,5.96,1.0,0.0,0.0,0.0,0.0,7.0,0.0,0.0,True,storico,Statistiche_Fantacalcio_Stagione_2019_20.xlsx
,5329,Makengo,Udine e,C,C,13.0,5.81,5.77,0.0,0.0,0.0,0.0,0.0,1.0,0.0,0.0,True,storico,Statistiche_Fantacalcio_Stagione_2020_21.xlsx
,6232,Makoumbou,Cagliari,C,C,32.0,5.62,5.61,1.0,0.0,0.0,0.0,0.0,3.0,0.0,0.0,True,storico,Statistiche_Fantacalcio_Stagione_2023_24.xlsx
,6157,Malagrida,Sampdoria,C,C,3.0,6.0,5.83,0.0,0.0,0.0,0.0,0.0,2.0,0.0,0.0,True,storico,Statistiche_Fantacalcio_Stagione_2022_23.xlsx
,4896,Maldini,Milan,C,C,1.0,6.0,6.0,0.0,0.0,0.0,0.0,0.0,0.0,0.0,0.0,True,storico,Statistiche_Fantacalcio_Stagione_2019_20.xlsx
,5457,Maleh,Fiorentina,C,C,23.0,6.07,6.26,2.0,0.0,0.0,0.0,0.0,5.0,0.0,0.0,True,storico,Statistiche_Fantacalcio_Stagione_2021_22.xlsx
,4427,Malinov kyi,Atalanta,C,C,32.0,6.27,6.91,8.0,0.0,0.0,1.0,0.0,5.0,0.0,0.0,True,storico,Statistiche_Fantacalcio_Stagione_2019_20.xlsx
,1933,Mandragora,Juventu,C,C,0.0,0.0,0.0,0.0,0.0,0.0,0.0,0.0,0.0,0.0,0.0,True,storico,Statistiche_Fantacalcio_Stagione_2016_17.xlsx
,6872,Manzoni,Atalanta,C,C,0.0,0.0,0.0,0.0,0.0,0.0,0.0,0.0,0.0,0.0,0.0,True,storico,Statistiche_Fantacalcio_Stagione_2024_25.xlsx
,300,Marchi io,Juventu,C,C,22.0,6.27,6.18,0.0,0.0,0.0,0.0,0.0,8.0,0.0,0.0,True,storico,Statistiche_Fantacalcio_Stagione_2015_16.xlsx
,501,Marchionni,Sampdoria,C,C,0.0,0.0,0.0,0.0,0.0,0.0,0.0,0.0,0.0,0.0,0.0,True,storico,Statistiche_Fantacalcio_Stagione_2015_16.xlsx
,6645,Marchwin ki,Lecce,C,C,0.0,0.0,0.0,0.0,0.0,0.0,0.0,0.0,0.0,0.0,0.0,True,storico,Statistiche_Fantacalcio_Stagione_2024_25.xlsx
,5834,Marco  Antonio,Lazio,C,C,12.0,6.0,6.25,1.0,0.0,0.0,0.0,0.0,2.0,0.0,0.0,True,storico,Statistiche_Fantacalcio_Stagione_2022_23.xlsx
,435,Mare ca,Palermo,C,C,13.0,6.19,6.31,1.0,0.0,0.0,0.0,0.0,3.0,0.0,0.0,True,storico,Statistiche_Fantacalcio_Stagione_2015_16.xlsx
,4965,Marin,Cagliari,C,C,37.0,5.99,6.28,3.0,0.0,0.0,0.0,0.0,6.0,0.0,0.0,True,storico,Statistiche_Fantacalcio_Stagione_2020_21.xlsx
,7149,Marin M.,Pi a,C,C,20.0,5.88,5.7,0.0,0.0,0.0,0.0,0.0,7.0,0.0,0.0,True,storico,Statistiche_Fantacalcio_2025_26.xlsx
,4405,Maroni,Sampdoria,C,C,4.0,5.5,5.0,0.0,0.0,0.0,1.0,0.0,0.0,0.0,0.0,True,storico,Statistiche_Fantacalcio_Stagione_2019_20.xlsx
,466,Marquinho,Udine e,C,C,8.0,5.56,5.44,0.0,0.0,0.0,0.0,0.0,3.0,0.0,0.0,True,storico,Statistiche_Fantacalcio_Stagione_2015_16.xlsx
,84,Marrone,Verona,C,C,21.0,5.74,5.86,1.0,0.0,0.0,0.0,0.0,7.0,0.0,0.0,True,storico,Statistiche_Fantacalcio_Stagione_2015_16.xlsx
,6448,Martegani,Salernitana,C,C,15.0,5.83,6.0,1.0,0.0,0.0,0.0,0.0,1.0,0.0,0.0,True,storico,Statistiche_Fantacalcio_Stagione_2023_24.xlsx
,6920,Martin  K.,Monza,C,C,6.0,5.92,6.0,0.0,0.0,0.0,0.0,0.0,1.0,0.0,0.0,True,storico,Statistiche_Fantacalcio_Stagione_2024_25.xlsx
,85,Martinho,Carpi,C,C,10.0,5.8,5.65,0.0,0.0,0.0,0.0,0.0,3.0,0.0,0.0,True,storico,Statistiche_Fantacalcio_Stagione_2015_16.xlsx
,2188,Maru ic,Lazio,C,C,31.0,6.03,6.37,3.0,0.0,0.0,0.0,0.0,3.0,0.0,0.0,True,storico,Statistiche_Fantacalcio_Stagione_2017_18.xlsx
,5511,Matheu  Henrique,Sa uolo,C,C,20.0,5.88,5.8,0.0,0.0,0.0,0.0,0.0,3.0,0.0,0.0,True,storico,Statistiche_Fantacalcio_Stagione_2021_22.xlsx
,1913,Matheu  Pereira,Juventu,C,C,0.0,0.0,0.0,0.0,0.0,0.0,0.0,0.0,0.0,0.0,0.0,True,storico,Statistiche_Fantacalcio_Stagione_2016_17.xlsx
,2528,Matic,Roma,C,C,34.0,6.16,6.32,2.0,0.0,0.0,0.0,0.0,5.0,0.0,0.0,True,storico,Statistiche_Fantacalcio_Stagione_2022_23.xlsx
,2306,Matuidi,Juventu,C,C,30.0,6.1,6.38,3.0,0.0,0.0,0.0,0.0,3.0,0.0,0.0,True,storico,Statistiche_Fantacalcio_Stagione_2017_18.xlsx
,734,Matuzalem,Verona,C,C,3.0,5.33,5.17,0.0,0.0,0.0,0.0,0.0,1.0,0.0,0.0,True,storico,Statistiche_Fantacalcio_Stagione_2015_16.xlsx
,665,Mauri,Lazio,C,C,10.0,5.8,6.2,1.0,0.0,0.0,0.0,0.0,0.0,0.0,0.0,True,storico,Statistiche_Fantacalcio_Stagione_2015_16.xlsx
,371,Mauri J,Milan,C,C,4.0,6.0,5.75,0.0,0.0,0.0,0.0,0.0,2.0,0.0,0.0,True,storico,Statistiche_Fantacalcio_Stagione_2015_16.xlsx
,1905,Mazzarani,Crotone,C,C,0.0,0.0,0.0,0.0,0.0,0.0,0.0,0.0,0.0,0.0,0.0,True,storico,Statistiche_Fantacalcio_Stagione_2016_17.xlsx
,1976,Mazzitelli,Sa uolo,C,C,16.0,5.97,6.03,1.0,0.0,0.0,0.0,0.0,8.0,0.0,0.0,True,storico,Statistiche_Fantacalcio_Stagione_2016_17.xlsx
,6216,Mboula,Verona,C,C,7.0,5.71,5.86,0.0,0.0,0.0,0.0,0.0,0.0,0.0,0.0,True,storico,Statistiche_Fantacalcio_Stagione_2023_24.xlsx
,4777,McTominay,Napoli,C,C,34.0,6.56,7.66,12.0,0.0,0.0,0.0,0.0,3.0,0.0,0.0,True,storico,Statistiche_Fantacalcio_Stagione_2024_25.xlsx
,4973,Mckennie,Juventu,C,C,33.0,6.17,6.61,5.0,0.0,0.0,0.0,0.0,5.0,0.0,0.0,True,storico,Statistiche_Fantacalcio_Stagione_2020_21.xlsx
,2658,Medeiro,Genoa,C,C,10.0,6.1,6.75,2.0,0.0,0.0,0.0,0.0,1.0,0.0,0.0,True,storico,Statistiche_Fantacalcio_Stagione_2017_18.xlsx
,272,Medel,Inter,C,C,28.0,6.09,6.05,1.0,0.0,0.0,0.0,0.0,10.0,0.0,0.0,True,storico,Statistiche_Fantacalcio_Stagione_2015_16.xlsx
,7409,Meichtry,Genoa,C,C,0.0,0.0,0.0,0.0,0.0,0.0,0.0,0.0,0.0,0.0,0.0,True,corrente_pre_stagione,Statistiche_Fantacalcio_Stagione_2026_27.xlsx
,2789,Meite,Torino,C,C,34.0,6.06,6.19,2.0,0.0,0.0,0.0,0.0,7.0,0.0,0.0,True,storico,Statistiche_Fantacalcio_Stagione_2018_19.xlsx
,2245,Melara,Benevento,C,C,0.0,0.0,0.0,0.0,0.0,0.0,0.0,0.0,0.0,0.0,0.0,True,storico,Statistiche_Fantacalcio_Stagione_2017_18.xlsx
,2121,Melegoni,Atalanta,C,C,1.0,6.0,6.0,0.0,0.0,0.0,0.0,0.0,0.0,0.0,0.0,True,storico,Statistiche_Fantacalcio_Stagione_2016_17.xlsx
,1955,Memu haj,Pe cara,C,C,36.0,5.76,5.69,1.0,0.0,0.0,2.0,0.0,3.0,0.0,0.0,True,storico,Statistiche_Fantacalcio_Stagione_2016_17.xlsx
,596,Merkel,Udine e,C,C,1.0,6.0,5.5,0.0,0.0,0.0,0.0,0.0,1.0,0.0,0.0,True,storico,Statistiche_Fantacalcio_Stagione_2015_16.xlsx
,529,Mi iroli,Sa uolo,C,C,23.0,6.22,6.3,2.0,0.0,0.0,0.0,0.0,6.0,0.0,0.0,True,storico,Statistiche_Fantacalcio_Stagione_2015_16.xlsx
,29,Migliaccio,Atalanta,C,C,15.0,5.8,5.67,0.0,0.0,0.0,0.0,0.0,2.0,0.0,0.0,True,storico,Statistiche_Fantacalcio_Stagione_2015_16.xlsx
,2011,Miguel Velo o,Genoa,C,C,23.0,5.91,5.8,0.0,0.0,0.0,0.0,0.0,7.0,0.0,0.0,True,storico,Statistiche_Fantacalcio_Stagione_2016_17.xlsx
,5829,Milane e,Cremone e,C,C,1.0,5.5,5.5,0.0,0.0,0.0,0.0,0.0,0.0,0.0,0.0,True,storico,Statistiche_Fantacalcio_Stagione_2022_23.xlsx
,645,Milinkovic-Savic,Lazio,C,C,23.0,6.02,6.0,1.0,0.0,0.0,0.0,0.0,5.0,0.0,0.0,True,storico,Statistiche_Fantacalcio_Stagione_2015_16.xlsx
,7412,Milla,Como,C,C,0.0,0.0,0.0,0.0,0.0,0.0,0.0,0.0,0.0,0.0,0.0,True,corrente_pre_stagione,Statistiche_Fantacalcio_Stagione_2026_27.xlsx
,7208,Miller L.,Udine e,C,C,19.0,5.92,5.95,0.0,0.0,0.0,0.0,0.0,4.0,0.0,0.0,True,storico,Statistiche_Fantacalcio_2025_26.xlsx
,1936,Minala,Lazio,C,C,0.0,0.0,0.0,0.0,0.0,0.0,0.0,0.0,0.0,0.0,0.0,True,storico,Statistiche_Fantacalcio_Stagione_2016_17.xlsx
,5001,Miranchuk,Atalanta,C,C,16.0,6.22,7.03,4.0,0.0,0.0,0.0,0.0,0.0,0.0,0.0,True,storico,Statistiche_Fantacalcio_Stagione_2020_21.xlsx
,5813,Miretti,Juventu,C,C,4.0,6.0,6.0,0.0,0.0,0.0,0.0,0.0,0.0,0.0,0.0,True,storico,Statistiche_Fantacalcio_Stagione_2021_22.xlsx
,1956,Mitrita,Pe cara,C,C,15.0,5.7,6.0,1.0,0.0,0.0,0.0,0.0,1.0,0.0,0.0,True,storico,Statistiche_Fantacalcio_Stagione_2016_17.xlsx
,6579,Mitrovic S.,Verona,C,C,10.0,5.9,5.9,0.0,0.0,0.0,0.0,0.0,0.0,0.0,0.0,True,storico,Statistiche_Fantacalcio_Stagione_2023_24.xlsx
,2529,Mkhitaryan,Roma,C,C,22.0,6.25,7.59,9.0,0.0,0.0,0.0,0.0,5.0,0.0,0.0,True,storico,Statistiche_Fantacalcio_Stagione_2019_20.xlsx
,2488,Mo e,Inter,C,C,10.0,6.15,6.4,0.0,0.0,0.0,0.0,0.0,1.0,0.0,0.0,True,storico,Statistiche_Fantacalcio_Stagione_2019_20.xlsx
,2606,Modric,Milan,C,C,33.0,6.45,6.67,2.0,0.0,0.0,0.0,0.0,4.0,0.0,0.0,True,storico,Statistiche_Fantacalcio_2025_26.xlsx
,1851,Molina S.,Crotone,C,C,29.0,5.84,5.93,1.0,0.0,0.0,0.0,0.0,1.0,0.0,1.0,True,storico,Statistiche_Fantacalcio_Stagione_2020_21.xlsx
,4353,Montiel,Fiorentina,C,C,0.0,0.0,0.0,0.0,0.0,0.0,0.0,0.0,0.0,0.0,0.0,True,storico,Statistiche_Fantacalcio_Stagione_2018_19.xlsx
,372,Montolivo,Milan,C,C,31.0,5.79,5.74,0.0,0.0,0.0,0.0,0.0,5.0,0.0,0.0,True,storico,Statistiche_Fantacalcio_Stagione_2015_16.xlsx
,2264,Mora,SPAL,C,C,17.0,5.82,5.68,0.0,0.0,0.0,0.0,0.0,5.0,0.0,0.0,True,storico,Statistiche_Fantacalcio_Stagione_2017_18.xlsx
,7556,Mora,Roma,C,C,0.0,0.0,0.0,0.0,0.0,0.0,0.0,0.0,0.0,0.0,0.0,True,corrente_pre_stagione,Statistiche_Fantacalcio_Stagione_2026_27.xlsx
,31,Moralez,Atalanta,C,C,17.0,6.24,6.35,1.0,0.0,0.0,1.0,0.0,2.0,0.0,0.0,True,storico,Statistiche_Fantacalcio_Stagione_2015_16.xlsx
,6372,Moreira,Milan,C,C,0.0,0.0,0.0,0.0,0.0,0.0,0.0,0.0,0.0,0.0,0.0,True,corrente_pre_stagione,Statistiche_Fantacalcio_Stagione_2026_27.xlsx
,6054,Moro N.,Bologna,C,C,25.0,6.04,6.3,1.0,0.0,0.0,0.0,0.0,1.0,0.0,0.0,True,storico,Statistiche_Fantacalcio_Stagione_2022_23.xlsx
,2106,Moro ini,Genoa,C,C,2.0,5.75,5.75,0.0,0.0,0.0,0.0,0.0,0.0,0.0,0.0,True,storico,Statistiche_Fantacalcio_Stagione_2016_17.xlsx
,339,Morri on,Lazio,C,C,1.0,5.5,5.5,0.0,0.0,0.0,0.0,0.0,0.0,0.0,0.0,True,storico,Statistiche_Fantacalcio_Stagione_2015_16.xlsx
,703,Mounier,Bologna,C,C,28.0,5.86,6.25,4.0,0.0,0.0,0.0,0.0,6.0,0.0,0.0,True,storico,Statistiche_Fantacalcio_Stagione_2015_16.xlsx
,5295,Mu ah,Milan,C,C,25.0,5.92,5.86,0.0,0.0,0.0,0.0,0.0,5.0,0.0,0.0,True,storico,Statistiche_Fantacalcio_Stagione_2023_24.xlsx
,4969,Mu tacchio,Crotone,C,C,0.0,0.0,0.0,0.0,0.0,0.0,0.0,0.0,0.0,0.0,0.0,True,storico,Statistiche_Fantacalcio_Stagione_2020_21.xlsx
,1875,Munari,Cagliari,C,C,7.0,5.64,5.36,0.0,0.0,0.0,0.0,0.0,5.0,0.0,0.0,True,storico,Statistiche_Fantacalcio_Stagione_2016_17.xlsx
,2123,Muntari,Pe cara,C,C,9.0,5.39,5.39,1.0,0.0,0.0,0.0,0.0,4.0,0.0,0.0,True,storico,Statistiche_Fantacalcio_Stagione_2016_17.xlsx
,2003,Murgia,Lazio,C,C,9.0,5.94,6.56,2.0,0.0,0.0,0.0,0.0,1.0,0.0,0.0,True,storico,Statistiche_Fantacalcio_Stagione_2016_17.xlsx
,2066,Muric R.,Pe cara,C,C,4.0,6.12,6.88,1.0,0.0,0.0,0.0,0.0,0.0,0.0,0.0,True,storico,Statistiche_Fantacalcio_Stagione_2016_17.xlsx
,436,N'goyi,Palermo,C,C,0.0,0.0,0.0,0.0,0.0,0.0,0.0,0.0,0.0,0.0,0.0,True,storico,Statistiche_Fantacalcio_Stagione_2015_16.xlsx
,1859,Nagy,Bologna,C,C,24.0,5.79,5.71,0.0,0.0,0.0,0.0,0.0,4.0,0.0,0.0,True,storico,Statistiche_Fantacalcio_Stagione_2016_17.xlsx
,467,Nainggolan,Roma,C,C,35.0,6.33,6.7,6.0,0.0,0.0,0.0,0.0,10.0,0.0,0.0,True,storico,Statistiche_Fantacalcio_Stagione_2015_16.xlsx
,4514,Nandez,Cagliari,C,C,35.0,6.27,6.33,2.0,0.0,0.0,0.0,0.0,14.0,0.0,0.0,True,storico,Statistiche_Fantacalcio_Stagione_2019_20.xlsx
,4447,Ndoj,Bre cia,C,C,15.0,5.63,5.57,0.0,0.0,0.0,0.0,0.0,2.0,0.0,0.0,True,storico,Statistiche_Fantacalcio_Stagione_2019_20.xlsx
,4143,Ndombele,Napoli,C,C,18.0,5.89,5.97,1.0,0.0,0.0,0.0,0.0,5.0,0.0,0.0,True,storico,Statistiche_Fantacalcio_Stagione_2022_23.xlsx
,6294,Ndour,Fiorentina,C,C,7.0,5.71,5.64,0.0,0.0,0.0,0.0,0.0,1.0,0.0,0.0,True,storico,Statistiche_Fantacalcio_Stagione_2024_25.xlsx
,5564,Ndoye,Bologna,C,C,31.0,6.02,6.08,1.0,0.0,0.0,0.0,0.0,4.0,0.0,0.0,True,storico,Statistiche_Fantacalcio_Stagione_2023_24.xlsx
,6831,Nere,Napoli,C,C,25.0,6.32,6.72,2.0,0.0,0.0,0.0,0.0,2.0,0.0,0.0,True,storico,Statistiche_Fantacalcio_Stagione_2024_25.xlsx
,7322,Ngom,Lecce,C,C,13.0,5.69,5.65,0.0,0.0,0.0,0.0,0.0,1.0,0.0,0.0,True,storico,Statistiche_Fantacalcio_2025_26.xlsx
,5722,Nguiamba,Spezia,C,C,2.0,6.25,6.0,0.0,0.0,0.0,0.0,0.0,1.0,0.0,0.0,True,storico,Statistiche_Fantacalcio_Stagione_2021_22.xlsx
,5540,Nia e,Verona,C,C,11.0,5.5,5.32,0.0,0.0,0.0,0.0,0.0,4.0,0.0,0.0,True,storico,Statistiche_Fantacalcio_Stagione_2024_25.xlsx
,4349,Nicolu i Caviglia,Juventu,C,C,2.0,6.0,6.0,0.0,0.0,0.0,0.0,0.0,0.0,0.0,0.0,True,storico,Statistiche_Fantacalcio_Stagione_2018_19.xlsx
,809,Ninkovic,Chievo,C,C,0.0,0.0,0.0,0.0,0.0,0.0,0.0,0.0,0.0,0.0,0.0,True,storico,Statistiche_Fantacalcio_Stagione_2015_16.xlsx
,373,Nocerino,Milan,C,C,2.0,5.75,5.75,0.0,0.0,0.0,0.0,0.0,0.0,0.0,0.0,True,storico,Statistiche_Fantacalcio_Stagione_2015_16.xlsx
,6507,Nonge,Juventu,C,C,1.0,5.0,4.5,0.0,0.0,0.0,0.0,0.0,1.0,0.0,0.0,True,storico,Statistiche_Fantacalcio_Stagione_2023_24.xlsx
,2830,Norgaard,Fiorentina,C,C,5.0,5.7,5.7,0.0,0.0,0.0,0.0,0.0,0.0,0.0,0.0,True,storico,Statistiche_Fantacalcio_Stagione_2018_19.xlsx
,6033,Normann,Lecce,C,C,0.0,0.0,0.0,0.0,0.0,0.0,0.0,0.0,0.0,0.0,0.0,True,storico,Statistiche_Fantacalcio_Stagione_2022_23.xlsx
,641,Ntcham,Genoa,C,C,16.0,5.75,5.75,0.0,0.0,0.0,0.0,0.0,2.0,0.0,0.0,True,storico,Statistiche_Fantacalcio_Stagione_2015_16.xlsx
,2617,Nzonzi,Roma,C,C,30.0,5.98,6.03,1.0,0.0,0.0,0.0,0.0,7.0,0.0,0.0,True,storico,Statistiche_Fantacalcio_Stagione_2018_19.xlsx
,560,Obi,Torino,C,C,8.0,5.69,5.88,1.0,0.0,0.0,0.0,0.0,1.0,0.0,0.0,True,storico,Statistiche_Fantacalcio_Stagione_2015_16.xlsx
,4501,Obiang,Sa uolo,C,C,24.0,5.81,5.65,1.0,0.0,0.0,0.0,0.0,10.0,0.0,1.0,True,storico,Statistiche_Fantacalcio_Stagione_2019_20.xlsx
,1923,Ocampo,Milan,C,C,24.0,6.02,6.33,3.0,0.0,0.0,1.0,0.0,5.0,0.0,0.0,True,storico,Statistiche_Fantacalcio_Stagione_2016_17.xlsx
,340,Oikonomidi,Lazio,C,C,0.0,0.0,0.0,0.0,0.0,0.0,0.0,0.0,0.0,0.0,0.0,True,storico,Statistiche_Fantacalcio_Stagione_2015_16.xlsx
,2100,Okwonkwo,Bologna,C,C,5.0,5.8,5.9,0.0,0.0,0.0,0.0,0.0,1.0,0.0,0.0,True,storico,Statistiche_Fantacalcio_Stagione_2016_17.xlsx
,4327,Oliva,Cagliari,C,C,0.0,0.0,0.0,0.0,0.0,0.0,0.0,0.0,0.0,0.0,0.0,True,storico,Statistiche_Fantacalcio_Stagione_2018_19.xlsx
,5759,Oliveira,Roma,C,C,13.0,5.85,6.12,2.0,0.0,0.0,1.0,0.0,5.0,0.0,0.0,True,storico,Statistiche_Fantacalcio_Stagione_2021_22.xlsx
,2293,Omeonga,Genoa,C,C,15.0,5.93,5.8,0.0,0.0,0.0,0.0,0.0,2.0,0.0,0.0,True,storico,Statistiche_Fantacalcio_Stagione_2017_18.xlsx
,6538,Onana J.,Genoa,C,C,7.0,5.86,5.79,0.0,0.0,0.0,0.0,0.0,1.0,0.0,0.0,True,storico,Statistiche_Fantacalcio_Stagione_2024_25.xlsx
,341,Onazi,Lazio,C,C,15.0,5.83,6.03,1.0,0.0,0.0,0.0,0.0,2.0,0.0,0.0,True,storico,Statistiche_Fantacalcio_Stagione_2015_16.xlsx
,6984,Ondrejka,Parma,C,C,10.0,6.35,7.85,5.0,0.0,0.0,0.0,0.0,0.0,0.0,0.0,True,storico,Statistiche_Fantacalcio_Stagione_2024_25.xlsx
,7138,Ordonez C.,Parma,C,C,21.0,5.79,5.81,1.0,0.0,0.0,0.0,0.0,3.0,0.0,0.0,True,storico,Statistiche_Fantacalcio_2025_26.xlsx
,6218,Ori tanio,Cagliari,C,C,24.0,6.1,6.38,2.0,0.0,0.0,0.0,0.0,1.0,0.0,0.0,True,storico,Statistiche_Fantacalcio_Stagione_2023_24.xlsx
,6061,Oudin,Lecce,C,C,25.0,5.98,6.3,3.0,0.0,0.0,0.0,0.0,3.0,0.0,0.0,True,storico,Statistiche_Fantacalcio_Stagione_2022_23.xlsx
,7464,Oulai,Fiorentina,C,C,0.0,0.0,0.0,0.0,0.0,0.0,0.0,0.0,0.0,0.0,0.0,True,corrente_pre_stagione,Statistiche_Fantacalcio_Stagione_2026_27.xlsx
,2077,Pa alic,Milan,C,C,23.0,5.98,6.57,5.0,0.0,0.0,0.0,0.0,5.0,0.0,0.0,True,storico,Statistiche_Fantacalcio_Stagione_2016_17.xlsx
,86,Pa ciuti,Carpi,C,C,19.0,6.03,6.34,2.0,0.0,0.0,0.0,0.0,4.0,0.0,0.0,True,storico,Statistiche_Fantacalcio_Stagione_2015_16.xlsx
,2378,Pa tore,Roma,C,C,12.0,5.92,6.75,3.0,0.0,0.0,0.0,0.0,0.0,0.0,0.0,True,storico,Statistiche_Fantacalcio_Stagione_2018_19.xlsx
,301,Padoin,Juventu,C,C,8.0,5.69,5.94,1.0,0.0,0.0,0.0,0.0,2.0,0.0,0.0,True,storico,Statistiche_Fantacalcio_Stagione_2015_16.xlsx
,5824,Pafundi,Udine e,C,C,2.0,5.75,5.75,0.0,0.0,0.0,0.0,0.0,0.0,0.0,0.0,True,storico,Statistiche_Fantacalcio_Stagione_2022_23.xlsx
,207,Paganini,Fro inone,C,C,25.0,6.08,6.28,2.0,0.0,0.0,0.0,0.0,6.0,0.0,0.0,True,storico,Statistiche_Fantacalcio_Stagione_2015_16.xlsx
,6420,Pagano,Roma,C,C,2.0,6.0,6.0,0.0,0.0,0.0,0.0,0.0,0.0,0.0,0.0,True,storico,Statistiche_Fantacalcio_Stagione_2023_24.xlsx
,1876,Pajac,Cagliari,C,C,0.0,0.0,0.0,0.0,0.0,0.0,0.0,0.0,0.0,0.0,0.0,True,storico,Statistiche_Fantacalcio_Stagione_2016_17.xlsx
,502,Palombo,Sampdoria,C,C,7.0,5.57,5.57,0.0,0.0,0.0,0.0,0.0,0.0,0.0,0.0,True,storico,Statistiche_Fantacalcio_Stagione_2015_16.xlsx
,4953,Palumbo,Udine e,C,C,1.0,5.0,5.0,0.0,0.0,0.0,0.0,0.0,0.0,0.0,0.0,True,storico,Statistiche_Fantacalcio_Stagione_2020_21.xlsx
,6131,Paoletti,Sampdoria,C,C,7.0,5.79,5.71,0.0,0.0,0.0,0.0,0.0,1.0,0.0,0.0,True,storico,Statistiche_Fantacalcio_Stagione_2022_23.xlsx
,4322,Paqueta,Milan,C,C,13.0,6.12,6.19,1.0,0.0,0.0,0.0,0.0,4.0,0.0,0.0,True,storico,Statistiche_Fantacalcio_Stagione_2018_19.xlsx
,468,Parede,Empoli,C,C,32.0,6.19,6.23,2.0,0.0,0.0,0.0,0.0,11.0,0.0,0.0,True,storico,Statistiche_Fantacalcio_Stagione_2015_16.xlsx
,342,Parolo,Lazio,C,C,30.0,5.85,6.0,3.0,0.0,0.0,0.0,0.0,9.0,0.0,0.0,True,storico,Statistiche_Fantacalcio_Stagione_2015_16.xlsx
,6481,Payero,Udine e,C,C,28.0,5.88,6.02,2.0,0.0,0.0,0.0,0.0,6.0,0.0,0.0,True,storico,Statistiche_Fantacalcio_Stagione_2023_24.xlsx
,6875,Paz N.,Como,C,C,33.0,6.38,6.95,6.0,0.0,0.0,1.0,0.0,6.0,0.0,0.0,True,storico,Statistiche_Fantacalcio_Stagione_2024_25.xlsx
,2741,Pe ina,Atalanta,C,C,5.0,6.1,6.3,0.0,0.0,0.0,0.0,0.0,0.0,0.0,0.0,True,storico,Statistiche_Fantacalcio_Stagione_2018_19.xlsx
,5489,Pecile,Venezia,C,C,0.0,0.0,0.0,0.0,0.0,0.0,0.0,0.0,0.0,0.0,0.0,True,storico,Statistiche_Fantacalcio_Stagione_2021_22.xlsx
,2333,Pedro Neto,Lazio,C,C,0.0,0.0,0.0,0.0,0.0,0.0,0.0,0.0,0.0,0.0,0.0,True,storico,Statistiche_Fantacalcio_Stagione_2017_18.xlsx
,2785,Peeter,Sampdoria,C,C,0.0,0.0,0.0,0.0,0.0,0.0,0.0,0.0,0.0,0.0,0.0,True,storico,Statistiche_Fantacalcio_Stagione_2018_19.xlsx
,530,Pellegrini Lo.,Sa uolo,C,C,16.0,5.84,6.22,3.0,0.0,0.0,0.0,0.0,4.0,0.0,0.0,True,storico,Statistiche_Fantacalcio_Stagione_2015_16.xlsx
,650,Pepe S.,Chievo,C,C,20.0,5.95,6.4,3.0,0.0,0.0,0.0,0.0,2.0,0.0,0.0,True,storico,Statistiche_Fantacalcio_Stagione_2015_16.xlsx
,7052,Perciun,Torino,C,C,2.0,6.0,6.0,0.0,0.0,0.0,0.0,0.0,0.0,0.0,0.0,True,storico,Statistiche_Fantacalcio_Stagione_2024_25.xlsx
,4249,Pereira A.,Lazio,C,C,17.0,5.79,5.88,1.0,0.0,0.0,0.0,0.0,5.0,0.0,0.0,True,storico,Statistiche_Fantacalcio_Stagione_2020_21.xlsx
,4886,Pereiro,Cagliari,C,C,8.0,5.75,5.94,1.0,0.0,0.0,0.0,0.0,3.0,0.0,0.0,True,storico,Statistiche_Fantacalcio_Stagione_2019_20.xlsx
,5490,Peretz,Venezia,C,C,15.0,5.9,5.93,0.0,0.0,0.0,0.0,0.0,2.0,0.0,0.0,True,storico,Statistiche_Fantacalcio_Stagione_2021_22.xlsx
,302,Pereyra,Juventu,C,C,13.0,5.85,5.92,0.0,0.0,0.0,0.0,0.0,0.0,0.0,0.0,True,storico,Statistiche_Fantacalcio_Stagione_2015_16.xlsx
,6994,Perez K.,Venezia,C,C,16.0,6.03,6.16,1.0,0.0,0.0,0.0,0.0,4.0,0.0,0.0,True,storico,Statistiche_Fantacalcio_Stagione_2024_25.xlsx
,704,Peri ic,Inter,C,C,33.0,6.08,6.79,7.0,0.0,0.0,0.0,0.0,5.0,0.0,0.0,True,storico,Statistiche_Fantacalcio_Stagione_2015_16.xlsx
,237,Perotti,Roma,C,C,31.0,6.27,6.77,4.0,0.0,0.0,1.0,0.0,3.0,0.0,0.0,True,storico,Statistiche_Fantacalcio_Stagione_2015_16.xlsx
,6151,Perrone,Como,C,C,25.0,5.94,5.94,0.0,0.0,0.0,0.0,0.0,6.0,0.0,0.0,True,storico,Statistiche_Fantacalcio_Stagione_2024_25.xlsx
,179,Petriccione,Lecce,C,C,31.0,5.92,5.85,0.0,0.0,0.0,0.0,0.0,10.0,0.0,0.0,True,storico,Statistiche_Fantacalcio_Stagione_2019_20.xlsx
,6190,Pi illi,Roma,C,C,0.0,0.0,0.0,0.0,0.0,0.0,0.0,0.0,0.0,0.0,0.0,True,storico,Statistiche_Fantacalcio_Stagione_2023_24.xlsx
,4334,Piazon,Chievo,C,C,3.0,5.67,5.67,0.0,0.0,0.0,0.0,0.0,0.0,0.0,0.0,True,storico,Statistiche_Fantacalcio_Stagione_2018_19.xlsx
,7145,Piccinini G.,Pi a,C,C,22.0,5.77,5.7,0.0,0.0,0.0,0.0,0.0,3.0,0.0,0.0,True,storico,Statistiche_Fantacalcio_2025_26.xlsx
,5857,Pickel,Cremone e,C,C,33.0,5.7,5.64,1.0,0.0,0.0,0.0,0.0,8.0,0.0,0.0,True,storico,Statistiche_Fantacalcio_Stagione_2022_23.xlsx
,6633,Pierret,Lecce,C,C,30.0,5.75,5.72,0.0,0.0,0.0,0.0,0.0,2.0,0.0,0.0,True,storico,Statistiche_Fantacalcio_Stagione_2024_25.xlsx
,598,Pinzi,Chievo,C,C,14.0,5.54,5.32,0.0,0.0,0.0,0.0,0.0,7.0,0.0,0.0,True,storico,Statistiche_Fantacalcio_Stagione_2015_16.xlsx
,7198,Piotrow ki,Udine e,C,C,30.0,5.88,5.95,1.0,0.0,0.0,0.0,0.0,2.0,0.0,0.0,True,storico,Statistiche_Fantacalcio_2025_26.xlsx
,469,Pjanic,Roma,C,C,33.0,6.44,7.41,10.0,0.0,0.0,1.0,0.0,10.0,0.0,1.0,True,storico,Statistiche_Fantacalcio_Stagione_2015_16.xlsx
,5298,Pobega,Spezia,C,C,20.0,6.1,6.85,6.0,0.0,0.0,0.0,0.0,6.0,0.0,0.0,True,storico,Statistiche_Fantacalcio_Stagione_2020_21.xlsx
,303,Pogba,Juventu,C,C,35.0,6.31,7.06,8.0,0.0,0.0,2.0,0.0,10.0,0.0,0.0,True,storico,Statistiche_Fantacalcio_Stagione_2015_16.xlsx
,374,Poli,Milan,C,C,12.0,5.83,5.88,0.0,0.0,0.0,0.0,0.0,1.0,0.0,0.0,True,storico,Statistiche_Fantacalcio_Stagione_2015_16.xlsx
,599,Ponti o,Udine e,C,C,0.0,0.0,0.0,0.0,0.0,0.0,0.0,0.0,0.0,0.0,0.0,True,storico,Statistiche_Fantacalcio_Stagione_2018_19.xlsx
,6563,Popovic,Monza,C,C,0.0,0.0,0.0,0.0,0.0,0.0,0.0,0.0,0.0,0.0,0.0,True,storico,Statistiche_Fantacalcio_Stagione_2023_24.xlsx
,87,Porcari,Carpi,C,C,4.0,5.5,5.38,0.0,0.0,0.0,0.0,0.0,1.0,0.0,0.0,True,storico,Statistiche_Fantacalcio_Stagione_2015_16.xlsx
,4370,Portanova,Juventu,C,C,0.0,0.0,0.0,0.0,0.0,0.0,0.0,0.0,0.0,0.0,0.0,True,storico,Statistiche_Fantacalcio_Stagione_2019_20.xlsx
,5789,Pra zelik,Verona,C,C,1.0,6.0,6.0,0.0,0.0,0.0,0.0,0.0,0.0,0.0,0.0,True,storico,Statistiche_Fantacalcio_Stagione_2021_22.xlsx
,2065,Praet,Sampdoria,C,C,31.0,5.92,5.98,1.0,0.0,0.0,0.0,0.0,4.0,0.0,0.0,True,storico,Statistiche_Fantacalcio_Stagione_2016_17.xlsx
,6424,Prati,Cagliari,C,C,26.0,5.92,6.0,1.0,0.0,0.0,0.0,0.0,4.0,0.0,0.0,True,storico,Statistiche_Fantacalcio_Stagione_2023_24.xlsx
,721,Prcic,Torino,C,C,1.0,6.0,6.0,0.0,0.0,0.0,0.0,0.0,0.0,0.0,0.0,True,storico,Statistiche_Fantacalcio_Stagione_2015_16.xlsx
,7345,Przyborek,Lazio,C,C,0.0,0.0,0.0,0.0,0.0,0.0,0.0,0.0,0.0,0.0,0.0,True,storico,Statistiche_Fantacalcio_2025_26.xlsx
,644,Pulgar,Bologna,C,C,12.0,5.67,5.58,0.0,0.0,0.0,0.0,0.0,2.0,0.0,0.0,True,storico,Statistiche_Fantacalcio_Stagione_2015_16.xlsx
,2423,Puli ic,Milan,C,C,36.0,6.33,7.5,12.0,0.0,0.0,0.0,0.0,2.0,0.0,0.0,True,storico,Statistiche_Fantacalcio_Stagione_2023_24.xlsx
,59,Pulzetti,Bologna,C,C,0.0,0.0,0.0,0.0,0.0,0.0,0.0,0.0,0.0,0.0,0.0,True,storico,Statistiche_Fantacalcio_Stagione_2015_16.xlsx
,5772,Pyyhtia,Bologna,C,C,3.0,6.0,6.33,0.0,0.0,0.0,0.0,0.0,0.0,0.0,0.0,True,storico,Statistiche_Fantacalcio_Stagione_2022_23.xlsx
,437,Quai on,Palermo,C,C,29.0,5.83,5.95,1.0,0.0,0.0,0.0,0.0,5.0,0.0,0.0,True,storico,Statistiche_Fantacalcio_Stagione_2015_16.xlsx
,4787,Quina,Udine e,C,C,0.0,0.0,0.0,0.0,0.0,0.0,0.0,0.0,0.0,0.0,0.0,True,storico,Statistiche_Fantacalcio_Stagione_2023_24.xlsx
,2379,Rabiot,Juventu,C,C,28.0,5.91,5.93,1.0,0.0,0.0,0.0,0.0,5.0,0.0,0.0,True,storico,Statistiche_Fantacalcio_Stagione_2019_20.xlsx
,5267,Racic,Sa uolo,C,C,18.0,5.89,6.08,1.0,0.0,0.0,0.0,0.0,1.0,0.0,0.0,True,storico,Statistiche_Fantacalcio_Stagione_2023_24.xlsx
,5063,Radonjic,Torino,C,C,26.0,6.19,6.54,2.0,0.0,0.0,0.0,0.0,1.0,0.0,0.0,True,storico,Statistiche_Fantacalcio_Stagione_2022_23.xlsx
,118,Radovanovic,Chievo,C,C,25.0,5.86,5.72,0.0,0.0,0.0,0.0,0.0,8.0,0.0,0.0,True,storico,Statistiche_Fantacalcio_Stagione_2015_16.xlsx
,6222,Rafia,Lecce,C,C,24.0,5.92,5.88,1.0,0.0,0.0,0.0,0.0,4.0,0.0,1.0,True,storico,Statistiche_Fantacalcio_Stagione_2023_24.xlsx
,2655,Rafinha,Inter,C,C,16.0,6.41,6.88,2.0,0.0,0.0,0.0,0.0,1.0,0.0,0.0,True,storico,Statistiche_Fantacalcio_Stagione_2017_18.xlsx
,2472,Ram ey,Juventu,C,C,22.0,6.02,6.41,3.0,0.0,0.0,0.0,0.0,2.0,0.0,0.0,True,storico,Statistiche_Fantacalcio_Stagione_2019_20.xlsx
,6394,Ramadani,Lecce,C,C,34.0,5.82,5.72,1.0,0.0,0.0,0.0,0.0,13.0,0.0,0.0,True,storico,Statistiche_Fantacalcio_Stagione_2023_24.xlsx
,2287,Ramirez,Sampdoria,C,C,36.0,5.9,6.22,3.0,0.0,0.0,0.0,0.0,9.0,0.0,0.0,True,storico,Statistiche_Fantacalcio_Stagione_2017_18.xlsx
,5884,Ranocchia F.,Monza,C,C,12.0,6.17,6.42,1.0,0.0,0.0,0.0,0.0,1.0,0.0,0.0,True,storico,Statistiche_Fantacalcio_Stagione_2022_23.xlsx
,6224,Reijnder,Milan,C,C,36.0,6.12,6.38,3.0,0.0,0.0,0.0,0.0,8.0,0.0,0.0,True,storico,Statistiche_Fantacalcio_Stagione_2023_24.xlsx
,5093,Reinier,Fro inone,C,C,16.0,5.97,6.31,2.0,0.0,0.0,0.0,0.0,3.0,0.0,0.0,True,storico,Statistiche_Fantacalcio_Stagione_2023_24.xlsx
,2543,Renato Sanche,Roma,C,C,5.0,5.8,6.2,1.0,0.0,0.0,0.0,0.0,2.0,0.0,0.0,True,storico,Statistiche_Fantacalcio_Stagione_2023_24.xlsx
,2409,Ribery,Fiorentina,C,C,21.0,6.5,6.95,3.0,0.0,0.0,0.0,0.0,3.0,0.0,0.0,True,storico,Statistiche_Fantacalcio_Stagione_2019_20.xlsx
,2852,Riccardi,Roma,C,C,0.0,0.0,0.0,0.0,0.0,0.0,0.0,0.0,0.0,0.0,0.0,True,storico,Statistiche_Fantacalcio_Stagione_2018_19.xlsx
,4990,Ricci M.,Spezia,C,C,28.0,6.0,5.95,0.0,0.0,0.0,0.0,0.0,5.0,0.0,0.0,True,storico,Statistiche_Fantacalcio_Stagione_2020_21.xlsx
,5453,Ricci S.,Torino,C,C,30.0,5.88,5.95,1.0,0.0,0.0,0.0,0.0,2.0,0.0,0.0,True,storico,Statistiche_Fantacalcio_Stagione_2021_22.xlsx
,6804,Richard on,Fiorentina,C,C,25.0,5.78,5.84,1.0,0.0,0.0,0.0,0.0,5.0,0.0,0.0,True,storico,Statistiche_Fantacalcio_Stagione_2024_25.xlsx
,438,Rigoni L,Genoa,C,C,27.0,5.98,6.31,4.0,0.0,0.0,0.0,0.0,4.0,0.0,0.0,True,storico,Statistiche_Fantacalcio_Stagione_2015_16.xlsx
,119,Rigoni N,Chievo,C,C,24.0,6.02,6.25,3.0,0.0,0.0,0.0,0.0,7.0,0.0,0.0,True,storico,Statistiche_Fantacalcio_Stagione_2015_16.xlsx
,238,Rincon,Genoa,C,C,33.0,6.24,6.5,3.0,0.0,0.0,0.0,0.0,9.0,0.0,0.0,True,storico,Statistiche_Fantacalcio_Stagione_2015_16.xlsx
,60,Rizzo,Bologna,C,C,22.0,5.91,5.91,0.0,0.0,0.0,0.0,0.0,2.0,0.0,0.0,True,storico,Statistiche_Fantacalcio_Stagione_2015_16.xlsx
,724,Rocca,Sampdoria,C,C,1.0,6.0,6.0,0.0,0.0,0.0,0.0,0.0,0.0,0.0,0.0,True,storico,Statistiche_Fantacalcio_Stagione_2015_16.xlsx
,2291,Rodriguez T,Genoa,C,C,0.0,0.0,0.0,0.0,0.0,0.0,0.0,0.0,0.0,0.0,0.0,True,storico,Statistiche_Fantacalcio_Stagione_2017_18.xlsx
,2076,Rog,Napoli,C,C,11.0,6.0,5.82,0.0,0.0,0.0,0.0,0.0,4.0,0.0,0.0,True,storico,Statistiche_Fantacalcio_Stagione_2016_17.xlsx
,2014,Rohden,Crotone,C,C,33.0,5.8,5.95,1.0,0.0,0.0,0.0,0.0,4.0,0.0,0.0,True,storico,Statistiche_Fantacalcio_Stagione_2016_17.xlsx
,5346,Roja,Crotone,C,C,2.0,5.5,5.5,0.0,0.0,0.0,0.0,0.0,1.0,0.0,0.0,True,storico,Statistiche_Fantacalcio_Stagione_2020_21.xlsx
,2856,Rolon,Genoa,C,C,17.0,5.71,5.47,0.0,0.0,0.0,0.0,0.0,9.0,0.0,0.0,True,storico,Statistiche_Fantacalcio_Stagione_2018_19.xlsx
,7311,Romano,Cagliari,C,C,0.0,0.0,0.0,0.0,0.0,0.0,0.0,0.0,0.0,0.0,0.0,True,corrente_pre_stagione,Statistiche_Fantacalcio_Stagione_2026_27.xlsx
,2326,Romero A,Crotone,C,C,2.0,5.75,5.5,0.0,0.0,0.0,0.0,0.0,2.0,0.0,0.0,True,storico,Statistiche_Fantacalcio_Stagione_2017_18.xlsx
,5510,Romero L.,Lazio,C,C,2.0,5.5,5.5,0.0,0.0,0.0,0.0,0.0,0.0,0.0,0.0,True,storico,Statistiche_Fantacalcio_Stagione_2021_22.xlsx
,149,Ronaldo P,Lazio,C,C,2.0,6.0,5.75,0.0,0.0,0.0,0.0,0.0,1.0,0.0,0.0,True,storico,Statistiche_Fantacalcio_Stagione_2015_16.xlsx
,4459,Rovella,Genoa,C,C,2.0,6.0,6.0,0.0,0.0,0.0,0.0,0.0,0.0,0.0,0.0,True,storico,Statistiche_Fantacalcio_Stagione_2019_20.xlsx
,6844,Rowe,Bologna,C,C,28.0,6.2,6.59,3.0,0.0,0.0,0.0,0.0,2.0,0.0,0.0,True,storico,Statistiche_Fantacalcio_2025_26.xlsx
,6900,Rui Mode to,Udine e,C,C,13.0,5.96,6.04,0.0,0.0,0.0,0.0,0.0,1.0,0.0,0.0,True,storico,Statistiche_Fantacalcio_Stagione_2024_25.xlsx
,2775,Ruiz,Napoli,C,C,27.0,6.3,6.89,5.0,0.0,0.0,0.0,0.0,2.0,0.0,0.0,True,storico,Statistiche_Fantacalcio_Stagione_2018_19.xlsx
,89,Sabbione,Carpi,C,C,0.0,0.0,0.0,0.0,0.0,0.0,0.0,0.0,0.0,0.0,0.0,True,storico,Statistiche_Fantacalcio_Stagione_2015_16.xlsx
,5788,Sabiri,Sampdoria,C,C,13.0,6.15,6.88,3.0,0.0,0.0,0.0,0.0,3.0,0.0,0.0,True,storico,Statistiche_Fantacalcio_Stagione_2021_22.xlsx
,6251,Saco,Napoli,C,C,0.0,0.0,0.0,0.0,0.0,0.0,0.0,0.0,0.0,0.0,0.0,True,storico,Statistiche_Fantacalcio_Stagione_2023_24.xlsx
,4892,Saelemaeker,Milan,C,C,12.0,6.0,6.08,1.0,0.0,0.0,0.0,0.0,2.0,0.0,0.0,True,storico,Statistiche_Fantacalcio_Stagione_2019_20.xlsx
,630,Sala,Sampdoria,C,C,22.0,5.61,5.48,0.0,0.0,0.0,0.0,0.0,8.0,0.0,0.0,True,storico,Statistiche_Fantacalcio_Stagione_2015_16.xlsx
,7246,Sala A.,Lecce,C,C,4.0,5.75,6.0,0.0,0.0,0.0,0.0,0.0,0.0,0.0,0.0,True,storico,Statistiche_Fantacalcio_2025_26.xlsx
,1907,Salzano,Crotone,C,C,6.0,5.58,5.58,0.0,0.0,0.0,0.0,0.0,0.0,0.0,0.0,True,storico,Statistiche_Fantacalcio_Stagione_2016_17.xlsx
,5119,Samardzic,Udine e,C,C,13.0,6.12,6.73,2.0,0.0,0.0,0.0,0.0,0.0,0.0,0.0,True,storico,Statistiche_Fantacalcio_Stagione_2021_22.xlsx
,5996,Samek,Lecce,C,C,0.0,0.0,0.0,0.0,0.0,0.0,0.0,0.0,0.0,0.0,0.0,True,storico,Statistiche_Fantacalcio_Stagione_2022_23.xlsx
,209,Sammarco,Fro inone,C,C,28.0,6.02,6.36,4.0,0.0,0.0,0.0,0.0,7.0,0.0,0.0,True,storico,Statistiche_Fantacalcio_Stagione_2015_16.xlsx
,2058,Sanchez C,Fiorentina,C,C,30.0,5.68,5.68,1.0,0.0,0.0,0.0,0.0,6.0,0.0,0.0,True,storico,Statistiche_Fantacalcio_Stagione_2016_17.xlsx
,2646,Sandro,Benevento,C,C,14.0,6.11,6.18,1.0,0.0,0.0,0.0,0.0,4.0,0.0,0.0,True,storico,Statistiche_Fantacalcio_Stagione_2017_18.xlsx
,2733,Sanogo,Benevento,C,C,0.0,0.0,0.0,0.0,0.0,0.0,0.0,0.0,0.0,0.0,0.0,True,storico,Statistiche_Fantacalcio_Stagione_2020_21.xlsx
,7177,Santiago,Verona,C,C,0.0,0.0,0.0,0.0,0.0,0.0,0.0,0.0,0.0,0.0,0.0,True,storico,Statistiche_Fantacalcio_2025_26.xlsx
,7351,Santo  A.,Napoli,C,C,13.0,6.35,7.23,4.0,0.0,0.0,0.0,0.0,1.0,0.0,0.0,True,storico,Statistiche_Fantacalcio_2025_26.xlsx
,150,Saponara,Empoli,C,C,33.0,6.23,6.74,5.0,0.0,0.0,1.0,0.0,6.0,0.0,0.0,True,storico,Statistiche_Fantacalcio_Stagione_2015_16.xlsx
,6528,Sarmiento J.,Cremone e,C,C,5.0,5.9,5.9,0.0,0.0,0.0,0.0,0.0,0.0,0.0,0.0,True,storico,Statistiche_Fantacalcio_2025_26.xlsx
,1977,Sbri a,Sa uolo,C,C,0.0,0.0,0.0,0.0,0.0,0.0,0.0,0.0,0.0,0.0,0.0,True,storico,Statistiche_Fantacalcio_Stagione_2016_17.xlsx
,2803,Scavone,Parma,C,C,0.0,0.0,0.0,0.0,0.0,0.0,0.0,0.0,0.0,0.0,0.0,True,storico,Statistiche_Fantacalcio_Stagione_2018_19.xlsx
,4460,Schafer,Genoa,C,C,0.0,0.0,0.0,0.0,0.0,0.0,0.0,0.0,0.0,0.0,0.0,True,storico,Statistiche_Fantacalcio_Stagione_2019_20.xlsx
,273,Schelotto,Inter,C,C,0.0,0.0,0.0,0.0,0.0,0.0,0.0,0.0,0.0,0.0,0.0,True,storico,Statistiche_Fantacalcio_Stagione_2015_16.xlsx
,2265,Schiattarella,SPAL,C,C,27.0,6.07,6.11,1.0,0.0,0.0,0.0,0.0,12.0,0.0,0.0,True,storico,Statistiche_Fantacalcio_Stagione_2017_18.xlsx
,2266,Schiavon,SPAL,C,C,8.0,5.81,5.56,0.0,0.0,0.0,0.0,0.0,4.0,0.0,0.0,True,storico,Statistiche_Fantacalcio_Stagione_2017_18.xlsx
,5470,Schiavone,Salernitana,C,C,11.0,5.95,6.18,1.0,0.0,0.0,0.0,0.0,1.0,0.0,0.0,True,storico,Statistiche_Fantacalcio_Stagione_2021_22.xlsx
,7551,Schmid,Fro inone,C,C,0.0,0.0,0.0,0.0,0.0,0.0,0.0,0.0,0.0,0.0,0.0,True,corrente_pre_stagione,Statistiche_Fantacalcio_Stagione_2026_27.xlsx
,4512,Schone,Genoa,C,C,32.0,5.95,6.03,2.0,0.0,0.0,1.0,0.0,5.0,0.0,0.0,True,storico,Statistiche_Fantacalcio_Stagione_2019_20.xlsx
,4393,Schouten,Bologna,C,C,18.0,5.78,5.56,0.0,0.0,0.0,0.0,0.0,6.0,0.0,0.0,True,storico,Statistiche_Fantacalcio_Stagione_2019_20.xlsx
,2804,Scozzarella,Parma,C,C,19.0,5.92,5.87,0.0,0.0,0.0,0.0,0.0,8.0,0.0,0.0,True,storico,Statistiche_Fantacalcio_Stagione_2018_19.xlsx
,4995,Segre,Torino,C,C,5.0,5.8,5.7,0.0,0.0,0.0,0.0,0.0,1.0,0.0,0.0,True,storico,Statistiche_Fantacalcio_Stagione_2020_21.xlsx
,1957,Sela i,Pe cara,C,C,0.0,0.0,0.0,0.0,0.0,0.0,0.0,0.0,0.0,0.0,0.0,True,storico,Statistiche_Fantacalcio_Stagione_2016_17.xlsx
,4524,Sema,Udine e,C,C,30.0,5.95,6.08,2.0,0.0,0.0,0.0,0.0,6.0,0.0,0.0,True,storico,Statistiche_Fantacalcio_Stagione_2019_20.xlsx
,1978,Sen i,Sa uolo,C,C,16.0,6.12,6.19,1.0,0.0,0.0,0.0,0.0,4.0,0.0,0.0,True,storico,Statistiche_Fantacalcio_Stagione_2016_17.xlsx
,6458,Serdar,Verona,C,C,23.0,6.07,5.96,0.0,0.0,0.0,0.0,0.0,7.0,0.0,0.0,True,storico,Statistiche_Fantacalcio_Stagione_2023_24.xlsx
,4400,Shakhov,Lecce,C,C,21.0,5.74,5.9,1.0,0.0,0.0,0.0,0.0,3.0,0.0,0.0,True,storico,Statistiche_Fantacalcio_Stagione_2019_20.xlsx
,274,Shaqiri,Inter,C,C,0.0,0.0,0.0,0.0,0.0,0.0,0.0,0.0,0.0,0.0,0.0,True,storico,Statistiche_Fantacalcio_Stagione_2015_16.xlsx
,5519,Sher,Spezia,C,C,1.0,6.0,6.0,0.0,0.0,0.0,0.0,0.0,0.0,0.0,0.0,True,storico,Statistiche_Fantacalcio_Stagione_2021_22.xlsx
,151,Signorelli,Empoli,C,C,1.0,5.5,5.5,0.0,0.0,0.0,0.0,0.0,0.0,0.0,0.0,True,storico,Statistiche_Fantacalcio_Stagione_2015_16.xlsx
,5501,Sigurd on A.,Venezia,C,C,6.0,5.75,5.75,0.0,0.0,0.0,0.0,0.0,0.0,0.0,0.0,True,storico,Statistiche_Fantacalcio_Stagione_2021_22.xlsx
,210,Soddimo,Fro inone,C,C,25.0,6.1,6.1,1.0,0.0,0.0,0.0,0.0,9.0,0.0,0.0,True,storico,Statistiche_Fantacalcio_Stagione_2015_16.xlsx
,5319,Sohm,Parma,C,C,17.0,5.65,5.79,1.0,0.0,0.0,0.0,0.0,1.0,0.0,0.0,True,storico,Statistiche_Fantacalcio_Stagione_2020_21.xlsx
,7209,Soren en O.,Parma,C,C,30.0,5.85,5.95,1.0,0.0,0.0,0.0,0.0,2.0,0.0,0.0,True,storico,Statistiche_Fantacalcio_2025_26.xlsx
,2625,Soriano,Bologna,C,C,24.0,5.9,6.1,2.0,0.0,0.0,0.0,0.0,6.0,0.0,0.0,True,storico,Statistiche_Fantacalcio_Stagione_2018_19.xlsx
,5946,Sow,Genoa,C,C,0.0,0.0,0.0,0.0,0.0,0.0,0.0,0.0,0.0,0.0,0.0,True,corrente_pre_stagione,Statistiche_Fantacalcio_Stagione_2026_27.xlsx
,4448,Spalek,Bre cia,C,C,24.0,5.52,5.71,2.0,0.0,0.0,0.0,0.0,5.0,0.0,0.0,True,storico,Statistiche_Fantacalcio_Stagione_2019_20.xlsx
,1852,Spinazzola,Atalanta,C,C,30.0,6.18,6.22,0.0,0.0,0.0,0.0,0.0,2.0,0.0,1.0,True,storico,Statistiche_Fantacalcio_Stagione_2016_17.xlsx
,806,Spork lede,Chievo,C,C,0.0,0.0,0.0,0.0,0.0,0.0,0.0,0.0,0.0,0.0,0.0,True,storico,Statistiche_Fantacalcio_Stagione_2015_16.xlsx
,7135,Stanciu,Genoa,C,C,4.0,5.5,4.75,0.0,0.0,0.0,1.0,0.0,0.0,0.0,0.0,True,storico,Statistiche_Fantacalcio_2025_26.xlsx
,6503,Stankovic A.,Inter,C,C,0.0,0.0,0.0,0.0,0.0,0.0,0.0,0.0,0.0,0.0,0.0,True,corrente_pre_stagione,Statistiche_Fantacalcio_Stagione_2026_27.xlsx
,5561,Steng,Pi a,C,C,1.0,5.5,5.5,0.0,0.0,0.0,0.0,0.0,0.0,0.0,0.0,True,storico,Statistiche_Fantacalcio_2025_26.xlsx
,561,Stevanovic A.,Torino,C,C,0.0,0.0,0.0,0.0,0.0,0.0,0.0,0.0,0.0,0.0,0.0,True,storico,Statistiche_Fantacalcio_Stagione_2015_16.xlsx
,2732,Stijepovic,Sampdoria,C,C,0.0,0.0,0.0,0.0,0.0,0.0,0.0,0.0,0.0,0.0,0.0,True,storico,Statistiche_Fantacalcio_Stagione_2018_19.xlsx
,121,Stoian,Crotone,C,C,25.0,5.96,6.34,3.0,0.0,0.0,0.0,0.0,3.0,0.0,0.0,True,storico,Statistiche_Fantacalcio_Stagione_2016_17.xlsx
,4486,Strefezza,SPAL,C,C,32.0,5.91,5.92,1.0,0.0,0.0,0.0,0.0,7.0,0.0,0.0,True,storico,Statistiche_Fantacalcio_Stagione_2019_20.xlsx
,470,Strootman,Roma,C,C,3.0,6.33,6.5,0.0,0.0,0.0,0.0,0.0,1.0,0.0,0.0,True,storico,Statistiche_Fantacalcio_Stagione_2015_16.xlsx
,2778,Stulac,Parma,C,C,21.0,5.86,5.79,0.0,0.0,0.0,0.0,0.0,3.0,0.0,0.0,True,storico,Statistiche_Fantacalcio_Stagione_2018_19.xlsx
,305,Sturaro,Juventu,C,C,17.0,5.74,5.74,1.0,0.0,0.0,0.0,0.0,6.0,0.0,0.0,True,storico,Statistiche_Fantacalcio_Stagione_2015_16.xlsx
,6486,Su lov,Verona,C,C,30.0,6.12,6.47,3.0,0.0,0.0,1.0,0.0,7.0,0.0,0.0,True,storico,Statistiche_Fantacalcio_Stagione_2023_24.xlsx
,375,Su o,Genoa,C,C,20.0,6.22,7.08,6.0,0.0,0.0,0.0,0.0,4.0,0.0,0.0,True,storico,Statistiche_Fantacalcio_Stagione_2015_16.xlsx
,180,Suarez M,Fiorentina,C,C,8.0,5.75,5.94,1.0,0.0,0.0,0.0,0.0,3.0,0.0,0.0,True,storico,Statistiche_Fantacalcio_Stagione_2015_16.xlsx
,7070,Sucic P.,Inter,C,C,28.0,6.07,6.27,2.0,0.0,0.0,0.0,0.0,5.0,0.0,0.0,True,storico,Statistiche_Fantacalcio_2025_26.xlsx
,6024,Sulemana I.,Verona,C,C,13.0,5.92,5.77,0.0,0.0,0.0,0.0,0.0,4.0,0.0,0.0,True,storico,Statistiche_Fantacalcio_Stagione_2022_23.xlsx
,2138,Suljic,Crotone,C,C,0.0,0.0,0.0,0.0,0.0,0.0,0.0,0.0,0.0,0.0,0.0,True,storico,Statistiche_Fantacalcio_Stagione_2017_18.xlsx
,2744,Svanberg,Bologna,C,C,21.0,5.67,5.71,0.0,0.0,0.0,0.0,0.0,2.0,0.0,0.0,True,storico,Statistiche_Fantacalcio_Stagione_2018_19.xlsx
,2111,Taarabt,Genoa,C,C,5.0,5.9,6.1,0.0,0.0,0.0,0.0,0.0,0.0,0.0,0.0,True,storico,Statistiche_Fantacalcio_Stagione_2016_17.xlsx
,4476,Tabanelli,Lecce,C,C,13.0,5.81,5.88,1.0,0.0,0.0,0.0,0.0,4.0,0.0,0.0,True,storico,Statistiche_Fantacalcio_Stagione_2019_20.xlsx
,241,Tacht idi,Genoa,C,C,20.0,5.95,6.2,2.0,0.0,0.0,0.0,0.0,2.0,0.0,1.0,True,storico,Statistiche_Fantacalcio_Stagione_2015_16.xlsx
,6117,Tahirovic,Roma,C,C,7.0,6.0,5.93,0.0,0.0,0.0,0.0,0.0,1.0,0.0,0.0,True,storico,Statistiche_Fantacalcio_Stagione_2022_23.xlsx
,275,Taider,Bologna,C,C,28.0,5.89,5.82,0.0,0.0,0.0,0.0,0.0,4.0,0.0,0.0,True,storico,Statistiche_Fantacalcio_Stagione_2015_16.xlsx
,4890,Tameze,Atalanta,C,C,3.0,6.17,6.17,0.0,0.0,0.0,0.0,0.0,0.0,0.0,0.0,True,storico,Statistiche_Fantacalcio_Stagione_2019_20.xlsx
,5491,Taugourdeau,Venezia,C,C,0.0,0.0,0.0,0.0,0.0,0.0,0.0,0.0,0.0,0.0,0.0,True,storico,Statistiche_Fantacalcio_Stagione_2021_22.xlsx
,7314,Taylor K.,Lazio,C,C,17.0,6.06,6.56,3.0,0.0,0.0,0.0,0.0,5.0,0.0,0.0,True,storico,Statistiche_Fantacalcio_2025_26.xlsx
,5919,Tchaouna,Salernitana,C,C,29.0,6.07,6.52,4.0,0.0,0.0,0.0,0.0,4.0,0.0,0.0,True,storico,Statistiche_Fantacalcio_Stagione_2023_24.xlsx
,6480,Tchatchoua,Verona,C,C,25.0,5.76,5.76,0.0,0.0,0.0,0.0,0.0,2.0,0.0,0.0,True,storico,Statistiche_Fantacalcio_Stagione_2023_24.xlsx
,5492,Te mann,Venezia,C,C,17.0,5.65,5.56,0.0,0.0,0.0,0.0,0.0,1.0,0.0,0.0,True,storico,Statistiche_Fantacalcio_Stagione_2021_22.xlsx
,1915,Tello,Empoli,C,C,15.0,5.57,5.4,0.0,0.0,0.0,0.0,0.0,6.0,0.0,0.0,True,storico,Statistiche_Fantacalcio_Stagione_2016_17.xlsx
,5855,Tenkorang,Cremone e,C,C,0.0,0.0,0.0,0.0,0.0,0.0,0.0,0.0,0.0,0.0,0.0,True,storico,Statistiche_Fantacalcio_Stagione_2022_23.xlsx
,5812,Terracciano F.,Verona,C,C,13.0,6.08,6.12,0.0,0.0,0.0,0.0,0.0,2.0,0.0,0.0,True,storico,Statistiche_Fantacalcio_Stagione_2022_23.xlsx
,6634,Tete Morente,Lecce,C,C,30.0,5.87,6.15,3.0,0.0,0.0,0.0,0.0,5.0,0.0,0.0,True,storico,Statistiche_Fantacalcio_Stagione_2024_25.xlsx
,4404,Thor by,Sampdoria,C,C,23.0,5.74,5.63,1.0,0.0,0.0,0.0,0.0,7.0,0.0,1.0,True,storico,Statistiche_Fantacalcio_Stagione_2019_20.xlsx
,5844,Thor tvedt,Sa uolo,C,C,25.0,6.0,6.2,2.0,0.0,0.0,0.0,0.0,5.0,0.0,0.0,True,storico,Statistiche_Fantacalcio_Stagione_2022_23.xlsx
,5562,Thuram K.,Juventu,C,C,33.0,6.3,6.74,4.0,0.0,0.0,0.0,0.0,5.0,0.0,0.0,True,storico,Statistiche_Fantacalcio_Stagione_2024_25.xlsx
,242,Tino Co ta,Fiorentina,C,C,17.0,5.76,5.59,0.0,0.0,0.0,0.0,0.0,7.0,0.0,0.0,True,storico,Statistiche_Fantacalcio_Stagione_2015_16.xlsx
,2004,Toledo,Fiorentina,C,C,0.0,0.0,0.0,0.0,0.0,0.0,0.0,0.0,0.0,0.0,0.0,True,storico,Statistiche_Fantacalcio_Stagione_2016_17.xlsx
,4449,Tonali,Bre cia,C,C,35.0,6.04,6.2,1.0,0.0,0.0,0.0,0.0,9.0,0.0,0.0,True,storico,Statistiche_Fantacalcio_Stagione_2019_20.xlsx
,700,Tonev,Fro inone,C,C,20.0,5.7,5.7,0.0,0.0,0.0,0.0,0.0,2.0,0.0,0.0,True,storico,Statistiche_Fantacalcio_Stagione_2015_16.xlsx
,1972,Torreira,Sampdoria,C,C,35.0,6.14,6.04,0.0,0.0,0.0,0.0,0.0,7.0,0.0,0.0,True,storico,Statistiche_Fantacalcio_Stagione_2016_17.xlsx
,5684,Toure' A.,Genoa,C,C,7.0,5.5,5.43,0.0,0.0,0.0,0.0,0.0,1.0,0.0,0.0,True,storico,Statistiche_Fantacalcio_Stagione_2021_22.xlsx
,7146,Tourè I.,Pi a,C,C,30.0,5.82,5.82,1.0,0.0,0.0,0.0,0.0,4.0,0.0,0.0,True,storico,Statistiche_Fantacalcio_2025_26.xlsx
,5318,Tramoni M.,Cagliari,C,C,2.0,5.75,5.75,0.0,0.0,0.0,0.0,0.0,1.0,0.0,0.0,True,storico,Statistiche_Fantacalcio_Stagione_2020_21.xlsx
,2857,Traore' Hj.,Empoli,C,C,30.0,6.08,6.28,2.0,0.0,0.0,0.0,0.0,4.0,0.0,0.0,True,storico,Statistiche_Fantacalcio_Stagione_2018_19.xlsx
,4450,Tremolada,Bre cia,C,C,1.0,5.5,5.5,0.0,0.0,0.0,0.0,0.0,0.0,0.0,0.0,True,storico,Statistiche_Fantacalcio_Stagione_2019_20.xlsx
,5810,Trimboli,Sampdoria,C,C,0.0,0.0,0.0,0.0,0.0,0.0,0.0,0.0,0.0,0.0,0.0,True,storico,Statistiche_Fantacalcio_Stagione_2022_23.xlsx
,6017,Tripi,Roma,C,C,0.0,0.0,0.0,0.0,0.0,0.0,0.0,0.0,0.0,0.0,0.0,True,storico,Statistiche_Fantacalcio_Stagione_2022_23.xlsx
,4868,Tunjov,SPAL,C,C,5.0,5.6,5.6,0.0,0.0,0.0,0.0,0.0,0.0,0.0,0.0,True,storico,Statistiche_Fantacalcio_Stagione_2019_20.xlsx
,471,Ucan,Roma,C,C,2.0,6.25,6.25,0.0,0.0,0.0,0.0,0.0,0.0,0.0,0.0,True,storico,Statistiche_Fantacalcio_Stagione_2015_16.xlsx
,6783,Unai Gomez,Udine e,C,C,0.0,0.0,0.0,0.0,0.0,0.0,0.0,0.0,0.0,0.0,0.0,True,corrente_pre_stagione,Statistiche_Fantacalcio_Stagione_2026_27.xlsx
,2201,Under,Roma,C,C,20.0,6.15,7.25,7.0,0.0,0.0,0.0,0.0,0.0,0.0,0.0,True,storico,Statistiche_Fantacalcio_Stagione_2017_18.xlsx
,5425,Urban ki,Bologna,C,C,0.0,0.0,0.0,0.0,0.0,0.0,0.0,0.0,0.0,0.0,0.0,True,storico,Statistiche_Fantacalcio_Stagione_2020_21.xlsx
,5508,Vacca,Venezia,C,C,21.0,5.86,5.74,0.0,0.0,0.0,0.0,0.0,5.0,0.0,0.0,True,storico,Statistiche_Fantacalcio_Stagione_2021_22.xlsx
,705,Vainqueur,Roma,C,C,13.0,6.0,6.04,0.0,0.0,0.0,0.0,0.0,3.0,0.0,0.0,True,storico,Statistiche_Fantacalcio_Stagione_2015_16.xlsx
,122,Vaju hi,Chievo,C,C,0.0,0.0,0.0,0.0,0.0,0.0,0.0,0.0,0.0,0.0,0.0,True,storico,Statistiche_Fantacalcio_Stagione_2015_16.xlsx
,405,Valdifiori,Napoli,C,C,6.0,5.42,5.17,0.0,0.0,0.0,0.0,0.0,3.0,0.0,0.0,True,storico,Statistiche_Fantacalcio_Stagione_2015_16.xlsx
,2133,Valencia Jm,Bologna,C,C,0.0,0.0,0.0,0.0,0.0,0.0,0.0,0.0,0.0,0.0,0.0,True,storico,Statistiche_Fantacalcio_Stagione_2016_17.xlsx
,2274,Valoti,Verona,C,C,25.0,5.6,5.78,3.0,0.0,0.0,0.0,0.0,9.0,0.0,0.0,True,storico,Statistiche_Fantacalcio_Stagione_2017_18.xlsx
,2742,Valzania,Fro inone,C,C,15.0,6.03,6.37,2.0,0.0,0.0,0.0,0.0,4.0,0.0,0.0,True,storico,Statistiche_Fantacalcio_Stagione_2018_19.xlsx
,7133,Vandeputte,Cremone e,C,C,31.0,6.06,6.27,1.0,0.0,0.0,0.0,0.0,3.0,0.0,0.0,True,storico,Statistiche_Fantacalcio_2025_26.xlsx
,181,Vecino,Fiorentina,C,C,29.0,5.98,6.09,2.0,0.0,0.0,0.0,0.0,8.0,0.0,0.0,True,storico,Statistiche_Fantacalcio_Stagione_2015_16.xlsx
,6761,Veiga R.,Juventu,C,C,13.0,6.08,6.0,0.0,0.0,0.0,0.0,0.0,2.0,0.0,0.0,True,storico,Statistiche_Fantacalcio_Stagione_2024_25.xlsx
,6980,Venturino,Genoa,C,C,3.0,6.83,8.83,2.0,0.0,0.0,0.0,0.0,0.0,0.0,0.0,True,storico,Statistiche_Fantacalcio_Stagione_2024_25.xlsx
,376,Verdi,Carpi,C,C,6.0,6.33,7.75,3.0,0.0,0.0,2.0,0.0,1.0,0.0,0.0,True,storico,Statistiche_Fantacalcio_Stagione_2015_16.xlsx
,701,Verdu,Fiorentina,C,C,5.0,5.9,6.5,1.0,0.0,0.0,0.0,0.0,0.0,0.0,0.0,True,storico,Statistiche_Fantacalcio_Stagione_2015_16.xlsx
,2215,Veretout,Fiorentina,C,C,36.0,6.18,6.64,8.0,0.0,0.0,3.0,0.0,9.0,0.0,0.0,True,storico,Statistiche_Fantacalcio_Stagione_2017_18.xlsx
,7223,Vergara,Napoli,C,C,8.0,6.25,6.5,1.0,0.0,0.0,0.0,0.0,2.0,0.0,0.0,True,storico,Statistiche_Fantacalcio_2025_26.xlsx
,600,Verre,Udine e,C,C,0.0,0.0,0.0,0.0,0.0,0.0,0.0,0.0,0.0,0.0,0.0,True,storico,Statistiche_Fantacalcio_Stagione_2015_16.xlsx
,1888,Victor Da Silva,Chievo,C,C,0.0,0.0,0.0,0.0,0.0,0.0,0.0,0.0,0.0,0.0,0.0,True,storico,Statistiche_Fantacalcio_Stagione_2016_17.xlsx
,2414,Vidal,Inter,C,C,20.0,6.05,6.12,1.0,0.0,0.0,0.0,0.0,3.0,0.0,0.0,True,storico,Statistiche_Fantacalcio_Stagione_2020_21.xlsx
,2855,Vieira,Sampdoria,C,C,10.0,5.8,5.7,0.0,0.0,0.0,0.0,0.0,3.0,0.0,0.0,True,storico,Statistiche_Fantacalcio_Stagione_2018_19.xlsx
,2154,Vignato,Chievo,C,C,10.0,6.0,6.4,1.0,0.0,0.0,0.0,0.0,0.0,0.0,0.0,True,storico,Statistiche_Fantacalcio_Stagione_2018_19.xlsx
,5879,Vignato S.,Monza,C,C,2.0,6.25,6.75,0.0,0.0,0.0,0.0,0.0,0.0,0.0,0.0,True,storico,Statistiche_Fantacalcio_Stagione_2022_23.xlsx
,6025,Vilhena,Salernitana,C,C,32.0,5.86,6.19,4.0,0.0,0.0,0.0,0.0,5.0,0.0,0.0,True,storico,Statistiche_Fantacalcio_Stagione_2022_23.xlsx
,4885,Villar,Roma,C,C,6.0,5.75,5.58,0.0,0.0,0.0,0.0,0.0,3.0,0.0,0.0,True,storico,Statistiche_Fantacalcio_Stagione_2019_20.xlsx
,440,Viola,Benevento,C,C,23.0,5.87,6.2,2.0,0.0,0.0,1.0,0.0,1.0,0.0,0.0,True,storico,Statistiche_Fantacalcio_Stagione_2017_18.xlsx
,726,Vitale,Juventu,C,C,0.0,0.0,0.0,0.0,0.0,0.0,0.0,0.0,0.0,0.0,0.0,True,storico,Statistiche_Fantacalcio_Stagione_2015_16.xlsx
,563,Vive,Torino,C,C,31.0,5.94,5.89,1.0,0.0,0.0,0.0,0.0,9.0,0.0,0.0,True,storico,Statistiche_Fantacalcio_Stagione_2015_16.xlsx
,631,Viviani,Verona,C,C,19.0,6.16,6.79,3.0,0.0,0.0,0.0,0.0,4.0,0.0,0.0,True,storico,Statistiche_Fantacalcio_Stagione_2015_16.xlsx
,4451,Viviani M.,Bre cia,C,C,5.0,5.6,5.6,0.0,0.0,0.0,0.0,0.0,0.0,0.0,0.0,True,storico,Statistiche_Fantacalcio_Stagione_2019_20.xlsx
,5687,Vla ic,Torino,C,C,34.0,6.22,6.82,5.0,0.0,0.0,0.0,0.0,1.0,0.0,0.0,True,storico,Statistiche_Fantacalcio_Stagione_2022_23.xlsx
,2866,Vloet,Fro inone,C,C,5.0,5.9,5.9,0.0,0.0,0.0,0.0,0.0,0.0,0.0,0.0,True,storico,Statistiche_Fantacalcio_Stagione_2018_19.xlsx
,6891,Vo,Milan,C,C,0.0,0.0,0.0,0.0,0.0,0.0,0.0,0.0,0.0,0.0,0.0,True,storico,Statistiche_Fantacalcio_Stagione_2024_25.xlsx
,5735,Volpato,Roma,C,C,1.0,7.0,10.0,1.0,0.0,0.0,0.0,0.0,0.0,0.0,0.0,True,storico,Statistiche_Fantacalcio_Stagione_2021_22.xlsx
,5610,Vranckx,Milan,C,C,5.0,5.9,5.8,0.0,0.0,0.0,0.0,0.0,1.0,0.0,0.0,True,storico,Statistiche_Fantacalcio_Stagione_2022_23.xlsx
,5002,Vulic,Crotone,C,C,23.0,5.85,5.98,1.0,0.0,0.0,0.0,0.0,2.0,0.0,0.0,True,storico,Statistiche_Fantacalcio_Stagione_2020_21.xlsx
,7150,Vural,Pi a,C,C,14.0,5.79,5.64,0.0,0.0,0.0,0.0,0.0,4.0,0.0,0.0,True,storico,Statistiche_Fantacalcio_2025_26.xlsx
,504,W zolek,Verona,C,C,25.0,6.02,6.02,0.0,0.0,0.0,0.0,0.0,4.0,0.0,0.0,True,storico,Statistiche_Fantacalcio_Stagione_2015_16.xlsx
,2392,Walace,Udine e,C,C,17.0,5.88,5.82,0.0,0.0,0.0,0.0,0.0,2.0,0.0,0.0,True,storico,Statistiche_Fantacalcio_Stagione_2019_20.xlsx
,4662,Weah,Juventu,C,C,25.0,5.92,5.86,0.0,0.0,0.0,0.0,0.0,5.0,0.0,0.0,True,storico,Statistiche_Fantacalcio_Stagione_2023_24.xlsx
,2638,Wijnaldum,Roma,C,C,11.0,6.14,6.68,2.0,0.0,0.0,0.0,0.0,0.0,0.0,0.0,True,storico,Statistiche_Fantacalcio_Stagione_2022_23.xlsx
,4260,Wink,Sampdoria,C,C,20.0,5.78,5.72,0.0,0.0,0.0,0.0,0.0,2.0,0.0,0.0,True,storico,Statistiche_Fantacalcio_Stagione_2022_23.xlsx
,6904,Yeboah J.,Venezia,C,C,28.0,5.91,5.98,1.0,0.0,0.0,0.0,0.0,6.0,0.0,0.0,True,storico,Statistiche_Fantacalcio_Stagione_2024_25.xlsx
,5517,Yepe,Sampdoria,C,C,0.0,0.0,0.0,0.0,0.0,0.0,0.0,0.0,0.0,0.0,0.0,True,storico,Statistiche_Fantacalcio_Stagione_2021_22.xlsx
,632,Zaccagni,Verona,C,C,3.0,6.17,6.17,0.0,0.0,0.0,0.0,0.0,0.0,0.0,0.0,True,storico,Statistiche_Fantacalcio_Stagione_2015_16.xlsx
,2124,Zajc,Empoli,C,C,3.0,6.5,7.83,1.0,0.0,0.0,0.0,0.0,0.0,0.0,0.0,True,storico,Statistiche_Fantacalcio_Stagione_2016_17.xlsx
,2432,Zakaria,Juventu,C,C,9.0,5.89,6.28,1.0,0.0,0.0,0.0,0.0,1.0,0.0,0.0,True,storico,Statistiche_Fantacalcio_Stagione_2021_22.xlsx
,5422,Zalew ki,Roma,C,C,1.0,6.0,7.0,0.0,0.0,0.0,0.0,0.0,0.0,0.0,0.0,True,storico,Statistiche_Fantacalcio_Stagione_2020_21.xlsx
,4220,Zambo Angui a,Napoli,C,C,23.0,6.28,6.22,0.0,0.0,0.0,0.0,0.0,5.0,0.0,0.0,True,storico,Statistiche_Fantacalcio_Stagione_2021_22.xlsx
,2316,Zanellato,Crotone,C,C,1.0,5.5,5.5,0.0,0.0,0.0,0.0,0.0,0.0,0.0,0.0,True,storico,Statistiche_Fantacalcio_Stagione_2017_18.xlsx
,2766,Zaniolo,Roma,C,C,27.0,6.13,6.5,4.0,0.0,0.0,0.0,0.0,8.0,0.0,0.0,True,storico,Statistiche_Fantacalcio_Stagione_2018_19.xlsx
,6575,Zaragoza,Roma,C,C,3.0,5.83,6.0,0.0,0.0,0.0,0.0,0.0,1.0,0.0,0.0,True,storico,Statistiche_Fantacalcio_2025_26.xlsx
,6212,Zarraga,Udine e,C,C,7.0,6.07,6.93,2.0,0.0,0.0,0.0,0.0,0.0,0.0,0.0,True,storico,Statistiche_Fantacalcio_Stagione_2023_24.xlsx
,4383,Zennaro,Genoa,C,C,0.0,0.0,0.0,0.0,0.0,0.0,0.0,0.0,0.0,0.0,0.0,True,storico,Statistiche_Fantacalcio_Stagione_2019_20.xlsx
,5998,Zerbin,Napoli,C,C,4.0,5.75,5.62,0.0,0.0,0.0,0.0,0.0,1.0,0.0,0.0,True,storico,Statistiche_Fantacalcio_Stagione_2022_23.xlsx
,6524,Zeroli,Monza,C,C,7.0,5.71,5.71,0.0,0.0,0.0,0.0,0.0,0.0,0.0,0.0,True,storico,Statistiche_Fantacalcio_Stagione_2024_25.xlsx
,5761,Zhegrova,Juventu,C,C,12.0,5.96,5.96,0.0,0.0,0.0,0.0,0.0,1.0,0.0,0.0,True,storico,Statistiche_Fantacalcio_2025_26.xlsx
,152,Zielin ki,Empoli,C,C,35.0,6.24,6.69,5.0,0.0,0.0,0.0,0.0,5.0,0.0,0.0,True,storico,Statistiche_Fantacalcio_Stagione_2015_16.xlsx
,4513,Zmrhal,Bre cia,C,C,17.0,5.74,6.09,2.0,0.0,0.0,0.0,0.0,0.0,0.0,0.0,True,storico,Statistiche_Fantacalcio_Stagione_2019_20.xlsx
,2199,Zuculini B,Verona,C,C,16.0,5.5,5.56,2.0,0.0,0.0,0.0,0.0,4.0,0.0,0.0,True,storico,Statistiche_Fantacalcio_Stagione_2017_18.xlsx
,61,Zuculini F,Bologna,C,C,1.0,6.0,6.0,0.0,0.0,0.0,0.0,0.0,0.0,0.0,0.0,True,storico,Statistiche_Fantacalcio_Stagione_2015_16.xlsx
,4376,Zurkow ki,Fiorentina,C,C,0.0,0.0,0.0,0.0,0.0,0.0,0.0,0.0,0.0,0.0,0.0,True,storico,Statistiche_Fantacalcio_Stagione_2019_20.xlsx
,642,A tori,Fiorentina,D,D,33.0,5.86,5.79,0.0,0.0,0.0,0.0,0.0,5.0,0.0,0.0,True,storico,Statistiche_Fantacalcio_Stagione_2015_16.xlsx
,6021,Abankwah,Udine e,D,D,1.0,6.5,6.5,0.0,0.0,0.0,0.0,0.0,0.0,0.0,0.0,True,storico,Statistiche_Fantacalcio_Stagione_2022_23.xlsx
,353,Abate,Milan,D,D,26.0,6.12,6.13,1.0,0.0,0.0,0.0,0.0,7.0,0.0,0.0,True,storico,Statistiche_Fantacalcio_Stagione_2015_16.xlsx
,6885,Abdulhamid,Roma,D,D,4.0,5.75,6.0,0.0,0.0,0.0,0.0,0.0,0.0,0.0,0.0,True,storico,Statistiche_Fantacalcio_Stagione_2024_25.xlsx
,513,Acerbi,Sa uolo,D,D,36.0,6.35,6.64,4.0,0.0,0.0,0.0,0.0,3.0,0.0,0.0,True,storico,Statistiche_Fantacalcio_Stagione_2015_16.xlsx
,824,Adjapong,Sa uolo,D,D,6.0,5.67,5.92,1.0,0.0,0.0,0.0,0.0,3.0,0.0,0.0,True,storico,Statistiche_Fantacalcio_Stagione_2016_17.xlsx
,575,Adnan,Udine e,D,D,28.0,6.02,6.05,1.0,0.0,0.0,0.0,0.0,6.0,0.0,0.0,True,storico,Statistiche_Fantacalcio_Stagione_2015_16.xlsx
,4870,Adopo,Torino,D,D,4.0,5.88,5.75,0.0,0.0,0.0,0.0,0.0,1.0,0.0,0.0,True,storico,Statistiche_Fantacalcio_Stagione_2022_23.xlsx
,6916,Ahanor,Genoa,D,D,6.0,6.0,6.0,0.0,0.0,0.0,0.0,0.0,0.0,0.0,0.0,True,storico,Statistiche_Fantacalcio_Stagione_2024_25.xlsx
,2865,Aina,Torino,D,D,29.0,5.91,6.02,1.0,0.0,0.0,0.0,0.0,4.0,0.0,0.0,True,storico,Statistiche_Fantacalcio_Stagione_2018_19.xlsx
,6002,Aiwu,Cremone e,D,D,22.0,5.61,5.55,0.0,0.0,0.0,0.0,0.0,3.0,0.0,0.0,True,storico,Statistiche_Fantacalcio_Stagione_2022_23.xlsx
,765,Ajeti,Fro inone,D,D,15.0,5.7,5.53,1.0,0.0,0.0,0.0,0.0,5.0,0.0,1.0,True,storico,Statistiche_Fantacalcio_Stagione_2015_16.xlsx
,4159,Akanji,Inter,D,D,32.0,6.28,6.41,2.0,0.0,0.0,0.0,0.0,4.0,0.0,0.0,True,storico,Statistiche_Fantacalcio_2025_26.xlsx
,7540,Akpoguma,Fro inone,D,D,0.0,0.0,0.0,0.0,0.0,0.0,0.0,0.0,0.0,0.0,0.0,True,corrente_pre_stagione,Statistiche_Fantacalcio_Stagione_2026_27.xlsx
,354,Albertazzi,Verona,D,D,10.0,5.9,5.7,0.0,0.0,0.0,0.0,0.0,4.0,0.0,0.0,True,storico,Statistiche_Fantacalcio_Stagione_2015_16.xlsx
,6975,Alberto Co ta,Juventu,D,D,8.0,6.0,5.81,0.0,0.0,0.0,0.0,0.0,3.0,0.0,0.0,True,storico,Statistiche_Fantacalcio_Stagione_2024_25.xlsx
,388,Albiol,Napoli,D,D,36.0,6.06,6.03,1.0,0.0,0.0,0.0,0.0,10.0,0.0,0.0,True,storico,Statistiche_Fantacalcio_Stagione_2015_16.xlsx
,2051,Alee ami,Palermo,D,D,31.0,5.69,5.76,1.0,0.0,0.0,0.0,0.0,6.0,0.0,0.0,True,storico,Statistiche_Fantacalcio_Stagione_2016_17.xlsx
,355,Alex,Milan,D,D,25.0,5.96,6.26,3.0,0.0,0.0,0.0,0.0,5.0,0.0,0.0,True,storico,Statistiche_Fantacalcio_Stagione_2015_16.xlsx
,662,Alex Sandro,Juventu,D,D,19.0,6.45,6.74,2.0,0.0,0.0,0.0,0.0,5.0,0.0,0.0,True,storico,Statistiche_Fantacalcio_Stagione_2015_16.xlsx
,7483,Alha ane,Bologna,D,D,0.0,0.0,0.0,0.0,0.0,0.0,0.0,0.0,0.0,0.0,0.0,True,corrente_pre_stagione,Statistiche_Fantacalcio_Stagione_2026_27.xlsx
,5,Almici,Verona,D,D,0.0,0.0,0.0,0.0,0.0,0.0,0.0,0.0,0.0,0.0,0.0,True,storico,Statistiche_Fantacalcio_Stagione_2019_20.xlsx
,5447,Altare,Cagliari,D,D,19.0,5.97,6.0,1.0,0.0,0.0,0.0,0.0,5.0,0.0,0.0,True,storico,Statistiche_Fantacalcio_Stagione_2021_22.xlsx
,5424,Amey,Bologna,D,D,0.0,0.0,0.0,0.0,0.0,0.0,0.0,0.0,0.0,0.0,0.0,True,storico,Statistiche_Fantacalcio_Stagione_2020_21.xlsx
,5475,Amian,Spezia,D,D,32.0,5.72,5.67,1.0,0.0,0.0,0.0,0.0,7.0,0.0,0.0,True,storico,Statistiche_Fantacalcio_Stagione_2021_22.xlsx
,5316,Amione,Verona,D,D,0.0,0.0,0.0,0.0,0.0,0.0,0.0,0.0,0.0,0.0,0.0,True,storico,Statistiche_Fantacalcio_Stagione_2020_21.xlsx
,4719,Ampadu,Venezia,D,D,29.0,5.83,5.69,0.0,0.0,0.0,0.0,0.0,10.0,0.0,0.0,True,storico,Statistiche_Fantacalcio_Stagione_2021_22.xlsx
,2080,Amuzie,Sampdoria,D,D,0.0,0.0,0.0,0.0,0.0,0.0,0.0,0.0,0.0,0.0,0.0,True,storico,Statistiche_Fantacalcio_Stagione_2016_17.xlsx
,706,An aldi,Genoa,D,D,24.0,6.02,6.1,0.0,0.0,0.0,0.0,0.0,4.0,0.0,0.0,True,storico,Statistiche_Fantacalcio_Stagione_2015_16.xlsx
,414,Andelkovic,Palermo,D,D,22.0,5.55,5.48,0.0,0.0,0.0,0.0,0.0,3.0,0.0,0.0,True,storico,Statistiche_Fantacalcio_Stagione_2015_16.xlsx
,2320,Ander en,Sampdoria,D,D,6.0,5.75,5.75,0.0,0.0,0.0,0.0,0.0,0.0,0.0,0.0,True,storico,Statistiche_Fantacalcio_Stagione_2017_18.xlsx
,251,Andreolli,Inter,D,D,0.0,0.0,0.0,0.0,0.0,0.0,0.0,0.0,0.0,0.0,0.0,True,storico,Statistiche_Fantacalcio_Stagione_2015_16.xlsx
,4772,Angelino,Roma,D,D,16.0,5.94,5.88,0.0,0.0,0.0,0.0,0.0,2.0,0.0,1.0,True,storico,Statistiche_Fantacalcio_Stagione_2023_24.xlsx
,1984,Angella,Udine e,D,D,13.0,5.92,5.88,1.0,0.0,0.0,0.0,0.0,3.0,0.0,1.0,True,storico,Statistiche_Fantacalcio_Stagione_2016_17.xlsx
,7143,Angori,Pi a,D,D,35.0,5.91,5.94,0.0,0.0,0.0,0.0,0.0,2.0,0.0,0.0,True,storico,Statistiche_Fantacalcio_2025_26.xlsx
,4529,Anker en,Genoa,D,D,16.0,5.84,5.84,0.0,0.0,0.0,0.0,0.0,2.0,0.0,0.0,True,storico,Statistiche_Fantacalcio_Stagione_2019_20.xlsx
,514,Antei,Sa uolo,D,D,5.0,5.8,5.8,0.0,0.0,0.0,0.0,0.0,2.0,0.0,0.0,True,storico,Statistiche_Fantacalcio_Stagione_2015_16.xlsx
,356,Antonelli,Milan,D,D,28.0,6.09,6.41,3.0,0.0,0.0,0.0,0.0,2.0,0.0,0.0,True,storico,Statistiche_Fantacalcio_Stagione_2015_16.xlsx
,5399,Antov,Bologna,D,D,4.0,5.38,5.25,0.0,0.0,0.0,0.0,0.0,1.0,0.0,0.0,True,storico,Statistiche_Fantacalcio_Stagione_2020_21.xlsx
,4526,Arana,Atalanta,D,D,2.0,6.0,6.0,0.0,0.0,0.0,0.0,0.0,0.0,0.0,0.0,True,storico,Statistiche_Fantacalcio_Stagione_2019_20.xlsx
,515,Ariaudo,Empoli,D,D,8.0,5.81,5.81,0.0,0.0,0.0,0.0,0.0,0.0,0.0,0.0,True,storico,Statistiche_Fantacalcio_Stagione_2015_16.xlsx
,7312,Arizala,Udine e,D,D,5.0,5.8,5.8,0.0,0.0,0.0,0.0,0.0,0.0,0.0,0.0,True,storico,Statistiche_Fantacalcio_2025_26.xlsx
,802,Armero,Udine e,D,D,5.0,5.9,6.1,1.0,0.0,0.0,0.0,0.0,0.0,0.0,1.0,True,storico,Statistiche_Fantacalcio_Stagione_2015_16.xlsx
,4366,Armini,Lazio,D,D,0.0,0.0,0.0,0.0,0.0,0.0,0.0,0.0,0.0,0.0,0.0,True,storico,Statistiche_Fantacalcio_Stagione_2019_20.xlsx
,7211,Athekame,Milan,D,D,17.0,5.94,6.32,2.0,0.0,0.0,0.0,0.0,3.0,0.0,0.0,True,storico,Statistiche_Fantacalcio_2025_26.xlsx
,4421,Augello,Sampdoria,D,D,16.0,6.06,6.12,0.0,0.0,0.0,0.0,0.0,2.0,0.0,0.0,True,storico,Statistiche_Fantacalcio_Stagione_2019_20.xlsx
,7548,Aurelio,Cagliari,D,D,0.0,0.0,0.0,0.0,0.0,0.0,0.0,0.0,0.0,0.0,0.0,True,corrente_pre_stagione,Statistiche_Fantacalcio_Stagione_2026_27.xlsx
,544,Avelar,Torino,D,D,5.0,5.9,5.7,0.0,0.0,0.0,0.0,0.0,1.0,0.0,1.0,True,storico,Statistiche_Fantacalcio_Stagione_2015_16.xlsx
,5463,Aya,Salernitana,D,D,2.0,5.0,4.75,0.0,0.0,0.0,0.0,0.0,1.0,0.0,0.0,True,storico,Statistiche_Fantacalcio_Stagione_2021_22.xlsx
,4979,Ayhan,Sa uolo,D,D,13.0,5.81,5.73,0.0,0.0,0.0,0.0,0.0,2.0,0.0,0.0,True,storico,Statistiche_Fantacalcio_Stagione_2020_21.xlsx
,6231,Azzi,Cagliari,D,D,22.0,5.84,5.82,0.0,0.0,0.0,0.0,0.0,1.0,0.0,0.0,True,storico,Statistiche_Fantacalcio_Stagione_2023_24.xlsx
,162,Ba anta,Fiorentina,D,D,0.0,0.0,0.0,0.0,0.0,0.0,0.0,0.0,0.0,0.0,0.0,True,storico,Statistiche_Fantacalcio_Stagione_2015_16.xlsx
,5835,Ba chirotto,Lecce,D,D,37.0,6.07,6.23,3.0,0.0,0.0,0.0,0.0,6.0,0.0,0.0,True,storico,Statistiche_Fantacalcio_Stagione_2022_23.xlsx
,319,Ba ta,Lazio,D,D,22.0,5.7,5.59,0.0,0.0,0.0,0.0,0.0,1.0,0.0,1.0,True,storico,Statistiche_Fantacalcio_Stagione_2015_16.xlsx
,2062,Ba to,Lazio,D,D,10.0,5.55,5.25,0.0,0.0,0.0,0.0,0.0,4.0,0.0,0.0,True,storico,Statistiche_Fantacalcio_Stagione_2016_17.xlsx
,2120,Ba toni,Atalanta,D,D,3.0,6.17,6.17,0.0,0.0,0.0,0.0,0.0,0.0,0.0,0.0,True,storico,Statistiche_Fantacalcio_Stagione_2016_17.xlsx
,5332,Ba toni S.,Spezia,D,D,21.0,6.0,6.26,1.0,0.0,0.0,0.0,0.0,7.0,0.0,0.0,True,storico,Statistiche_Fantacalcio_Stagione_2020_21.xlsx
,161,Bagadur,Fiorentina,D,D,0.0,0.0,0.0,0.0,0.0,0.0,0.0,0.0,0.0,0.0,0.0,True,storico,Statistiche_Fantacalcio_Stagione_2016_17.xlsx
,5067,Bakker,Atalanta,D,D,9.0,5.72,6.0,1.0,0.0,0.0,0.0,0.0,1.0,0.0,0.0,True,storico,Statistiche_Fantacalcio_Stagione_2023_24.xlsx
,7476,Bakoune,Monza,D,D,0.0,0.0,0.0,0.0,0.0,0.0,0.0,0.0,0.0,0.0,0.0,True,corrente_pre_stagione,Statistiche_Fantacalcio_Stagione_2026_27.xlsx
,7377,Balbo,Fiorentina,D,D,4.0,5.75,5.75,0.0,0.0,0.0,0.0,0.0,0.0,0.0,0.0,True,storico,Statistiche_Fantacalcio_2025_26.xlsx
,4492,Balkovec,Verona,D,D,0.0,0.0,0.0,0.0,0.0,0.0,0.0,0.0,0.0,0.0,0.0,True,storico,Statistiche_Fantacalcio_Stagione_2019_20.xlsx
,4932,Ballarini,Udine e,D,D,0.0,0.0,0.0,0.0,0.0,0.0,0.0,0.0,0.0,0.0,0.0,True,storico,Statistiche_Fantacalcio_Stagione_2021_22.xlsx
,5017,Ballo-Toure,Milan,D,D,7.0,5.64,5.5,0.0,0.0,0.0,0.0,0.0,2.0,0.0,0.0,True,storico,Statistiche_Fantacalcio_Stagione_2021_22.xlsx
,5353,Balogh,Parma,D,D,3.0,5.83,5.67,0.0,0.0,0.0,0.0,0.0,1.0,0.0,0.0,True,storico,Statistiche_Fantacalcio_Stagione_2020_21.xlsx
,1991,Balzano,Cagliari,D,D,0.0,0.0,0.0,0.0,0.0,0.0,0.0,0.0,0.0,0.0,0.0,True,storico,Statistiche_Fantacalcio_Stagione_2017_18.xlsx
,2285,Bani,Chievo,D,D,16.0,5.78,5.59,0.0,0.0,0.0,0.0,0.0,4.0,0.0,0.0,True,storico,Statistiche_Fantacalcio_Stagione_2017_18.xlsx
,134,Barba,Empoli,D,D,10.0,5.7,5.55,0.0,0.0,0.0,0.0,0.0,3.0,0.0,0.0,True,storico,Statistiche_Fantacalcio_Stagione_2015_16.xlsx
,6013,Barbieri,Juventu,D,D,2.0,6.0,6.0,0.0,0.0,0.0,0.0,0.0,0.0,0.0,0.0,True,storico,Statistiche_Fantacalcio_Stagione_2022_23.xlsx
,1979,Barreca,Torino,D,D,27.0,5.94,5.98,0.0,0.0,0.0,0.0,0.0,2.0,0.0,0.0,True,storico,Statistiche_Fantacalcio_Stagione_2016_17.xlsx
,6496,Barte aghi,Milan,D,D,3.0,6.0,6.0,0.0,0.0,0.0,0.0,0.0,0.0,0.0,0.0,True,storico,Statistiche_Fantacalcio_Stagione_2023_24.xlsx
,285,Barzagli,Juventu,D,D,31.0,6.27,6.34,1.0,0.0,0.0,0.0,0.0,2.0,0.0,0.0,True,storico,Statistiche_Fantacalcio_Stagione_2015_16.xlsx
,5846,Bayeye,Torino,D,D,1.0,5.5,5.5,0.0,0.0,0.0,0.0,0.0,0.0,0.0,0.0,True,storico,Statistiche_Fantacalcio_Stagione_2022_23.xlsx
,2336,Bearzotti,Verona,D,D,6.0,5.5,5.5,0.0,0.0,0.0,0.0,0.0,0.0,0.0,0.0,True,storico,Statistiche_Fantacalcio_Stagione_2017_18.xlsx
,7220,Belghali,Verona,D,D,26.0,6.1,6.21,2.0,0.0,0.0,0.0,0.0,6.0,0.0,0.0,True,storico,Statistiche_Fantacalcio_2025_26.xlsx
,7253,Bella-Kotchap,Verona,D,D,18.0,5.83,5.75,0.0,0.0,0.0,0.0,0.0,3.0,0.0,0.0,True,storico,Statistiche_Fantacalcio_2025_26.xlsx
,4887,Bellanova,Atalanta,D,D,1.0,6.0,6.0,0.0,0.0,0.0,0.0,0.0,0.0,0.0,0.0,True,storico,Statistiche_Fantacalcio_Stagione_2019_20.xlsx
,6,Bellini,Atalanta,D,D,15.0,5.87,5.93,1.0,0.0,0.0,1.0,0.0,4.0,0.0,0.0,True,storico,Statistiche_Fantacalcio_Stagione_2015_16.xlsx
,1912,Bellu ci,Empoli,D,D,33.0,5.67,5.53,1.0,0.0,0.0,0.0,0.0,15.0,0.0,0.0,True,storico,Statistiche_Fantacalcio_Stagione_2016_17.xlsx
,808,Benalouane,Fiorentina,D,D,0.0,0.0,0.0,0.0,0.0,0.0,0.0,0.0,0.0,0.0,0.0,True,storico,Statistiche_Fantacalcio_Stagione_2015_16.xlsx
,1931,Benatia,Juventu,D,D,15.0,6.23,6.33,1.0,0.0,0.0,0.0,0.0,3.0,0.0,0.0,True,storico,Statistiche_Fantacalcio_Stagione_2016_17.xlsx
,4758,Benkovic,Udine e,D,D,0.0,0.0,0.0,0.0,0.0,0.0,0.0,0.0,0.0,0.0,0.0,True,storico,Statistiche_Fantacalcio_Stagione_2021_22.xlsx
,4398,Benzar,Lecce,D,D,3.0,5.5,5.5,0.0,0.0,0.0,0.0,0.0,0.0,0.0,0.0,True,storico,Statistiche_Fantacalcio_Stagione_2019_20.xlsx
,2104,Bere zyn ki,Sampdoria,D,D,12.0,5.71,5.75,0.0,0.0,0.0,0.0,0.0,1.0,0.0,0.0,True,storico,Statistiche_Fantacalcio_Stagione_2016_17.xlsx
,7219,Berna coni,Atalanta,D,D,22.0,6.09,6.16,0.0,0.0,0.0,0.0,0.0,3.0,0.0,0.0,True,storico,Statistiche_Fantacalcio_2025_26.xlsx
,5820,Bertola,Spezia,D,D,1.0,6.5,6.5,0.0,0.0,0.0,0.0,0.0,0.0,0.0,0.0,True,storico,Statistiche_Fantacalcio_Stagione_2021_22.xlsx
,192,Bertoncini,Fro inone,D,D,5.0,5.4,5.3,0.0,0.0,0.0,0.0,0.0,1.0,0.0,0.0,True,storico,Statistiche_Fantacalcio_Stagione_2015_16.xlsx
,2737,Bettella,Atalanta,D,D,0.0,0.0,0.0,0.0,0.0,0.0,0.0,0.0,0.0,0.0,0.0,True,storico,Statistiche_Fantacalcio_Stagione_2018_19.xlsx
,6202,Beukema,Bologna,D,D,30.0,6.02,6.02,1.0,0.0,0.0,0.0,0.0,4.0,0.0,0.0,True,storico,Statistiche_Fantacalcio_Stagione_2023_24.xlsx
,6217,Bi eck,Inter,D,D,11.0,6.36,7.0,2.0,0.0,0.0,0.0,0.0,0.0,0.0,0.0,True,storico,Statistiche_Fantacalcio_Stagione_2023_24.xlsx
,776,Bi evac,Lazio,D,D,10.0,5.65,5.95,1.0,0.0,0.0,0.0,0.0,0.0,0.0,0.0,True,storico,Statistiche_Fantacalcio_Stagione_2015_16.xlsx
,612,Bianchetti,Verona,D,D,20.0,5.65,5.7,1.0,0.0,0.0,0.0,0.0,4.0,0.0,0.0,True,storico,Statistiche_Fantacalcio_Stagione_2015_16.xlsx
,2783,Bianda,Roma,D,D,0.0,0.0,0.0,0.0,0.0,0.0,0.0,0.0,0.0,0.0,0.0,True,storico,Statistiche_Fantacalcio_Stagione_2018_19.xlsx
,5847,Bijol,Udine e,D,D,32.0,5.88,6.03,3.0,0.0,0.0,0.0,0.0,10.0,0.0,0.0,True,storico,Statistiche_Fantacalcio_Stagione_2022_23.xlsx
,2644,Billong,Benevento,D,D,5.0,5.2,5.2,0.0,0.0,0.0,0.0,0.0,0.0,0.0,0.0,True,storico,Statistiche_Fantacalcio_Stagione_2017_18.xlsx
,5445,Bink,Bologna,D,D,11.0,5.91,5.77,0.0,0.0,0.0,0.0,0.0,3.0,0.0,0.0,True,storico,Statistiche_Fantacalcio_Stagione_2021_22.xlsx
,2083,Bira chi,Genoa,D,D,6.0,6.0,5.92,0.0,0.0,0.0,0.0,0.0,2.0,0.0,0.0,True,storico,Statistiche_Fantacalcio_Stagione_2016_17.xlsx
,252,Biraghi,Chievo,D,D,0.0,0.0,0.0,0.0,0.0,0.0,0.0,0.0,0.0,0.0,0.0,True,storico,Statistiche_Fantacalcio_Stagione_2015_16.xlsx
,5838,Birindelli,Monza,D,D,30.0,5.83,5.77,0.0,0.0,0.0,0.0,0.0,8.0,0.0,0.0,True,storico,Statistiche_Fantacalcio_Stagione_2022_23.xlsx
,135,Bittante,Empoli,D,D,12.0,6.12,6.12,0.0,0.0,0.0,0.0,0.0,0.0,0.0,0.0,True,storico,Statistiche_Fantacalcio_Stagione_2015_16.xlsx
,193,Blanchard,Fro inone,D,D,28.0,5.86,5.95,3.0,0.0,0.0,0.0,0.0,11.0,0.0,0.0,True,storico,Statistiche_Fantacalcio_Stagione_2015_16.xlsx
,2405,Boateng J.,Salernitana,D,D,6.0,5.83,5.83,0.0,0.0,0.0,0.0,0.0,0.0,0.0,0.0,True,storico,Statistiche_Fantacalcio_Stagione_2023_24.xlsx
,4420,Bocchetti,Verona,D,D,5.0,5.9,5.7,0.0,0.0,0.0,0.0,0.0,2.0,0.0,0.0,True,storico,Statistiche_Fantacalcio_Stagione_2019_20.xlsx
,2298,Bochniewicz,Udine e,D,D,0.0,0.0,0.0,0.0,0.0,0.0,0.0,0.0,0.0,0.0,0.0,True,storico,Statistiche_Fantacalcio_Stagione_2017_18.xlsx
,5464,Bogdan,Salernitana,D,D,6.0,5.25,5.25,0.0,0.0,0.0,0.0,0.0,0.0,0.0,0.0,True,storico,Statistiche_Fantacalcio_Stagione_2021_22.xlsx
,1856,Boldor,Bologna,D,D,0.0,0.0,0.0,0.0,0.0,0.0,0.0,0.0,0.0,0.0,0.0,True,storico,Statistiche_Fantacalcio_Stagione_2016_17.xlsx
,6444,Bonfanti,Atalanta,D,D,2.0,5.75,5.75,0.0,0.0,0.0,0.0,0.0,0.0,0.0,0.0,True,storico,Statistiche_Fantacalcio_Stagione_2023_24.xlsx
,2192,Bonifazi,Torino,D,D,6.0,6.0,6.0,0.0,0.0,0.0,0.0,0.0,0.0,0.0,0.0,True,storico,Statistiche_Fantacalcio_Stagione_2017_18.xlsx
,286,Bonucci,Juventu,D,D,36.0,6.15,6.29,3.0,0.0,0.0,0.0,0.0,6.0,0.0,1.0,True,storico,Statistiche_Fantacalcio_Stagione_2015_16.xlsx
,4481,Bouah,Roma,D,D,0.0,0.0,0.0,0.0,0.0,0.0,0.0,0.0,0.0,0.0,0.0,True,storico,Statistiche_Fantacalcio_Stagione_2019_20.xlsx
,545,Bovo,Torino,D,D,20.0,5.95,6.0,2.0,0.0,0.0,0.0,0.0,10.0,0.0,0.0,True,storico,Statistiche_Fantacalcio_Stagione_2015_16.xlsx
,7325,Bozhinov,Pi a,D,D,8.0,5.25,5.06,0.0,0.0,0.0,0.0,0.0,1.0,0.0,0.0,True,storico,Statistiche_Fantacalcio_2025_26.xlsx
,320,Braafheid,Lazio,D,D,5.0,5.4,5.4,0.0,0.0,0.0,0.0,0.0,0.0,0.0,0.0,True,storico,Statistiche_Fantacalcio_Stagione_2015_16.xlsx
,7469,Bracaglia,Fro inone,D,D,0.0,0.0,0.0,0.0,0.0,0.0,0.0,0.0,0.0,0.0,0.0,True,corrente_pre_stagione,Statistiche_Fantacalcio_Stagione_2026_27.xlsx
,5532,Bradaric,Salernitana,D,D,30.0,5.75,5.77,0.0,0.0,0.0,0.0,0.0,5.0,0.0,0.0,True,storico,Statistiche_Fantacalcio_Stagione_2022_23.xlsx
,2788,Bremer,Torino,D,D,2.0,5.75,5.5,0.0,0.0,0.0,0.0,0.0,1.0,0.0,0.0,True,storico,Statistiche_Fantacalcio_Stagione_2018_19.xlsx
,2810,Brighenti,Fro inone,D,D,11.0,5.64,5.45,0.0,0.0,0.0,0.0,0.0,4.0,0.0,0.0,True,storico,Statistiche_Fantacalcio_Stagione_2018_19.xlsx
,2834,Brignani,Bologna,D,D,0.0,0.0,0.0,0.0,0.0,0.0,0.0,0.0,0.0,0.0,0.0,True,storico,Statistiche_Fantacalcio_Stagione_2018_19.xlsx
,7255,Brit chgi,Parma,D,D,28.0,5.75,5.7,0.0,0.0,0.0,0.0,0.0,5.0,0.0,0.0,True,storico,Statistiche_Fantacalcio_2025_26.xlsx
,8,Brivio,Atalanta,D,D,13.0,5.92,5.85,0.0,0.0,0.0,0.0,0.0,2.0,0.0,0.0,True,storico,Statistiche_Fantacalcio_Stagione_2015_16.xlsx
,2272,Bro co,Verona,D,D,0.0,0.0,0.0,0.0,0.0,0.0,0.0,0.0,0.0,0.0,0.0,True,storico,Statistiche_Fantacalcio_Stagione_2017_18.xlsx
,6028,Bronn,Salernitana,D,D,21.0,5.57,5.43,0.0,0.0,0.0,0.0,0.0,4.0,0.0,0.0,True,storico,Statistiche_Fantacalcio_Stagione_2022_23.xlsx
,6993,Bror on,Monza,D,D,4.0,5.38,5.38,0.0,0.0,0.0,0.0,0.0,0.0,0.0,0.0,True,storico,Statistiche_Fantacalcio_Stagione_2024_25.xlsx
,1864,Bruno Alve,Cagliari,D,D,36.0,5.5,5.49,1.0,0.0,0.0,0.0,0.0,5.0,0.0,0.0,True,storico,Statistiche_Fantacalcio_Stagione_2016_17.xlsx
,546,Bruno Pere,Torino,D,D,31.0,6.26,6.44,3.0,0.0,0.0,0.0,0.0,9.0,0.0,1.0,True,storico,Statistiche_Fantacalcio_Stagione_2015_16.xlsx
,5326,Bu i,Parma,D,D,19.0,5.37,5.34,0.0,0.0,0.0,0.0,0.0,3.0,0.0,0.0,True,storico,Statistiche_Fantacalcio_Stagione_2020_21.xlsx
,71,Bubnjic,Carpi,D,D,9.0,5.17,5.11,0.0,0.0,0.0,0.0,0.0,1.0,0.0,0.0,True,storico,Statistiche_Fantacalcio_Stagione_2015_16.xlsx
,2724,Buongiorno,Torino,D,D,0.0,0.0,0.0,0.0,0.0,0.0,0.0,0.0,0.0,0.0,0.0,True,storico,Statistiche_Fantacalcio_Stagione_2019_20.xlsx
,222,Burdi o,Genoa,D,D,28.0,5.96,5.84,0.0,0.0,0.0,0.0,0.0,7.0,0.0,0.0,True,storico,Statistiche_Fantacalcio_Stagione_2015_16.xlsx
,5849,Buta,Udine e,D,D,0.0,0.0,0.0,0.0,0.0,0.0,0.0,0.0,0.0,0.0,0.0,True,storico,Statistiche_Fantacalcio_Stagione_2022_23.xlsx
,4391,Ca a ola,Lazio,D,D,0.0,0.0,0.0,0.0,0.0,0.0,0.0,0.0,0.0,0.0,0.0,True,storico,Statistiche_Fantacalcio_Stagione_2019_20.xlsx
,5498,Ca ale,Verona,D,D,34.0,5.85,5.75,0.0,0.0,0.0,0.0,0.0,10.0,0.0,0.0,True,storico,Statistiche_Fantacalcio_Stagione_2021_22.xlsx
,4438,Ca andro,Bologna,D,D,0.0,0.0,0.0,0.0,0.0,0.0,0.0,0.0,0.0,0.0,0.0,True,storico,Statistiche_Fantacalcio_Stagione_2019_20.xlsx
,485,Ca ani,Sampdoria,D,D,24.0,5.81,5.69,0.0,0.0,0.0,0.0,0.0,6.0,0.0,0.0,True,storico,Statistiche_Fantacalcio_Stagione_2015_16.xlsx
,2197,Ca tagne,Atalanta,D,D,19.0,5.92,5.92,0.0,0.0,0.0,0.0,0.0,4.0,0.0,0.0,True,storico,Statistiche_Fantacalcio_Stagione_2017_18.xlsx
,455,Ca tan,Roma,D,D,5.0,5.4,5.3,0.0,0.0,0.0,0.0,0.0,1.0,0.0,0.0,True,storico,Statistiche_Fantacalcio_Stagione_2015_16.xlsx
,6039,Cabal,Verona,D,D,9.0,5.89,5.72,0.0,0.0,0.0,0.0,0.0,3.0,0.0,0.0,True,storico,Statistiche_Fantacalcio_Stagione_2022_23.xlsx
,2202,Cabrera,Crotone,D,D,5.0,5.2,5.2,0.0,0.0,0.0,0.0,0.0,0.0,0.0,0.0,True,storico,Statistiche_Fantacalcio_Stagione_2017_18.xlsx
,5804,Cacace,Empoli,D,D,8.0,5.81,5.75,0.0,0.0,0.0,0.0,0.0,1.0,0.0,0.0,True,storico,Statistiche_Fantacalcio_Stagione_2021_22.xlsx
,99,Cacciatore,Chievo,D,D,28.0,5.89,6.0,1.0,0.0,0.0,0.0,0.0,6.0,0.0,0.0,True,storico,Statistiche_Fantacalcio_Stagione_2015_16.xlsx
,287,Cacere,Juventu,D,D,6.0,5.83,5.83,0.0,0.0,0.0,0.0,0.0,0.0,0.0,0.0,True,storico,Statistiche_Fantacalcio_Stagione_2015_16.xlsx
,2745,Calabre i,Bologna,D,D,17.0,5.79,5.74,1.0,0.0,0.0,0.0,0.0,8.0,0.0,0.0,True,storico,Statistiche_Fantacalcio_Stagione_2018_19.xlsx
,357,Calabria,Milan,D,D,6.0,6.0,5.67,0.0,0.0,0.0,0.0,0.0,4.0,0.0,0.0,True,storico,Statistiche_Fantacalcio_Stagione_2015_16.xlsx
,4945,Calafiori,Roma,D,D,1.0,6.5,6.5,0.0,0.0,0.0,0.0,0.0,0.0,0.0,0.0,True,storico,Statistiche_Fantacalcio_Stagione_2019_20.xlsx
,1847,Caldara,Atalanta,D,D,30.0,6.28,6.92,7.0,0.0,0.0,0.0,0.0,4.0,0.0,0.0,True,storico,Statistiche_Fantacalcio_Stagione_2016_17.xlsx
,4470,Calderoni,Lecce,D,D,24.0,5.71,6.02,3.0,0.0,0.0,0.0,0.0,7.0,0.0,0.0,True,storico,Statistiche_Fantacalcio_Stagione_2019_20.xlsx
,4958,Caldirola,Benevento,D,D,22.0,5.75,5.91,2.0,0.0,0.0,0.0,0.0,3.0,0.0,0.0,True,storico,Statistiche_Fantacalcio_Stagione_2020_21.xlsx
,7467,Calvani,Fro inone,D,D,0.0,0.0,0.0,0.0,0.0,0.0,0.0,0.0,0.0,0.0,0.0,True,corrente_pre_stagione,Statistiche_Fantacalcio_Stagione_2026_27.xlsx
,5520,Cambia o,Genoa,D,D,25.0,5.94,6.12,1.0,0.0,0.0,0.0,0.0,3.0,0.0,0.0,True,storico,Statistiche_Fantacalcio_Stagione_2021_22.xlsx
,1948,Campagnaro,Pe cara,D,D,18.0,5.78,5.78,2.0,0.0,0.0,0.0,0.0,8.0,0.0,1.0,True,storico,Statistiche_Fantacalcio_Stagione_2016_17.xlsx
,137,Campore e,Empoli,D,D,2.0,5.0,4.0,0.0,0.0,0.0,0.0,0.0,0.0,0.0,1.0,True,storico,Statistiche_Fantacalcio_Stagione_2015_16.xlsx
,321,Cana,Lazio,D,D,0.0,0.0,0.0,0.0,0.0,0.0,0.0,0.0,0.0,0.0,0.0,True,storico,Statistiche_Fantacalcio_Stagione_2015_16.xlsx
,2310,Cancelo,Inter,D,D,23.0,6.22,6.39,1.0,0.0,0.0,0.0,0.0,4.0,0.0,0.0,True,storico,Statistiche_Fantacalcio_Stagione_2017_18.xlsx
,4458,Candela,Genoa,D,D,0.0,0.0,0.0,0.0,0.0,0.0,0.0,0.0,0.0,0.0,0.0,True,storico,Statistiche_Fantacalcio_Stagione_2019_20.xlsx
,6985,Candè,Venezia,D,D,17.0,5.76,5.82,1.0,0.0,0.0,0.0,0.0,4.0,0.0,0.0,True,storico,Statistiche_Fantacalcio_Stagione_2024_25.xlsx
,7139,Cane trelli,Pi a,D,D,37.0,5.69,5.72,1.0,0.0,0.0,0.0,0.0,4.0,0.0,0.0,True,storico,Statistiche_Fantacalcio_2025_26.xlsx
,9,Canini,Atalanta,D,D,0.0,0.0,0.0,0.0,0.0,0.0,0.0,0.0,0.0,0.0,0.0,True,storico,Statistiche_Fantacalcio_Stagione_2015_16.xlsx
,516,Cannavaro,Sa uolo,D,D,31.0,5.89,5.79,0.0,0.0,0.0,0.0,0.0,8.0,0.0,0.0,True,storico,Statistiche_Fantacalcio_Stagione_2015_16.xlsx
,454,Caprado i,Roma,D,D,0.0,0.0,0.0,0.0,0.0,0.0,0.0,0.0,0.0,0.0,0.0,True,storico,Statistiche_Fantacalcio_Stagione_2015_16.xlsx
,1865,Capuano,Cagliari,D,D,11.0,5.55,5.73,1.0,0.0,0.0,0.0,0.0,0.0,0.0,0.0,True,storico,Statistiche_Fantacalcio_Stagione_2016_17.xlsx
,2273,Caracciolo A,Verona,D,D,33.0,5.58,5.67,2.0,0.0,0.0,0.0,0.0,6.0,0.0,0.0,True,storico,Statistiche_Fantacalcio_Stagione_2017_18.xlsx
,4925,Carboni A.,Cagliari,D,D,6.0,5.5,5.0,0.0,0.0,0.0,0.0,0.0,2.0,0.0,0.0,True,storico,Statistiche_Fantacalcio_Stagione_2019_20.xlsx
,6149,Carboni F.,Monza,D,D,2.0,6.25,6.25,0.0,0.0,0.0,0.0,0.0,0.0,0.0,0.0,True,storico,Statistiche_Fantacalcio_Stagione_2022_23.xlsx
,2109,Carlao,Torino,D,D,4.0,5.38,5.25,0.0,0.0,0.0,0.0,0.0,1.0,0.0,0.0,True,storico,Statistiche_Fantacalcio_Stagione_2016_17.xlsx
,5877,Carlo  Augu to,Monza,D,D,35.0,6.16,6.76,6.0,0.0,0.0,0.0,0.0,4.0,0.0,0.0,True,storico,Statistiche_Fantacalcio_Stagione_2022_23.xlsx
,100,Ce ar,Chievo,D,D,31.0,5.97,5.89,1.0,0.0,0.0,0.0,0.0,9.0,0.0,0.0,True,storico,Statistiche_Fantacalcio_Stagione_2015_16.xlsx
,44,Ceccarelli,Bologna,D,D,0.0,0.0,0.0,0.0,0.0,0.0,0.0,0.0,0.0,0.0,0.0,True,storico,Statistiche_Fantacalcio_Stagione_2015_16.xlsx
,5479,Ceccaroni,Venezia,D,D,35.0,5.8,5.87,2.0,0.0,0.0,0.0,0.0,7.0,0.0,0.0,True,storico,Statistiche_Fantacalcio_Stagione_2021_22.xlsx
,1891,Ceccherini,Crotone,D,D,35.0,5.91,5.87,1.0,0.0,0.0,0.0,0.0,9.0,0.0,0.0,True,storico,Statistiche_Fantacalcio_Stagione_2016_17.xlsx
,2535,Cedric Soare,Inter,D,D,3.0,6.17,6.17,0.0,0.0,0.0,0.0,0.0,0.0,0.0,0.0,True,storico,Statistiche_Fantacalcio_Stagione_2018_19.xlsx
,4657,Celik,Roma,D,D,21.0,5.81,5.69,0.0,0.0,0.0,0.0,0.0,5.0,0.0,0.0,True,storico,Statistiche_Fantacalcio_Stagione_2022_23.xlsx
,6576,Centonze,Verona,D,D,9.0,5.67,5.67,0.0,0.0,0.0,0.0,0.0,2.0,0.0,0.0,True,storico,Statistiche_Fantacalcio_Stagione_2023_24.xlsx
,1866,Ceppitelli,Cagliari,D,D,19.0,5.42,5.18,0.0,0.0,0.0,0.0,0.0,5.0,0.0,1.0,True,storico,Statistiche_Fantacalcio_Stagione_2016_17.xlsx
,4519,Cetin,Roma,D,D,5.0,5.8,5.4,0.0,0.0,0.0,0.0,0.0,2.0,0.0,0.0,True,storico,Statistiche_Fantacalcio_Stagione_2019_20.xlsx
,4403,Chabot,Sampdoria,D,D,8.0,5.88,6.06,1.0,0.0,0.0,0.0,0.0,1.0,0.0,0.0,True,storico,Statistiche_Fantacalcio_Stagione_2019_20.xlsx
,5641,Chalobah T.,Como,D,D,0.0,0.0,0.0,0.0,0.0,0.0,0.0,0.0,0.0,0.0,0.0,True,corrente_pre_stagione,Statistiche_Fantacalcio_Stagione_2026_27.xlsx
,7222,Cham,Verona,D,D,3.0,5.17,5.17,0.0,0.0,0.0,0.0,0.0,0.0,0.0,0.0,True,storico,Statistiche_Fantacalcio_2025_26.xlsx
,4429,Chancellor,Bre cia,D,D,26.0,5.73,5.94,3.0,0.0,0.0,0.0,0.0,3.0,0.0,1.0,True,storico,Statistiche_Fantacalcio_Stagione_2019_20.xlsx
,10,Cherubin,Atalanta,D,D,13.0,5.77,5.88,1.0,0.0,0.0,0.0,0.0,1.0,0.0,0.0,True,storico,Statistiche_Fantacalcio_Stagione_2015_16.xlsx
,288,Chiellini,Juventu,D,D,24.0,6.17,6.17,1.0,0.0,0.0,0.0,0.0,4.0,0.0,0.0,True,storico,Statistiche_Fantacalcio_Stagione_2015_16.xlsx
,640,Chiriche,Napoli,D,D,8.0,6.0,6.25,1.0,0.0,0.0,0.0,0.0,2.0,0.0,0.0,True,storico,Statistiche_Fantacalcio_Stagione_2015_16.xlsx
,223,Ci okho,Genoa,D,D,12.0,5.54,5.54,0.0,0.0,0.0,0.0,0.0,0.0,0.0,0.0,True,storico,Statistiche_Fantacalcio_Stagione_2015_16.xlsx
,4442,Ci tana,Bre cia,D,D,21.0,5.79,5.74,1.0,0.0,0.0,0.0,0.0,6.0,0.0,0.0,True,storico,Statistiche_Fantacalcio_Stagione_2019_20.xlsx
,194,Ciofani M,Fro inone,D,D,16.0,5.72,5.72,0.0,0.0,0.0,0.0,0.0,2.0,0.0,0.0,True,storico,Statistiche_Fantacalcio_Stagione_2015_16.xlsx
,780,Cionek,Palermo,D,D,5.0,6.2,6.0,0.0,0.0,0.0,0.0,0.0,2.0,0.0,0.0,True,storico,Statistiche_Fantacalcio_Stagione_2015_16.xlsx
,4509,Cipriano,Lazio,D,D,0.0,0.0,0.0,0.0,0.0,0.0,0.0,0.0,0.0,0.0,0.0,True,storico,Statistiche_Fantacalcio_Stagione_2019_20.xlsx
,6663,Circati,Parma,D,D,6.0,5.83,5.75,0.0,0.0,0.0,0.0,0.0,1.0,0.0,0.0,True,storico,Statistiche_Fantacalcio_Stagione_2024_25.xlsx
,5757,Cittadini,Genoa,D,D,3.0,6.0,5.83,0.0,0.0,0.0,0.0,0.0,1.0,0.0,0.0,True,storico,Statistiche_Fantacalcio_Stagione_2023_24.xlsx
,1892,Claiton,Crotone,D,D,9.0,5.28,5.17,0.0,0.0,0.0,0.0,0.0,2.0,0.0,0.0,True,storico,Statistiche_Fantacalcio_Stagione_2016_17.xlsx
,709,Co ic,Empoli,D,D,9.0,5.83,5.61,0.0,0.0,0.0,0.0,0.0,4.0,0.0,0.0,True,storico,Statistiche_Fantacalcio_Stagione_2015_16.xlsx
,138,Co ta,Empoli,D,D,23.0,5.93,5.98,1.0,0.0,0.0,0.0,0.0,4.0,0.0,0.0,True,storico,Statistiche_Fantacalcio_Stagione_2015_16.xlsx
,817,Co ta F,Chievo,D,D,3.0,6.0,6.0,0.0,0.0,0.0,0.0,0.0,0.0,0.0,0.0,True,storico,Statistiche_Fantacalcio_Stagione_2015_16.xlsx
,6642,Coco,Torino,D,D,32.0,5.86,5.83,2.0,0.0,0.0,0.0,0.0,10.0,0.0,1.0,True,storico,Statistiche_Fantacalcio_Stagione_2024_25.xlsx
,486,Coda,Sampdoria,D,D,2.0,6.0,5.75,0.0,0.0,0.0,0.0,0.0,1.0,0.0,0.0,True,storico,Statistiche_Fantacalcio_Stagione_2015_16.xlsx
,456,Cole,Roma,D,D,0.0,0.0,0.0,0.0,0.0,0.0,0.0,0.0,0.0,0.0,0.0,True,storico,Statistiche_Fantacalcio_Stagione_2015_16.xlsx
,2784,Colley,Sampdoria,D,D,21.0,5.93,5.88,0.0,0.0,0.0,0.0,0.0,0.0,0.0,0.0,True,storico,Statistiche_Fantacalcio_Stagione_2018_19.xlsx
,7526,Comert,Torino,D,D,0.0,0.0,0.0,0.0,0.0,0.0,0.0,0.0,0.0,0.0,0.0,True,corrente_pre_stagione,Statistiche_Fantacalcio_Stagione_2026_27.xlsx
,6495,Comuzzo,Fiorentina,D,D,2.0,6.0,5.75,0.0,0.0,0.0,0.0,0.0,1.0,0.0,0.0,True,storico,Statistiche_Fantacalcio_Stagione_2023_24.xlsx
,804,Con tant,Bologna,D,D,6.0,5.5,5.5,0.0,0.0,0.0,0.0,0.0,0.0,0.0,0.0,True,storico,Statistiche_Fantacalcio_Stagione_2015_16.xlsx
,11,Conti,Atalanta,D,D,13.0,5.85,6.27,2.0,0.0,0.0,0.0,0.0,1.0,0.0,0.0,True,storico,Statistiche_Fantacalcio_Stagione_2015_16.xlsx
,5764,Coppola D.,Verona,D,D,3.0,5.83,5.83,0.0,0.0,0.0,0.0,0.0,0.0,0.0,0.0,True,storico,Statistiche_Fantacalcio_Stagione_2021_22.xlsx
,7140,Coppola F.,Pi a,D,D,5.0,5.1,4.9,0.0,0.0,0.0,0.0,0.0,3.0,0.0,0.0,True,storico,Statistiche_Fantacalcio_2025_26.xlsx
,6407,Corazza,Bologna,D,D,5.0,5.9,5.8,0.0,0.0,0.0,0.0,0.0,1.0,0.0,0.0,True,storico,Statistiche_Fantacalcio_Stagione_2023_24.xlsx
,4365,Corbo,Bologna,D,D,2.0,4.75,4.5,0.0,0.0,0.0,0.0,0.0,1.0,0.0,0.0,True,storico,Statistiche_Fantacalcio_Stagione_2019_20.xlsx
,7471,Corrado,Fro inone,D,D,0.0,0.0,0.0,0.0,0.0,0.0,0.0,0.0,0.0,0.0,0.0,True,corrente_pre_stagione,Statistiche_Fantacalcio_Stagione_2026_27.xlsx
,4845,Correia T.,Venezia,D,D,0.0,0.0,0.0,0.0,0.0,0.0,0.0,0.0,0.0,0.0,0.0,True,corrente_pre_stagione,Statistiche_Fantacalcio_Stagione_2026_27.xlsx
,6665,Coulibaly W.,Parma,D,D,14.0,5.54,5.36,0.0,0.0,0.0,0.0,0.0,1.0,0.0,1.0,True,storico,Statistiche_Fantacalcio_Stagione_2024_25.xlsx
,6727,Couto,Como,D,D,0.0,0.0,0.0,0.0,0.0,0.0,0.0,0.0,0.0,0.0,0.0,True,corrente_pre_stagione,Statistiche_Fantacalcio_Stagione_2026_27.xlsx
,457,Cre cenzi,Pe cara,D,D,19.0,5.45,5.53,0.0,0.0,0.0,0.0,0.0,1.0,0.0,0.0,True,storico,Statistiche_Fantacalcio_Stagione_2016_17.xlsx
,1893,Cremone i,SPAL,D,D,5.0,5.3,4.7,0.0,0.0,0.0,0.0,0.0,2.0,0.0,1.0,True,storico,Statistiche_Fantacalcio_Stagione_2017_18.xlsx
,2759,Cri cito,Genoa,D,D,35.0,6.01,6.1,2.0,0.0,0.0,1.0,0.0,12.0,0.0,0.0,True,storico,Statistiche_Fantacalcio_Stagione_2018_19.xlsx
,195,Crivello,Fro inone,D,D,17.0,5.47,5.38,0.0,0.0,0.0,0.0,0.0,5.0,0.0,0.0,True,storico,Statistiche_Fantacalcio_Stagione_2015_16.xlsx
,7407,Cuenca A.,Como,D,D,0.0,0.0,0.0,0.0,0.0,0.0,0.0,0.0,0.0,0.0,0.0,True,corrente_pre_stagione,Statistiche_Fantacalcio_Stagione_2026_27.xlsx
,2143,Cuomo,Crotone,D,D,12.0,5.58,5.42,0.0,0.0,0.0,0.0,0.0,4.0,0.0,0.0,True,storico,Statistiche_Fantacalcio_Stagione_2020_21.xlsx
,4443,Curcio,Bre cia,D,D,0.0,0.0,0.0,0.0,0.0,0.0,0.0,0.0,0.0,0.0,0.0,True,storico,Statistiche_Fantacalcio_Stagione_2019_20.xlsx
,4881,Czyborra,Atalanta,D,D,1.0,6.0,6.0,0.0,0.0,0.0,0.0,0.0,0.0,0.0,0.0,True,storico,Statistiche_Fantacalcio_Stagione_2019_20.xlsx
,253,D'ambro io,Inter,D,D,18.0,5.94,6.14,2.0,0.0,0.0,0.0,0.0,3.0,0.0,0.0,True,storico,Statistiche_Fantacalcio_Stagione_2015_16.xlsx
,6647,Dahl,Roma,D,D,2.0,6.0,6.0,0.0,0.0,0.0,0.0,0.0,0.0,0.0,0.0,True,storico,Statistiche_Fantacalcio_Stagione_2024_25.xlsx
,101,Dainelli,Chievo,D,D,18.0,5.92,5.94,1.0,0.0,0.0,0.0,0.0,5.0,0.0,0.0,True,storico,Statistiche_Fantacalcio_Stagione_2015_16.xlsx
,2289,Dalbert,Inter,D,D,11.0,5.68,5.68,0.0,0.0,0.0,0.0,0.0,0.0,0.0,0.0,True,storico,Statistiche_Fantacalcio_Stagione_2017_18.xlsx
,4950,Dalle Mura,Fiorentina,D,D,0.0,0.0,0.0,0.0,0.0,0.0,0.0,0.0,0.0,0.0,0.0,True,storico,Statistiche_Fantacalcio_Stagione_2020_21.xlsx
,4242,Dalot,Milan,D,D,17.0,5.91,6.03,1.0,0.0,0.0,0.0,0.0,4.0,0.0,0.0,True,storico,Statistiche_Fantacalcio_Stagione_2020_21.xlsx
,1932,Dani Alve,Juventu,D,D,16.0,6.0,6.28,2.0,0.0,0.0,0.0,0.0,5.0,0.0,0.0,True,storico,Statistiche_Fantacalcio_Stagione_2016_17.xlsx
,5554,Daniliuc,Salernitana,D,D,27.0,5.69,5.5,0.0,0.0,0.0,0.0,0.0,10.0,0.0,0.0,True,storico,Statistiche_Fantacalcio_Stagione_2022_23.xlsx
,4237,Danilo,Juventu,D,D,22.0,5.77,5.95,2.0,0.0,0.0,0.0,0.0,2.0,0.0,0.0,True,storico,Statistiche_Fantacalcio_Stagione_2019_20.xlsx
,578,Danilo Lar.,Udine e,D,D,34.0,5.75,5.56,0.0,0.0,0.0,0.0,0.0,9.0,0.0,0.0,True,storico,Statistiche_Fantacalcio_Stagione_2015_16.xlsx
,415,Daprela,Carpi,D,D,4.0,5.25,5.0,0.0,0.0,0.0,0.0,0.0,2.0,0.0,0.0,True,storico,Statistiche_Fantacalcio_Stagione_2015_16.xlsx
,2525,Darmian,Parma,D,D,32.0,5.92,5.95,1.0,0.0,0.0,0.0,0.0,6.0,0.0,0.0,True,storico,Statistiche_Fantacalcio_Stagione_2019_20.xlsx
,4493,Dawidowicz,Verona,D,D,10.0,5.9,5.9,1.0,0.0,0.0,0.0,0.0,2.0,0.0,0.0,True,storico,Statistiche_Fantacalcio_Stagione_2019_20.xlsx
,289,De Ceglie,Juventu,D,D,0.0,0.0,0.0,0.0,0.0,0.0,0.0,0.0,0.0,0.0,0.0,True,storico,Statistiche_Fantacalcio_Stagione_2015_16.xlsx
,4428,De Ligt,Juventu,D,D,29.0,6.05,6.38,4.0,0.0,0.0,0.0,0.0,5.0,0.0,0.0,True,storico,Statistiche_Fantacalcio_Stagione_2019_20.xlsx
,224,De Maio,Genoa,D,D,27.0,5.76,5.67,1.0,0.0,0.0,0.0,0.0,5.0,0.0,1.0,True,storico,Statistiche_Fantacalcio_Stagione_2015_16.xlsx
,358,De Sciglio,Milan,D,D,22.0,5.52,5.45,0.0,0.0,0.0,0.0,0.0,3.0,0.0,0.0,True,storico,Statistiche_Fantacalcio_Stagione_2015_16.xlsx
,487,De Silve tri,Sampdoria,D,D,17.0,6.06,6.24,1.0,0.0,0.0,0.0,0.0,4.0,0.0,0.0,True,storico,Statistiche_Fantacalcio_Stagione_2015_16.xlsx
,322,De Vrij,Lazio,D,D,2.0,5.75,5.75,0.0,0.0,0.0,0.0,0.0,0.0,0.0,0.0,True,storico,Statistiche_Fantacalcio_Stagione_2015_16.xlsx
,5739,De Winter,Juventu,D,D,0.0,0.0,0.0,0.0,0.0,0.0,0.0,0.0,0.0,0.0,0.0,True,storico,Statistiche_Fantacalcio_Stagione_2021_22.xlsx
,5313,De t,Milan,D,D,7.0,5.64,5.64,0.0,0.0,0.0,0.0,0.0,0.0,0.0,0.0,True,storico,Statistiche_Fantacalcio_Stagione_2022_23.xlsx
,2250,Del Fabro,Juventu,D,D,0.0,0.0,0.0,0.0,0.0,0.0,0.0,0.0,0.0,0.0,0.0,True,storico,Statistiche_Fantacalcio_Stagione_2017_18.xlsx
,12,Del Gro o,Atalanta,D,D,0.0,0.0,0.0,0.0,0.0,0.0,0.0,0.0,0.0,0.0,0.0,True,storico,Statistiche_Fantacalcio_Stagione_2015_16.xlsx
,517,Dell'orco,Sa uolo,D,D,0.0,0.0,0.0,0.0,0.0,0.0,0.0,0.0,0.0,0.0,0.0,True,storico,Statistiche_Fantacalcio_Stagione_2015_16.xlsx
,1844,Della Giovanna,SPAL,D,D,0.0,0.0,0.0,0.0,0.0,0.0,0.0,0.0,0.0,0.0,0.0,True,storico,Statistiche_Fantacalcio_Stagione_2017_18.xlsx
,6612,Dellavalle,Torino,D,D,0.0,0.0,0.0,0.0,0.0,0.0,0.0,0.0,0.0,0.0,0.0,True,storico,Statistiche_Fantacalcio_Stagione_2024_25.xlsx
,2115,Delli Carri,Salernitana,D,D,5.0,5.5,5.4,0.0,0.0,0.0,0.0,0.0,1.0,0.0,0.0,True,storico,Statistiche_Fantacalcio_Stagione_2021_22.xlsx
,6664,Delprato,Parma,D,D,34.0,6.03,6.21,4.0,0.0,0.0,0.0,0.0,8.0,0.0,0.0,True,storico,Statistiche_Fantacalcio_Stagione_2024_25.xlsx
,6826,Dembele' A.,Torino,D,D,9.0,5.67,5.89,1.0,0.0,0.0,0.0,0.0,0.0,0.0,0.0,True,storico,Statistiche_Fantacalcio_Stagione_2024_25.xlsx
,4332,Demiral,Sa uolo,D,D,14.0,6.29,6.61,2.0,0.0,0.0,0.0,0.0,3.0,0.0,0.0,True,storico,Statistiche_Fantacalcio_Stagione_2018_19.xlsx
,4414,Den wil,Bologna,D,D,25.0,5.38,5.16,0.0,0.0,0.0,0.0,0.0,5.0,0.0,1.0,True,storico,Statistiche_Fantacalcio_Stagione_2019_20.xlsx
,7196,Denoon,Pi a,D,D,2.0,5.5,5.25,0.0,0.0,0.0,0.0,0.0,1.0,0.0,0.0,True,storico,Statistiche_Fantacalcio_2025_26.xlsx
,139,Dermaku,Empoli,D,D,0.0,0.0,0.0,0.0,0.0,0.0,0.0,0.0,0.0,0.0,0.0,True,storico,Statistiche_Fantacalcio_Stagione_2015_16.xlsx
,2800,Di Ce are,Parma,D,D,0.0,0.0,0.0,0.0,0.0,0.0,0.0,0.0,0.0,0.0,0.0,True,storico,Statistiche_Fantacalcio_Stagione_2018_19.xlsx
,2203,Di Chiara,Benevento,D,D,12.0,5.29,5.17,0.0,0.0,0.0,0.0,0.0,3.0,0.0,0.0,True,storico,Statistiche_Fantacalcio_Stagione_2017_18.xlsx
,2816,Di Lorenzo,Empoli,D,D,37.0,6.03,6.41,5.0,0.0,0.0,0.0,0.0,8.0,0.0,0.0,True,storico,Statistiche_Fantacalcio_Stagione_2018_19.xlsx
,5406,Di Pardo,Juventu,D,D,0.0,0.0,0.0,0.0,0.0,0.0,0.0,0.0,0.0,0.0,0.0,True,storico,Statistiche_Fantacalcio_Stagione_2020_21.xlsx
,196,Diakite,Sampdoria,D,D,26.0,5.67,5.63,1.0,0.0,0.0,0.0,0.0,8.0,0.0,0.0,True,storico,Statistiche_Fantacalcio_Stagione_2015_16.xlsx
,7525,Diawara S.,Milan,D,D,0.0,0.0,0.0,0.0,0.0,0.0,0.0,0.0,0.0,0.0,0.0,True,corrente_pre_stagione,Statistiche_Fantacalcio_Stagione_2026_27.xlsx
,2787,Dickmann,SPAL,D,D,4.0,5.5,5.38,0.0,0.0,0.0,0.0,0.0,1.0,0.0,0.0,True,storico,Statistiche_Fantacalcio_Stagione_2018_19.xlsx
,4137,Diego Carlo,Como,D,D,25.0,6.14,6.1,1.0,0.0,0.0,0.0,0.0,8.0,0.0,0.0,True,storico,Statistiche_Fantacalcio_2025_26.xlsx
,5381,Dierckx,Parma,D,D,6.0,5.42,5.33,0.0,0.0,0.0,0.0,0.0,1.0,0.0,0.0,True,storico,Statistiche_Fantacalcio_Stagione_2020_21.xlsx
,657,Digne,Roma,D,D,33.0,6.08,6.35,3.0,0.0,0.0,0.0,0.0,4.0,0.0,0.0,True,storico,Statistiche_Fantacalcio_Stagione_2015_16.xlsx
,2746,Dijk,Bologna,D,D,24.0,6.0,5.98,1.0,0.0,0.0,0.0,0.0,5.0,0.0,0.0,True,storico,Statistiche_Fantacalcio_Stagione_2018_19.xlsx
,1918,Dik,Fiorentina,D,D,0.0,0.0,0.0,0.0,0.0,0.0,0.0,0.0,0.0,0.0,0.0,True,storico,Statistiche_Fantacalcio_Stagione_2016_17.xlsx
,254,Dimarco,Inter,D,D,0.0,0.0,0.0,0.0,0.0,0.0,0.0,0.0,0.0,0.0,0.0,True,storico,Statistiche_Fantacalcio_Stagione_2015_16.xlsx
,225,Diogo Figueira,Genoa,D,D,9.0,5.61,5.83,1.0,0.0,0.0,0.0,0.0,2.0,0.0,0.0,True,storico,Statistiche_Fantacalcio_Stagione_2015_16.xlsx
,5533,Djalo,Juventu,D,D,1.0,6.0,6.0,0.0,0.0,0.0,0.0,0.0,0.0,0.0,0.0,True,storico,Statistiche_Fantacalcio_Stagione_2023_24.xlsx
,2869,Djidji,Torino,D,D,16.0,5.97,5.91,0.0,0.0,0.0,0.0,0.0,2.0,0.0,0.0,True,storico,Statistiche_Fantacalcio_Stagione_2018_19.xlsx
,787,Djim iti,Atalanta,D,D,3.0,5.33,5.17,0.0,0.0,0.0,0.0,0.0,1.0,0.0,0.0,True,storico,Statistiche_Fantacalcio_Stagione_2015_16.xlsx
,2831,Djourou,SPAL,D,D,5.0,5.6,5.6,0.0,0.0,0.0,0.0,0.0,0.0,0.0,0.0,True,storico,Statistiche_Fantacalcio_Stagione_2018_19.xlsx
,6230,Do ena,Cagliari,D,D,35.0,5.84,5.94,2.0,0.0,0.0,0.0,0.0,5.0,0.0,2.0,True,storico,Statistiche_Fantacalcio_Stagione_2023_24.xlsx
,5885,Dodo,Fiorentina,D,D,33.0,5.88,5.98,1.0,0.0,0.0,0.0,0.0,3.0,0.0,0.0,True,storico,Statistiche_Fantacalcio_Stagione_2022_23.xlsx
,255,Dodo' R.,Sampdoria,D,D,17.0,5.82,5.76,0.0,0.0,0.0,0.0,0.0,4.0,0.0,0.0,True,storico,Statistiche_Fantacalcio_Stagione_2015_16.xlsx
,6320,Doekhi,Lazio,D,D,0.0,0.0,0.0,0.0,0.0,0.0,0.0,0.0,0.0,0.0,0.0,True,corrente_pre_stagione,Statistiche_Fantacalcio_Stagione_2026_27.xlsx
,5851,Doig,Verona,D,D,21.0,6.07,6.52,2.0,0.0,0.0,0.0,0.0,1.0,0.0,0.0,True,storico,Statistiche_Fantacalcio_Stagione_2022_23.xlsx
,579,Domizzi,Udine e,D,D,3.0,5.17,5.0,0.0,0.0,0.0,0.0,0.0,1.0,0.0,0.0,True,storico,Statistiche_Fantacalcio_Stagione_2015_16.xlsx
,2446,Donati,Lecce,D,D,20.0,5.92,5.88,1.0,0.0,0.0,0.0,0.0,4.0,0.0,1.0,True,storico,Statistiche_Fantacalcio_Stagione_2019_20.xlsx
,6257,Dorgu,Lecce,D,D,29.0,5.9,6.0,2.0,0.0,0.0,0.0,0.0,6.0,0.0,0.0,True,storico,Statistiche_Fantacalcio_Stagione_2023_24.xlsx
,5365,Dragu in,Juventu,D,D,0.0,0.0,0.0,0.0,0.0,0.0,0.0,0.0,0.0,0.0,0.0,True,storico,Statistiche_Fantacalcio_Stagione_2020_21.xlsx
,13,Drame,Atalanta,D,D,25.0,5.86,5.8,0.0,0.0,0.0,0.0,0.0,1.0,0.0,0.0,True,storico,Statistiche_Fantacalcio_Stagione_2015_16.xlsx
,2071,Du enne,Crotone,D,D,8.0,5.38,5.19,0.0,0.0,0.0,0.0,0.0,1.0,0.0,0.0,True,storico,Statistiche_Fantacalcio_Stagione_2016_17.xlsx
,4511,Duarte,Milan,D,D,5.0,5.6,5.4,0.0,0.0,0.0,0.0,0.0,2.0,0.0,0.0,True,storico,Statistiche_Fantacalcio_Stagione_2019_20.xlsx
,5513,Dumfrie,Inter,D,D,32.0,6.22,6.77,5.0,0.0,0.0,0.0,0.0,3.0,0.0,0.0,True,storico,Statistiche_Fantacalcio_Stagione_2021_22.xlsx
,2772,Durmi i,Lazio,D,D,8.0,5.56,5.31,0.0,0.0,0.0,0.0,0.0,4.0,0.0,0.0,True,storico,Statistiche_Fantacalcio_Stagione_2018_19.xlsx
,6679,E teve  G.,Udine e,D,D,0.0,0.0,0.0,0.0,0.0,0.0,0.0,0.0,0.0,0.0,0.0,True,storico,Statistiche_Fantacalcio_Stagione_2024_25.xlsx
,7142,E teve  T.,Pi a,D,D,0.0,0.0,0.0,0.0,0.0,0.0,0.0,0.0,0.0,0.0,0.0,True,storico,Statistiche_Fantacalcio_2025_26.xlsx
,5273,E tupinan,Milan,D,D,14.0,5.64,5.71,1.0,0.0,0.0,0.0,0.0,5.0,0.0,0.0,True,storico,Statistiche_Fantacalcio_2025_26.xlsx
,5994,Ebo e,Udine e,D,D,14.0,5.64,5.54,0.0,0.0,0.0,0.0,0.0,3.0,0.0,0.0,True,storico,Statistiche_Fantacalcio_Stagione_2022_23.xlsx
,5848,Ebo ele,Udine e,D,D,10.0,6.0,6.0,0.0,0.0,0.0,0.0,0.0,4.0,0.0,0.0,True,storico,Statistiche_Fantacalcio_Stagione_2022_23.xlsx
,5480,Ebuehi,Venezia,D,D,17.0,5.59,5.5,0.0,0.0,0.0,0.0,0.0,1.0,0.0,0.0,True,storico,Statistiche_Fantacalcio_Stagione_2021_22.xlsx
,580,Edenil on,Udine e,D,D,28.0,5.62,5.57,0.0,0.0,0.0,0.0,0.0,3.0,0.0,0.0,True,storico,Statistiche_Fantacalcio_Stagione_2015_16.xlsx
,102,Edimar,Chievo,D,D,0.0,0.0,0.0,0.0,0.0,0.0,0.0,0.0,0.0,0.0,0.0,True,storico,Statistiche_Fantacalcio_Stagione_2015_16.xlsx
,7352,Edmund on,Verona,D,D,15.0,5.97,5.73,0.0,0.0,0.0,0.0,0.0,3.0,0.0,1.0,True,storico,Statistiche_Fantacalcio_2025_26.xlsx
,6047,Ehizibue,Udine e,D,D,21.0,5.79,5.93,2.0,0.0,0.0,0.0,0.0,7.0,0.0,0.0,True,storico,Statistiche_Fantacalcio_Stagione_2022_23.xlsx
,416,El Kaoutari,Palermo,D,D,7.0,5.5,5.79,1.0,0.0,0.0,0.0,0.0,2.0,0.0,0.0,True,storico,Statistiche_Fantacalcio_Stagione_2015_16.xlsx
,2664,El Yamiq,Genoa,D,D,4.0,5.62,5.62,0.0,0.0,0.0,0.0,0.0,0.0,0.0,0.0,True,storico,Statistiche_Fantacalcio_Stagione_2017_18.xlsx
,417,Emer on P.,Roma,D,D,4.0,5.88,6.5,1.0,0.0,0.0,0.0,0.0,1.0,0.0,0.0,True,storico,Statistiche_Fantacalcio_Stagione_2015_16.xlsx
,4816,Emer on Royal,Milan,D,D,17.0,5.62,5.47,0.0,0.0,0.0,0.0,0.0,5.0,0.0,0.0,True,storico,Statistiche_Fantacalcio_Stagione_2024_25.xlsx
,4494,Empereur,Verona,D,D,11.0,5.95,5.82,0.0,0.0,0.0,0.0,0.0,3.0,0.0,0.0,True,storico,Statistiche_Fantacalcio_Stagione_2019_20.xlsx
,1927,Erkin,Inter,D,D,0.0,0.0,0.0,0.0,0.0,0.0,0.0,0.0,0.0,0.0,0.0,True,storico,Statistiche_Fantacalcio_Stagione_2016_17.xlsx
,4982,Erlic,Spezia,D,D,22.0,5.82,6.14,3.0,0.0,0.0,0.0,0.0,6.0,0.0,0.0,True,storico,Statistiche_Fantacalcio_Stagione_2020_21.xlsx
,290,Evra,Juventu,D,D,25.0,5.98,6.16,2.0,0.0,0.0,0.0,0.0,5.0,0.0,0.0,True,storico,Statistiche_Fantacalcio_Stagione_2015_16.xlsx
,581,Faraoni,Udine e,D,D,0.0,0.0,0.0,0.0,0.0,0.0,0.0,0.0,0.0,0.0,0.0,True,storico,Statistiche_Fantacalcio_Stagione_2015_16.xlsx
,7563,Fava uli,Napoli,D,D,0.0,0.0,0.0,0.0,0.0,0.0,0.0,0.0,0.0,0.0,0.0,True,corrente_pre_stagione,Statistiche_Fantacalcio_Stagione_2026_27.xlsx
,6870,Faye,Cremone e,D,D,7.0,5.71,5.64,0.0,0.0,0.0,0.0,0.0,1.0,0.0,0.0,True,storico,Statistiche_Fantacalcio_2025_26.xlsx
,2016,Fazio,Roma,D,D,36.0,6.18,6.33,2.0,0.0,0.0,0.0,0.0,3.0,0.0,0.0,True,storico,Statistiche_Fantacalcio_Stagione_2016_17.xlsx
,2206,Felicioli,Verona,D,D,4.0,5.75,5.62,0.0,0.0,0.0,0.0,0.0,1.0,0.0,0.0,True,storico,Statistiche_Fantacalcio_Stagione_2017_18.xlsx
,708,Felipe,Udine e,D,D,26.0,5.81,5.71,1.0,0.0,0.0,0.0,0.0,11.0,0.0,0.0,True,storico,Statistiche_Fantacalcio_Stagione_2015_16.xlsx
,4487,Ferigra,Torino,D,D,0.0,0.0,0.0,0.0,0.0,0.0,0.0,0.0,0.0,0.0,0.0,True,storico,Statistiche_Fantacalcio_Stagione_2019_20.xlsx
,45,Ferrari A.,Bologna,D,D,18.0,5.67,5.5,0.0,0.0,0.0,0.0,0.0,6.0,0.0,0.0,True,storico,Statistiche_Fantacalcio_Stagione_2015_16.xlsx
,1895,Ferrari G.,Crotone,D,D,37.0,5.99,6.15,3.0,0.0,0.0,0.0,0.0,8.0,0.0,0.0,True,storico,Statistiche_Fantacalcio_Stagione_2016_17.xlsx
,5456,Ferrarini,Fiorentina,D,D,0.0,0.0,0.0,0.0,0.0,0.0,0.0,0.0,0.0,0.0,0.0,True,storico,Statistiche_Fantacalcio_Stagione_2021_22.xlsx
,6256,Ferreira J.,Udine e,D,D,30.0,5.67,5.55,0.0,0.0,0.0,0.0,0.0,9.0,0.0,0.0,True,storico,Statistiche_Fantacalcio_Stagione_2023_24.xlsx
,4983,Ferrer,Spezia,D,D,16.0,5.88,5.81,0.0,0.0,0.0,0.0,0.0,4.0,0.0,0.0,True,storico,Statistiche_Fantacalcio_Stagione_2020_21.xlsx
,805,Fiamozzi,Genoa,D,D,7.0,5.64,5.57,0.0,0.0,0.0,0.0,0.0,1.0,0.0,0.0,True,storico,Statistiche_Fantacalcio_Stagione_2015_16.xlsx
,5861,Fiordali o,Cremone e,D,D,0.0,0.0,0.0,0.0,0.0,0.0,0.0,0.0,0.0,0.0,0.0,True,storico,Statistiche_Fantacalcio_Stagione_2022_23.xlsx
,6208,Flamingo,Sa uolo,D,D,0.0,0.0,0.0,0.0,0.0,0.0,0.0,0.0,0.0,0.0,0.0,True,storico,Statistiche_Fantacalcio_Stagione_2023_24.xlsx
,7131,Floriani Mu olini,Cremone e,D,D,23.0,5.72,5.72,0.0,0.0,0.0,0.0,0.0,2.0,0.0,0.0,True,storico,Statistiche_Fantacalcio_2025_26.xlsx
,7130,Folino,Cremone e,D,D,11.0,5.77,6.05,1.0,0.0,0.0,0.0,0.0,0.0,0.0,0.0,True,storico,Statistiche_Fantacalcio_2025_26.xlsx
,518,Fontane i,Sa uolo,D,D,0.0,0.0,0.0,0.0,0.0,0.0,0.0,0.0,0.0,0.0,0.0,True,storico,Statistiche_Fantacalcio_Stagione_2015_16.xlsx
,1949,Forna ier,Pe cara,D,D,20.0,5.45,5.35,0.0,0.0,0.0,0.0,0.0,4.0,0.0,0.0,True,storico,Statistiche_Fantacalcio_Stagione_2016_17.xlsx
,7069,Fortini,Fiorentina,D,D,12.0,5.96,5.96,0.0,0.0,0.0,0.0,0.0,0.0,0.0,0.0,True,storico,Statistiche_Fantacalcio_2025_26.xlsx
,4959,Foulon,Benevento,D,D,19.0,5.58,5.37,0.0,0.0,0.0,0.0,0.0,4.0,0.0,1.0,True,storico,Statistiche_Fantacalcio_Stagione_2020_21.xlsx
,4946,Frabotta,Juventu,D,D,11.0,5.73,5.68,0.0,0.0,0.0,0.0,0.0,5.0,0.0,0.0,True,storico,Statistiche_Fantacalcio_Stagione_2020_21.xlsx
,72,Franchini,Carpi,D,D,0.0,0.0,0.0,0.0,0.0,0.0,0.0,0.0,0.0,0.0,0.0,True,storico,Statistiche_Fantacalcio_Stagione_2015_16.xlsx
,7478,Franjic,Venezia,D,D,0.0,0.0,0.0,0.0,0.0,0.0,0.0,0.0,0.0,0.0,0.0,True,corrente_pre_stagione,Statistiche_Fantacalcio_Stagione_2026_27.xlsx
,6639,Fre e,Verona,D,D,7.0,5.79,5.79,0.0,0.0,0.0,0.0,0.0,0.0,0.0,0.0,True,storico,Statistiche_Fantacalcio_Stagione_2024_25.xlsx
,103,Frey,Chievo,D,D,18.0,5.53,5.33,0.0,0.0,0.0,0.0,0.0,3.0,0.0,1.0,True,storico,Statistiche_Fantacalcio_Stagione_2015_16.xlsx
,4528,Ga olina We ley,Juventu,D,D,0.0,0.0,0.0,0.0,0.0,0.0,0.0,0.0,0.0,0.0,0.0,True,storico,Statistiche_Fantacalcio_Stagione_2019_20.xlsx
,2177,Ga par B,Fiorentina,D,D,12.0,5.71,5.83,0.0,0.0,0.0,0.0,0.0,2.0,0.0,0.0,True,storico,Statistiche_Fantacalcio_Stagione_2017_18.xlsx
,6632,Ga par K.,Lecce,D,D,24.0,6.17,6.15,0.0,0.0,0.0,0.0,0.0,3.0,0.0,0.0,True,storico,Statistiche_Fantacalcio_Stagione_2024_25.xlsx
,2258,Ga paretto,SPAL,D,D,0.0,0.0,0.0,0.0,0.0,0.0,0.0,0.0,0.0,0.0,0.0,True,storico,Statistiche_Fantacalcio_Stagione_2017_18.xlsx
,47,Ga taldello,Bologna,D,D,26.0,6.08,6.06,1.0,0.0,0.0,0.0,0.0,7.0,0.0,0.0,True,storico,Statistiche_Fantacalcio_Stagione_2015_16.xlsx
,547,Ga ton Silva,Torino,D,D,12.0,5.67,5.62,0.0,0.0,0.0,0.0,0.0,3.0,0.0,0.0,True,storico,Statistiche_Fantacalcio_Stagione_2015_16.xlsx
,4401,Gabbia,Milan,D,D,9.0,5.83,5.78,0.0,0.0,0.0,0.0,0.0,1.0,0.0,0.0,True,storico,Statistiche_Fantacalcio_Stagione_2019_20.xlsx
,582,Gabriel Silva,Genoa,D,D,25.0,5.74,5.74,0.0,0.0,0.0,0.0,0.0,4.0,0.0,0.0,True,storico,Statistiche_Fantacalcio_Stagione_2015_16.xlsx
,73,Gagliolo,Carpi,D,D,31.0,5.84,5.73,1.0,0.0,0.0,0.0,0.0,11.0,0.0,0.0,True,storico,Statistiche_Fantacalcio_Stagione_2015_16.xlsx
,4502,Gallo,Lecce,D,D,0.0,0.0,0.0,0.0,0.0,0.0,0.0,0.0,0.0,0.0,0.0,True,storico,Statistiche_Fantacalcio_Stagione_2019_20.xlsx
,104,Gamberini,Chievo,D,D,22.0,5.98,5.91,0.0,0.0,0.0,0.0,0.0,1.0,0.0,1.0,True,storico,Statistiche_Fantacalcio_Stagione_2015_16.xlsx
,6550,Garcia U.,Sa uolo,D,D,12.0,6.17,6.46,1.0,0.0,0.0,0.0,0.0,3.0,0.0,0.0,True,storico,Statistiche_Fantacalcio_2025_26.xlsx
,46,Garic,Bologna,D,D,0.0,0.0,0.0,0.0,0.0,0.0,0.0,0.0,0.0,0.0,0.0,True,storico,Statistiche_Fantacalcio_Stagione_2015_16.xlsx
,5831,Gatti,Juventu,D,D,16.0,5.94,5.81,0.0,0.0,0.0,0.0,0.0,4.0,0.0,0.0,True,storico,Statistiche_Fantacalcio_Stagione_2022_23.xlsx
,519,Gazzola,Sa uolo,D,D,8.0,6.0,6.06,0.0,0.0,0.0,0.0,0.0,1.0,0.0,0.0,True,storico,Statistiche_Fantacalcio_Stagione_2015_16.xlsx
,7468,Gelli J.,Fro inone,D,D,0.0,0.0,0.0,0.0,0.0,0.0,0.0,0.0,0.0,0.0,0.0,True,corrente_pre_stagione,Statistiche_Fantacalcio_Stagione_2026_27.xlsx
,5867,Gendrey,Lecce,D,D,36.0,5.88,5.85,0.0,0.0,0.0,0.0,0.0,4.0,0.0,0.0,True,storico,Statistiche_Fantacalcio_Stagione_2022_23.xlsx
,323,Gentiletti,Lazio,D,D,19.0,5.63,5.26,0.0,0.0,0.0,0.0,0.0,10.0,0.0,1.0,True,storico,Statistiche_Fantacalcio_Stagione_2015_16.xlsx
,5408,Ghi landi,Atalanta,D,D,0.0,0.0,0.0,0.0,0.0,0.0,0.0,0.0,0.0,0.0,0.0,True,storico,Statistiche_Fantacalcio_Stagione_2020_21.xlsx
,244,Ghiglione,Fro inone,D,D,9.0,5.83,5.94,1.0,0.0,0.0,0.0,0.0,4.0,0.0,0.0,True,storico,Statistiche_Fantacalcio_Stagione_2018_19.xlsx
,6631,Ghilardi,Verona,D,D,24.0,5.73,5.54,0.0,0.0,0.0,0.0,0.0,7.0,0.0,0.0,True,storico,Statistiche_Fantacalcio_Stagione_2024_25.xlsx
,390,Ghoulam,Napoli,D,D,34.0,6.03,6.04,0.0,0.0,0.0,0.0,0.0,3.0,0.0,0.0,True,storico,Statistiche_Fantacalcio_Stagione_2015_16.xlsx
,6533,Giannetti L.,Udine e,D,D,7.0,5.79,5.64,1.0,0.0,0.0,0.0,0.0,4.0,0.0,1.0,True,storico,Statistiche_Fantacalcio_Stagione_2023_24.xlsx
,4966,Gigliotti,Crotone,D,D,0.0,0.0,0.0,0.0,0.0,0.0,0.0,0.0,0.0,0.0,0.0,True,storico,Statistiche_Fantacalcio_Stagione_2020_21.xlsx
,5899,Gigot,Lazio,D,D,10.0,6.2,6.7,2.0,0.0,0.0,0.0,0.0,2.0,0.0,0.0,True,storico,Statistiche_Fantacalcio_Stagione_2024_25.xlsx
,5833,Gila,Lazio,D,D,2.0,5.5,5.5,0.0,0.0,0.0,0.0,0.0,0.0,0.0,0.0,True,storico,Statistiche_Fantacalcio_Stagione_2022_23.xlsx
,163,Gilberto,Verona,D,D,9.0,5.83,5.78,0.0,0.0,0.0,0.0,0.0,2.0,0.0,0.0,True,storico,Statistiche_Fantacalcio_Stagione_2015_16.xlsx
,4488,Gilli,Torino,D,D,0.0,0.0,0.0,0.0,0.0,0.0,0.0,0.0,0.0,0.0,0.0,True,storico,Statistiche_Fantacalcio_Stagione_2019_20.xlsx
,548,Glik,Torino,D,D,33.0,5.94,5.8,0.0,0.0,0.0,0.0,0.0,11.0,0.0,0.0,True,storico,Statistiche_Fantacalcio_Stagione_2015_16.xlsx
,2160,Go en,Atalanta,D,D,20.0,6.02,6.2,1.0,0.0,0.0,0.0,0.0,1.0,0.0,0.0,True,storico,Statistiche_Fantacalcio_Stagione_2017_18.xlsx
,105,Gobbi,Chievo,D,D,34.0,5.96,5.88,0.0,0.0,0.0,0.0,0.0,7.0,0.0,0.0,True,storico,Statistiche_Fantacalcio_Stagione_2015_16.xlsx
,5324,Godfrey,Atalanta,D,D,1.0,6.0,6.0,0.0,0.0,0.0,0.0,0.0,0.0,0.0,0.0,True,storico,Statistiche_Fantacalcio_Stagione_2024_25.xlsx
,2572,Godin,Inter,D,D,22.0,6.05,6.11,1.0,0.0,0.0,0.0,0.0,5.0,0.0,0.0,True,storico,Statistiche_Fantacalcio_Stagione_2019_20.xlsx
,6537,Goglichidze,Empoli,D,D,0.0,0.0,0.0,0.0,0.0,0.0,0.0,0.0,0.0,0.0,0.0,True,storico,Statistiche_Fantacalcio_Stagione_2023_24.xlsx
,418,Goldaniga,Palermo,D,D,15.0,5.8,6.07,2.0,0.0,0.0,0.0,0.0,5.0,0.0,0.0,True,storico,Statistiche_Fantacalcio_Stagione_2015_16.xlsx
,4967,Golemic,Crotone,D,D,28.0,5.46,5.57,2.0,0.0,0.0,1.0,0.0,4.0,0.0,0.0,True,storico,Statistiche_Fantacalcio_Stagione_2020_21.xlsx
,7454,Gome,Venezia,D,D,0.0,0.0,0.0,0.0,0.0,0.0,0.0,0.0,0.0,0.0,0.0,True,corrente_pre_stagione,Statistiche_Fantacalcio_Stagione_2026_27.xlsx
,2052,Gomez G,Milan,D,D,13.0,5.65,5.5,0.0,0.0,0.0,0.0,0.0,4.0,0.0,0.0,True,storico,Statistiche_Fantacalcio_Stagione_2016_17.xlsx
,6401,Gonzalez F.,Juventu,D,D,0.0,0.0,0.0,0.0,0.0,0.0,0.0,0.0,0.0,0.0,0.0,True,storico,Statistiche_Fantacalcio_Stagione_2023_24.xlsx
,419,Gonzalez G,Palermo,D,D,35.0,5.56,5.46,2.0,0.0,0.0,0.0,0.0,11.0,0.0,2.0,True,storico,Statistiche_Fantacalcio_Stagione_2015_16.xlsx
,2184,Gravillon,Benevento,D,D,2.0,5.75,5.75,0.0,0.0,0.0,0.0,0.0,0.0,0.0,0.0,True,storico,Statistiche_Fantacalcio_Stagione_2017_18.xlsx
,6056,Guarino,Empoli,D,D,0.0,0.0,0.0,0.0,0.0,0.0,0.0,0.0,0.0,0.0,0.0,True,storico,Statistiche_Fantacalcio_Stagione_2022_23.xlsx
,6023,Gue and A.,Udine e,D,D,1.0,6.5,6.5,0.0,0.0,0.0,0.0,0.0,0.0,0.0,0.0,True,storico,Statistiche_Fantacalcio_Stagione_2022_23.xlsx
,5626,Guilbert,Lecce,D,D,31.0,5.79,5.71,0.0,0.0,0.0,0.0,0.0,3.0,0.0,0.0,True,storico,Statistiche_Fantacalcio_Stagione_2024_25.xlsx
,2758,Gunter,Genoa,D,D,12.0,5.67,5.62,0.0,0.0,0.0,0.0,0.0,1.0,0.0,0.0,True,storico,Statistiche_Fantacalcio_Stagione_2018_19.xlsx
,5427,Gutierrez,Napoli,D,D,21.0,5.98,6.17,1.0,0.0,0.0,0.0,0.0,0.0,0.0,0.0,True,storico,Statistiche_Fantacalcio_2025_26.xlsx
,2239,Gyamfi,Benevento,D,D,7.0,5.57,5.5,0.0,0.0,0.0,0.0,0.0,1.0,0.0,0.0,True,storico,Statistiche_Fantacalcio_Stagione_2017_18.xlsx
,660,Gyomber,Roma,D,D,2.0,5.5,5.5,0.0,0.0,0.0,0.0,0.0,1.0,0.0,0.0,True,storico,Statistiche_Fantacalcio_Stagione_2015_16.xlsx
,4160,Hakimi,Inter,D,D,35.0,6.43,7.17,7.0,0.0,0.0,0.0,0.0,6.0,0.0,0.0,True,storico,Statistiche_Fantacalcio_Stagione_2020_21.xlsx
,7538,Halhal,Venezia,D,D,0.0,0.0,0.0,0.0,0.0,0.0,0.0,0.0,0.0,0.0,0.0,True,corrente_pre_stagione,Statistiche_Fantacalcio_Stagione_2026_27.xlsx
,2754,Hancko,Fiorentina,D,D,4.0,5.88,6.12,0.0,0.0,0.0,0.0,0.0,0.0,0.0,0.0,True,storico,Statistiche_Fantacalcio_Stagione_2018_19.xlsx
,5695,Hap,Venezia,D,D,25.0,5.84,5.88,1.0,0.0,0.0,0.0,0.0,6.0,0.0,0.0,True,storico,Statistiche_Fantacalcio_Stagione_2021_22.xlsx
,2130,Hateboer,Atalanta,D,D,3.0,6.17,6.17,0.0,0.0,0.0,0.0,0.0,2.0,0.0,0.0,True,storico,Statistiche_Fantacalcio_Stagione_2016_17.xlsx
,6438,Hatzidiako,Cagliari,D,D,13.0,5.5,5.46,0.0,0.0,0.0,0.0,0.0,1.0,0.0,0.0,True,storico,Statistiche_Fantacalcio_Stagione_2023_24.xlsx
,2176,Hector Moreno,Roma,D,D,4.0,6.0,6.0,0.0,0.0,0.0,0.0,0.0,0.0,0.0,0.0,True,storico,Statistiche_Fantacalcio_Stagione_2017_18.xlsx
,5748,Hefti,Genoa,D,D,16.0,5.81,5.78,0.0,0.0,0.0,0.0,0.0,1.0,0.0,0.0,True,storico,Statistiche_Fantacalcio_Stagione_2021_22.xlsx
,164,Hegazy,Fiorentina,D,D,0.0,0.0,0.0,0.0,0.0,0.0,0.0,0.0,0.0,0.0,0.0,True,storico,Statistiche_Fantacalcio_Stagione_2015_16.xlsx
,7212,Heggem,Bologna,D,D,25.0,5.84,5.8,0.0,0.0,0.0,0.0,0.0,0.0,0.0,0.0,True,storico,Statistiche_Fantacalcio_2025_26.xlsx
,615,Helander,Verona,D,D,24.0,5.69,5.85,2.0,0.0,0.0,0.0,0.0,4.0,0.0,0.0,True,storico,Statistiche_Fantacalcio_Stagione_2015_16.xlsx
,7326,Helland,Bologna,D,D,6.0,5.5,5.33,0.0,0.0,0.0,0.0,0.0,2.0,0.0,0.0,True,storico,Statistiche_Fantacalcio_2025_26.xlsx
,6064,Hendry,Cremone e,D,D,3.0,5.83,5.67,0.0,0.0,0.0,0.0,0.0,1.0,0.0,0.0,True,storico,Statistiche_Fantacalcio_Stagione_2022_23.xlsx
,391,Henrique A.b.,Napoli,D,D,0.0,0.0,0.0,0.0,0.0,0.0,0.0,0.0,0.0,0.0,0.0,True,storico,Statistiche_Fantacalcio_Stagione_2015_16.xlsx
,4807,Hermo o,Roma,D,D,4.0,5.12,4.88,0.0,0.0,0.0,0.0,0.0,0.0,0.0,0.0,True,storico,Statistiche_Fantacalcio_Stagione_2024_25.xlsx
,4292,Hernandez T.,Milan,D,D,33.0,6.33,6.73,6.0,0.0,0.0,0.0,0.0,10.0,0.0,1.0,True,storico,Statistiche_Fantacalcio_Stagione_2019_20.xlsx
,583,Heurtaux,Udine e,D,D,14.0,5.71,5.57,0.0,0.0,0.0,0.0,0.0,4.0,0.0,0.0,True,storico,Statistiche_Fantacalcio_Stagione_2015_16.xlsx
,5300,Hickey,Bologna,D,D,11.0,5.82,5.59,0.0,0.0,0.0,0.0,0.0,3.0,0.0,0.0,True,storico,Statistiche_Fantacalcio_Stagione_2020_21.xlsx
,6046,Hien,Verona,D,D,32.0,5.94,5.8,0.0,0.0,0.0,0.0,0.0,9.0,0.0,0.0,True,storico,Statistiche_Fantacalcio_Stagione_2022_23.xlsx
,324,Hoedt,Lazio,D,D,24.0,5.52,5.42,0.0,0.0,0.0,0.0,0.0,3.0,0.0,0.0,True,storico,Statistiche_Fantacalcio_Stagione_2015_16.xlsx
,5678,Holm,Spezia,D,D,0.0,0.0,0.0,0.0,0.0,0.0,0.0,0.0,0.0,0.0,0.0,True,storico,Statistiche_Fantacalcio_Stagione_2021_22.xlsx
,2322,Howede,Juventu,D,D,3.0,6.0,6.83,1.0,0.0,0.0,0.0,0.0,1.0,0.0,0.0,True,storico,Statistiche_Fantacalcio_Stagione_2017_18.xlsx
,2312,Hri tov,Fiorentina,D,D,0.0,0.0,0.0,0.0,0.0,0.0,0.0,0.0,0.0,0.0,0.0,True,storico,Statistiche_Fantacalcio_Stagione_2017_18.xlsx
,6433,Huij en,Roma,D,D,11.0,5.86,6.05,2.0,0.0,0.0,0.0,0.0,4.0,0.0,1.0,True,storico,Statistiche_Fantacalcio_Stagione_2023_24.xlsx
,2406,Hummel,Roma,D,D,13.0,6.12,5.92,0.0,0.0,0.0,0.0,0.0,1.0,0.0,1.0,True,storico,Statistiche_Fantacalcio_Stagione_2024_25.xlsx
,140,Hy aj,Napoli,D,D,37.0,6.03,6.01,0.0,0.0,0.0,0.0,0.0,5.0,0.0,0.0,True,storico,Statistiche_Fantacalcio_Stagione_2015_16.xlsx
,291,I la,Juventu,D,D,0.0,0.0,0.0,0.0,0.0,0.0,0.0,0.0,0.0,0.0,0.0,True,storico,Statistiche_Fantacalcio_Stagione_2015_16.xlsx
,5010,I majli,Spezia,D,D,16.0,5.78,5.94,1.0,0.0,0.0,0.0,0.0,1.0,0.0,0.0,True,storico,Statistiche_Fantacalcio_Stagione_2020_21.xlsx
,2801,Iacoponi,Parma,D,D,38.0,5.71,5.66,0.0,0.0,0.0,0.0,0.0,4.0,0.0,0.0,True,storico,Statistiche_Fantacalcio_Stagione_2018_19.xlsx
,4331,Ibanez,Atalanta,D,D,0.0,0.0,0.0,0.0,0.0,0.0,0.0,0.0,0.0,0.0,0.0,True,storico,Statistiche_Fantacalcio_Stagione_2018_19.xlsx
,7125,Idri i R.,Cagliari,D,D,17.0,5.82,6.09,2.0,0.0,0.0,0.0,0.0,3.0,0.0,0.0,True,storico,Statistiche_Fantacalcio_2025_26.xlsx
,6672,Idze,Venezia,D,D,35.0,5.96,5.97,1.0,0.0,0.0,0.0,0.0,5.0,0.0,0.0,True,storico,Statistiche_Fantacalcio_Stagione_2024_25.xlsx
,4407,Igor,Fiorentina,D,D,26.0,5.75,5.62,0.0,0.0,0.0,0.0,0.0,9.0,0.0,0.0,True,storico,Statistiche_Fantacalcio_Stagione_2019_20.xlsx
,6551,Ilic M.,Bologna,D,D,0.0,0.0,0.0,0.0,0.0,0.0,0.0,0.0,0.0,0.0,0.0,True,storico,Statistiche_Fantacalcio_Stagione_2023_24.xlsx
,2838,Imperiale,Empoli,D,D,0.0,0.0,0.0,0.0,0.0,0.0,0.0,0.0,0.0,0.0,0.0,True,storico,Statistiche_Fantacalcio_Stagione_2018_19.xlsx
,670,In ua,Udine e,D,D,0.0,0.0,0.0,0.0,0.0,0.0,0.0,0.0,0.0,0.0,0.0,True,storico,Statistiche_Fantacalcio_Stagione_2015_16.xlsx
,6654,Iovine,Como,D,D,7.0,5.64,5.5,0.0,0.0,0.0,0.0,0.0,2.0,0.0,0.0,True,storico,Statistiche_Fantacalcio_Stagione_2024_25.xlsx
,226,Izzo,Genoa,D,D,32.0,5.95,5.8,0.0,0.0,0.0,0.0,0.0,6.0,0.0,0.0,True,storico,Statistiche_Fantacalcio_Stagione_2015_16.xlsx
,6944,Jack,Como,D,D,1.0,5.0,4.5,0.0,0.0,0.0,0.0,0.0,1.0,0.0,0.0,True,storico,Statistiche_Fantacalcio_Stagione_2024_25.xlsx
,549,Jan on,Torino,D,D,7.0,5.86,6.21,1.0,0.0,0.0,0.0,0.0,1.0,0.0,0.0,True,storico,Statistiche_Fantacalcio_Stagione_2015_16.xlsx
,2208,Jaro zyn ki,Chievo,D,D,10.0,5.65,5.5,0.0,0.0,0.0,0.0,0.0,3.0,0.0,0.0,True,storico,Statistiche_Fantacalcio_Stagione_2017_18.xlsx
,6883,Jean,Lecce,D,D,18.0,5.75,5.75,0.0,0.0,0.0,0.0,0.0,0.0,0.0,0.0,True,storico,Statistiche_Fantacalcio_Stagione_2024_25.xlsx
,6531,Jimenez A.,Milan,D,D,1.0,5.0,4.5,0.0,0.0,0.0,0.0,0.0,1.0,0.0,0.0,True,storico,Statistiche_Fantacalcio_Stagione_2023_24.xlsx
,7175,Joao Mario,Bologna,D,D,14.0,5.79,6.0,1.0,0.0,0.0,0.0,0.0,2.0,0.0,0.0,True,storico,Statistiche_Fantacalcio_2025_26.xlsx
,4467,Jorge Silva,Lazio,D,D,0.0,0.0,0.0,0.0,0.0,0.0,0.0,0.0,0.0,0.0,0.0,True,storico,Statistiche_Fantacalcio_Stagione_2019_20.xlsx
,256,Juan Je u,Inter,D,D,17.0,5.74,5.65,0.0,0.0,0.0,0.0,0.0,3.0,0.0,0.0,True,storico,Statistiche_Fantacalcio_Stagione_2015_16.xlsx
,2797,Junior Tavare,Sampdoria,D,D,3.0,5.67,5.5,0.0,0.0,0.0,0.0,0.0,1.0,0.0,0.0,True,storico,Statistiche_Fantacalcio_Stagione_2018_19.xlsx
,5793,Ka iu,Bologna,D,D,5.0,5.9,5.9,0.0,0.0,0.0,0.0,0.0,0.0,0.0,0.0,True,storico,Statistiche_Fantacalcio_Stagione_2021_22.xlsx
,4263,Kaba ele,Udine e,D,D,10.0,5.75,5.8,1.0,0.0,0.0,0.0,0.0,5.0,0.0,0.0,True,storico,Statistiche_Fantacalcio_Stagione_2023_24.xlsx
,7414,Kaiki,Como,D,D,0.0,0.0,0.0,0.0,0.0,0.0,0.0,0.0,0.0,0.0,0.0,True,corrente_pre_stagione,Statistiche_Fantacalcio_Stagione_2026_27.xlsx
,5473,Kaique Rocha,Sampdoria,D,D,0.0,0.0,0.0,0.0,0.0,0.0,0.0,0.0,0.0,0.0,0.0,True,storico,Statistiche_Fantacalcio_Stagione_2021_22.xlsx
,6430,Kalaj,Fro inone,D,D,0.0,0.0,0.0,0.0,0.0,0.0,0.0,0.0,0.0,0.0,0.0,True,storico,Statistiche_Fantacalcio_Stagione_2023_24.xlsx
,4976,Kalulu,Milan,D,D,10.0,5.65,5.9,1.0,0.0,0.0,0.0,0.0,1.0,0.0,0.0,True,storico,Statistiche_Fantacalcio_Stagione_2020_21.xlsx
,5555,Kamara H.,Udine e,D,D,31.0,6.06,6.1,1.0,0.0,0.0,0.0,0.0,4.0,0.0,0.0,True,storico,Statistiche_Fantacalcio_Stagione_2023_24.xlsx
,5461,Kamenovic,Lazio,D,D,1.0,5.5,5.5,0.0,0.0,0.0,0.0,0.0,0.0,0.0,0.0,True,storico,Statistiche_Fantacalcio_Stagione_2021_22.xlsx
,2180,Kar dorp,Roma,D,D,1.0,5.5,5.5,0.0,0.0,0.0,0.0,0.0,0.0,0.0,0.0,True,storico,Statistiche_Fantacalcio_Stagione_2017_18.xlsx
,6235,Kayode,Fiorentina,D,D,26.0,6.06,6.17,1.0,0.0,0.0,0.0,0.0,2.0,0.0,0.0,True,storico,Statistiche_Fantacalcio_Stagione_2023_24.xlsx
,5503,Kechrida,Salernitana,D,D,14.0,5.86,5.93,0.0,0.0,0.0,0.0,0.0,0.0,0.0,0.0,True,storico,Statistiche_Fantacalcio_Stagione_2021_22.xlsx
,2329,Keita C,Bologna,D,D,2.0,5.25,5.25,0.0,0.0,0.0,0.0,0.0,0.0,0.0,0.0,True,storico,Statistiche_Fantacalcio_Stagione_2017_18.xlsx
,6766,Kelly L.,Juventu,D,D,12.0,5.67,5.62,0.0,0.0,0.0,0.0,0.0,1.0,0.0,0.0,True,storico,Statistiche_Fantacalcio_Stagione_2024_25.xlsx
,6893,Kempf,Como,D,D,31.0,5.85,5.76,0.0,0.0,0.0,0.0,0.0,4.0,0.0,0.0,True,storico,Statistiche_Fantacalcio_Stagione_2024_25.xlsx
,5892,Kim,Napoli,D,D,35.0,6.27,6.43,2.0,0.0,0.0,0.0,0.0,5.0,0.0,0.0,True,storico,Statistiche_Fantacalcio_Stagione_2022_23.xlsx
,5693,Kiwior,Spezia,D,D,22.0,5.77,5.64,0.0,0.0,0.0,0.0,0.0,6.0,0.0,0.0,True,storico,Statistiche_Fantacalcio_Stagione_2021_22.xlsx
,2633,Kjaer,Milan,D,D,20.0,6.0,5.9,0.0,0.0,0.0,0.0,0.0,4.0,0.0,0.0,True,storico,Statistiche_Fantacalcio_Stagione_2019_20.xlsx
,2871,Klavan,Cagliari,D,D,15.0,5.9,5.83,0.0,0.0,0.0,0.0,0.0,2.0,0.0,0.0,True,storico,Statistiche_Fantacalcio_Stagione_2018_19.xlsx
,6239,Klitten,Fro inone,D,D,0.0,0.0,0.0,0.0,0.0,0.0,0.0,0.0,0.0,0.0,0.0,True,storico,Statistiche_Fantacalcio_Stagione_2023_24.xlsx
,5578,Ko ounou,Atalanta,D,D,17.0,5.94,5.91,0.0,0.0,0.0,0.0,0.0,1.0,0.0,0.0,True,storico,Statistiche_Fantacalcio_Stagione_2024_25.xlsx
,7532,Kofler,Cagliari,D,D,0.0,0.0,0.0,0.0,0.0,0.0,0.0,0.0,0.0,0.0,0.0,True,corrente_pre_stagione,Statistiche_Fantacalcio_Stagione_2026_27.xlsx
,2640,Kola inac,Atalanta,D,D,29.0,6.03,6.07,1.0,0.0,0.0,0.0,0.0,4.0,0.0,0.0,True,storico,Statistiche_Fantacalcio_Stagione_2023_24.xlsx
,2214,Kolarov,Roma,D,D,35.0,6.29,6.61,2.0,0.0,0.0,0.0,0.0,3.0,0.0,0.0,True,storico,Statistiche_Fantacalcio_Stagione_2017_18.xlsx
,2216,Konate,SPAL,D,D,0.0,0.0,0.0,0.0,0.0,0.0,0.0,0.0,0.0,0.0,0.0,True,storico,Statistiche_Fantacalcio_Stagione_2017_18.xlsx
,325,Konko,Lazio,D,D,18.0,5.89,5.81,0.0,0.0,0.0,0.0,0.0,3.0,0.0,0.0,True,storico,Statistiche_Fantacalcio_Stagione_2015_16.xlsx
,7136,Koua i,Lecce,D,D,4.0,5.5,5.5,0.0,0.0,0.0,0.0,0.0,0.0,0.0,0.0,True,storico,Statistiche_Fantacalcio_2025_26.xlsx
,7238,Kouadio,Fiorentina,D,D,1.0,6.0,6.0,0.0,0.0,0.0,0.0,0.0,0.0,0.0,0.0,True,storico,Statistiche_Fantacalcio_2025_26.xlsx
,392,Koulibaly,Napoli,D,D,33.0,6.32,6.15,0.0,0.0,0.0,0.0,0.0,11.0,0.0,0.0,True,storico,Statistiche_Fantacalcio_Stagione_2015_16.xlsx
,7529,Koulieraki,Roma,D,D,0.0,0.0,0.0,0.0,0.0,0.0,0.0,0.0,0.0,0.0,0.0,True,corrente_pre_stagione,Statistiche_Fantacalcio_Stagione_2026_27.xlsx
,6637,Kovacik,Como,D,D,0.0,0.0,0.0,0.0,0.0,0.0,0.0,0.0,0.0,0.0,0.0,True,storico,Statistiche_Fantacalcio_Stagione_2024_25.xlsx
,663,Krafth,Bologna,D,D,2.0,6.0,6.0,0.0,0.0,0.0,0.0,0.0,0.0,0.0,0.0,True,storico,Statistiche_Fantacalcio_Stagione_2015_16.xlsx
,1867,Krajnc,Sampdoria,D,D,0.0,0.0,0.0,0.0,0.0,0.0,0.0,0.0,0.0,0.0,0.0,True,storico,Statistiche_Fantacalcio_Stagione_2016_17.xlsx
,14,Kre ic,Atalanta,D,D,0.0,0.0,0.0,0.0,0.0,0.0,0.0,0.0,0.0,0.0,0.0,True,storico,Statistiche_Fantacalcio_Stagione_2015_16.xlsx
,6220,Kri ten en,Roma,D,D,26.0,5.67,5.69,1.0,0.0,0.0,0.0,0.0,5.0,0.0,1.0,True,storico,Statistiche_Fantacalcio_Stagione_2023_24.xlsx
,6485,Kri ten en T.,Udine e,D,D,26.0,5.79,5.75,0.0,0.0,0.0,0.0,0.0,2.0,0.0,0.0,True,storico,Statistiche_Fantacalcio_Stagione_2023_24.xlsx
,6148,Kri tian en,Bologna,D,D,30.0,5.97,6.0,0.0,0.0,0.0,0.0,0.0,4.0,0.0,0.0,True,storico,Statistiche_Fantacalcio_Stagione_2023_24.xlsx
,4495,Kumbulla,Verona,D,D,24.0,6.15,6.12,1.0,0.0,0.0,0.0,0.0,5.0,0.0,0.0,True,storico,Statistiche_Fantacalcio_Stagione_2019_20.xlsx
,4530,Kyriakopoulo,Sa uolo,D,D,23.0,6.0,6.0,0.0,0.0,0.0,0.0,0.0,4.0,0.0,0.0,True,storico,Statistiche_Fantacalcio_Stagione_2019_20.xlsx
,2757,Lakicevic,Genoa,D,D,0.0,0.0,0.0,0.0,0.0,0.0,0.0,0.0,0.0,0.0,0.0,True,storico,Statistiche_Fantacalcio_Stagione_2018_19.xlsx
,6351,Lamptey,Fiorentina,D,D,1.0,6.0,6.0,0.0,0.0,0.0,0.0,0.0,0.0,0.0,0.0,True,storico,Statistiche_Fantacalcio_2025_26.xlsx
,141,Laurini,Empoli,D,D,24.0,5.92,5.94,1.0,0.0,0.0,0.0,0.0,5.0,0.0,0.0,True,storico,Statistiche_Fantacalcio_Stagione_2015_16.xlsx
,420,Lazaar,Palermo,D,D,30.0,5.67,5.73,1.0,0.0,0.0,0.0,0.0,2.0,0.0,0.0,True,storico,Statistiche_Fantacalcio_Stagione_2015_16.xlsx
,6978,Lekovic,Monza,D,D,6.0,4.75,4.42,0.0,0.0,0.0,0.0,0.0,0.0,0.0,1.0,True,storico,Statistiche_Fantacalcio_Stagione_2024_25.xlsx
,2594,Lemo,Sa uolo,D,D,8.0,5.75,6.0,1.0,0.0,0.0,0.0,0.0,2.0,0.0,0.0,True,storico,Statistiche_Fantacalcio_Stagione_2017_18.xlsx
,6887,Leoni,Parma,D,D,17.0,5.85,5.88,1.0,0.0,0.0,0.0,0.0,3.0,0.0,0.0,True,storico,Statistiche_Fantacalcio_Stagione_2024_25.xlsx
,2015,Let chert,Sa uolo,D,D,9.0,5.67,5.44,0.0,0.0,0.0,0.0,0.0,2.0,0.0,0.0,True,storico,Statistiche_Fantacalcio_Stagione_2016_17.xlsx
,74,Letizia,Carpi,D,D,33.0,6.02,6.03,1.0,0.0,0.0,0.0,0.0,5.0,0.0,0.0,True,storico,Statistiche_Fantacalcio_Stagione_2015_16.xlsx
,2300,Leverbe,Sampdoria,D,D,0.0,0.0,0.0,0.0,0.0,0.0,0.0,0.0,0.0,0.0,0.0,True,storico,Statistiche_Fantacalcio_Stagione_2017_18.xlsx
,2651,Li andro Lopez,Inter,D,D,1.0,5.5,5.5,0.0,0.0,0.0,0.0,0.0,0.0,0.0,0.0,True,storico,Statistiche_Fantacalcio_Stagione_2017_18.xlsx
,292,Licht teiner,Juventu,D,D,24.0,5.98,5.92,0.0,0.0,0.0,0.0,0.0,5.0,0.0,0.0,True,storico,Statistiche_Fantacalcio_Stagione_2015_16.xlsx
,2006,Lirola,Sa uolo,D,D,21.0,5.74,5.81,0.0,0.0,0.0,0.0,0.0,3.0,0.0,0.0,True,storico,Statistiche_Fantacalcio_Stagione_2016_17.xlsx
,5239,Llorente D.,Roma,D,D,8.0,6.06,6.06,0.0,0.0,0.0,0.0,0.0,0.0,0.0,0.0,True,storico,Statistiche_Fantacalcio_Stagione_2022_23.xlsx
,6027,Locho hvili,Cremone e,D,D,24.0,5.81,5.9,1.0,0.0,0.0,0.0,0.0,4.0,0.0,0.0,True,storico,Statistiche_Fantacalcio_Stagione_2022_23.xlsx
,520,Longhi,Sa uolo,D,D,6.0,6.0,6.08,0.0,0.0,0.0,0.0,0.0,1.0,0.0,0.0,True,storico,Statistiche_Fantacalcio_Stagione_2015_16.xlsx
,2240,Lopez W,Benevento,D,D,0.0,0.0,0.0,0.0,0.0,0.0,0.0,0.0,0.0,0.0,0.0,True,storico,Statistiche_Fantacalcio_Stagione_2017_18.xlsx
,4934,Lovato,Verona,D,D,21.0,5.93,5.81,0.0,0.0,0.0,0.0,0.0,5.0,0.0,0.0,True,storico,Statistiche_Fantacalcio_Stagione_2020_21.xlsx
,6965,Lovik,Parma,D,D,4.0,5.75,5.75,0.0,0.0,0.0,0.0,0.0,0.0,0.0,0.0,True,storico,Statistiche_Fantacalcio_Stagione_2024_25.xlsx
,7045,Luan Patrick,Verona,D,D,0.0,0.0,0.0,0.0,0.0,0.0,0.0,0.0,0.0,0.0,0.0,True,storico,Statistiche_Fantacalcio_Stagione_2024_25.xlsx
,6659,Lucche i,Venezia,D,D,0.0,0.0,0.0,0.0,0.0,0.0,0.0,0.0,0.0,0.0,0.0,True,storico,Statistiche_Fantacalcio_Stagione_2024_25.xlsx
,2241,Lucioni,Benevento,D,D,8.0,5.81,5.5,0.0,0.0,0.0,0.0,0.0,1.0,0.0,1.0,True,storico,Statistiche_Fantacalcio_Stagione_2017_18.xlsx
,6042,Lucumi,Bologna,D,D,33.0,5.83,5.68,0.0,0.0,0.0,0.0,0.0,8.0,0.0,1.0,True,storico,Statistiche_Fantacalcio_Stagione_2022_23.xlsx
,2335,Luiz Felipe,Lazio,D,D,17.0,5.85,5.68,0.0,0.0,0.0,0.0,0.0,6.0,0.0,0.0,True,storico,Statistiche_Fantacalcio_Stagione_2017_18.xlsx
,1999,Lukaku J.,Lazio,D,D,15.0,6.17,6.17,0.0,0.0,0.0,0.0,0.0,2.0,0.0,0.0,True,storico,Statistiche_Fantacalcio_Stagione_2016_17.xlsx
,393,Luperto,Napoli,D,D,0.0,0.0,0.0,0.0,0.0,0.0,0.0,0.0,0.0,0.0,0.0,True,storico,Statistiche_Fantacalcio_Stagione_2015_16.xlsx
,2171,Lyanco,Torino,D,D,4.0,6.0,6.0,0.0,0.0,0.0,0.0,0.0,0.0,0.0,0.0,True,storico,Statistiche_Fantacalcio_Stagione_2017_18.xlsx
,2653,Lykogianni,Cagliari,D,D,9.0,6.0,6.17,0.0,0.0,0.0,0.0,0.0,2.0,0.0,0.0,True,storico,Statistiche_Fantacalcio_Stagione_2017_18.xlsx
,15,Ma iello,Atalanta,D,D,28.0,5.89,5.8,0.0,0.0,0.0,0.0,0.0,7.0,0.0,0.0,True,storico,Statistiche_Fantacalcio_Stagione_2015_16.xlsx
,49,Ma ina,Bologna,D,D,33.0,6.0,6.12,2.0,0.0,0.0,0.0,0.0,8.0,0.0,0.0,True,storico,Statistiche_Fantacalcio_Stagione_2015_16.xlsx
,5375,Maehle,Atalanta,D,D,18.0,5.92,6.03,0.0,0.0,0.0,0.0,0.0,0.0,0.0,0.0,True,storico,Statistiche_Fantacalcio_Stagione_2020_21.xlsx
,5000,Magallan,Crotone,D,D,28.0,5.55,5.52,1.0,0.0,0.0,0.0,0.0,10.0,0.0,0.0,True,storico,Statistiche_Fantacalcio_Stagione_2020_21.xlsx
,394,Maggio,Napoli,D,D,5.0,5.3,5.3,0.0,0.0,0.0,0.0,0.0,0.0,0.0,0.0,True,storico,Statistiche_Fantacalcio_Stagione_2015_16.xlsx
,2769,Magnani,Sa uolo,D,D,18.0,6.11,6.11,0.0,0.0,0.0,0.0,0.0,2.0,0.0,0.0,True,storico,Statistiche_Fantacalcio_Stagione_2018_19.xlsx
,293,Magnu on,Juventu,D,D,0.0,0.0,0.0,0.0,0.0,0.0,0.0,0.0,0.0,0.0,0.0,True,storico,Statistiche_Fantacalcio_Stagione_2015_16.xlsx
,458,Maicon,Roma,D,D,15.0,6.07,6.27,1.0,0.0,0.0,0.0,0.0,2.0,0.0,0.0,True,storico,Statistiche_Fantacalcio_Stagione_2015_16.xlsx
,48,Maietta,Bologna,D,D,19.0,6.05,5.95,0.0,0.0,0.0,0.0,0.0,4.0,0.0,0.0,True,storico,Statistiche_Fantacalcio_Stagione_2015_16.xlsx
,4185,Maitland-Nile,Roma,D,D,8.0,5.88,5.88,0.0,0.0,0.0,0.0,0.0,0.0,0.0,0.0,True,storico,Statistiche_Fantacalcio_Stagione_2021_22.xlsx
,550,Mak imovic,Torino,D,D,16.0,5.66,5.62,0.0,0.0,0.0,0.0,0.0,3.0,0.0,0.0,True,storico,Statistiche_Fantacalcio_Stagione_2015_16.xlsx
,2860,Malcuit,Napoli,D,D,23.0,6.11,6.15,0.0,0.0,0.0,0.0,0.0,3.0,0.0,0.0,True,storico,Statistiche_Fantacalcio_Stagione_2018_19.xlsx
,2296,Mancini,Atalanta,D,D,9.0,5.83,5.89,1.0,0.0,0.0,0.0,0.0,4.0,0.0,0.0,True,storico,Statistiche_Fantacalcio_Stagione_2017_18.xlsx
,7485,Manga,Monza,D,D,0.0,0.0,0.0,0.0,0.0,0.0,0.0,0.0,0.0,0.0,0.0,True,corrente_pre_stagione,Statistiche_Fantacalcio_Stagione_2026_27.xlsx
,4504,Mangraviti,Bre cia,D,D,13.0,5.42,5.35,0.0,0.0,0.0,0.0,0.0,2.0,0.0,0.0,True,storico,Statistiche_Fantacalcio_Stagione_2019_20.xlsx
,459,Manola,Roma,D,D,37.0,6.04,6.11,2.0,0.0,0.0,0.0,0.0,7.0,0.0,1.0,True,storico,Statistiche_Fantacalcio_Stagione_2015_16.xlsx
,758,Mantovani,Torino,D,D,0.0,0.0,0.0,0.0,0.0,0.0,0.0,0.0,0.0,0.0,0.0,True,storico,Statistiche_Fantacalcio_Stagione_2015_16.xlsx
,6660,Marcandalli,Venezia,D,D,8.0,5.88,5.75,0.0,0.0,0.0,0.0,0.0,2.0,0.0,0.0,True,storico,Statistiche_Fantacalcio_Stagione_2024_25.xlsx
,2782,Marcano,Roma,D,D,10.0,5.55,5.55,0.0,0.0,0.0,0.0,0.0,0.0,0.0,0.0,True,storico,Statistiche_Fantacalcio_Stagione_2018_19.xlsx
,227,Marche e,Genoa,D,D,9.0,5.5,5.28,0.0,0.0,0.0,0.0,0.0,4.0,0.0,0.0,True,storico,Statistiche_Fantacalcio_Stagione_2015_16.xlsx
,2252,Marchizza,Sa uolo,D,D,0.0,0.0,0.0,0.0,0.0,0.0,0.0,0.0,0.0,0.0,0.0,True,storico,Statistiche_Fantacalcio_Stagione_2017_18.xlsx
,2753,Marcjanik,Empoli,D,D,0.0,0.0,0.0,0.0,0.0,0.0,0.0,0.0,0.0,0.0,0.0,True,storico,Statistiche_Fantacalcio_Stagione_2018_19.xlsx
,165,Marco  Alon o,Fiorentina,D,D,30.0,6.2,6.5,3.0,0.0,0.0,0.0,0.0,8.0,0.0,0.0,True,storico,Statistiche_Fantacalcio_Stagione_2015_16.xlsx
,4904,Mari,Udine e,D,D,15.0,6.27,6.57,2.0,0.0,0.0,0.0,0.0,1.0,0.0,0.0,True,storico,Statistiche_Fantacalcio_Stagione_2021_22.xlsx
,6809,Marianucci,Empoli,D,D,13.0,5.81,5.73,0.0,0.0,0.0,0.0,0.0,0.0,0.0,0.0,True,storico,Statistiche_Fantacalcio_Stagione_2024_25.xlsx
,6638,Marin R.,Napoli,D,D,3.0,6.0,5.83,0.0,0.0,0.0,0.0,0.0,1.0,0.0,0.0,True,storico,Statistiche_Fantacalcio_Stagione_2024_25.xlsx
,142,Mario Rui,Empoli,D,D,36.0,5.96,5.88,0.0,0.0,0.0,0.0,0.0,6.0,0.0,0.0,True,storico,Statistiche_Fantacalcio_Stagione_2015_16.xlsx
,4665,Maripan,Torino,D,D,28.0,5.93,5.93,1.0,0.0,0.0,0.0,0.0,4.0,0.0,0.0,True,storico,Statistiche_Fantacalcio_Stagione_2024_25.xlsx
,2355,Marlon,Sa uolo,D,D,18.0,5.69,5.72,1.0,0.0,0.0,0.0,0.0,3.0,0.0,0.0,True,storico,Statistiche_Fantacalcio_Stagione_2018_19.xlsx
,616,Marquez,Verona,D,D,9.0,5.56,5.17,0.0,0.0,0.0,0.0,0.0,3.0,0.0,1.0,True,storico,Statistiche_Fantacalcio_Stagione_2015_16.xlsx
,1896,Martella,Crotone,D,D,29.0,5.83,5.76,0.0,0.0,0.0,0.0,0.0,4.0,0.0,0.0,True,storico,Statistiche_Fantacalcio_Stagione_2016_17.xlsx
,2593,Martin,Genoa,D,D,20.0,5.92,5.92,0.0,0.0,0.0,0.0,0.0,2.0,0.0,0.0,True,storico,Statistiche_Fantacalcio_Stagione_2023_24.xlsx
,5323,Martinez Quarta,Fiorentina,D,D,19.0,5.87,5.87,1.0,0.0,0.0,0.0,0.0,4.0,0.0,0.0,True,storico,Statistiche_Fantacalcio_Stagione_2020_21.xlsx
,4373,Mateju,Bre cia,D,D,30.0,5.48,5.28,0.0,0.0,0.0,0.0,0.0,8.0,0.0,1.0,True,storico,Statistiche_Fantacalcio_Stagione_2019_20.xlsx
,6411,Mateu  Lu uardi,Fro inone,D,D,3.0,5.17,5.0,0.0,0.0,0.0,0.0,0.0,1.0,0.0,0.0,True,storico,Statistiche_Fantacalcio_Stagione_2023_24.xlsx
,106,Mattiello,Chievo,D,D,1.0,5.5,6.5,0.0,0.0,0.0,0.0,0.0,0.0,0.0,0.0,True,storico,Statistiche_Fantacalcio_Stagione_2015_16.xlsx
,6244,Matturro,Genoa,D,D,3.0,5.5,4.83,0.0,0.0,0.0,0.0,0.0,0.0,0.0,1.0,True,storico,Statistiche_Fantacalcio_Stagione_2023_24.xlsx
,326,Mauricio N.,Lazio,D,D,23.0,5.59,5.26,0.0,0.0,0.0,0.0,0.0,13.0,0.0,0.0,True,storico,Statistiche_Fantacalcio_Stagione_2015_16.xlsx
,5481,Mazzocchi,Salernitana,D,D,32.0,5.84,5.83,0.0,0.0,0.0,0.0,0.0,5.0,0.0,0.0,True,storico,Statistiche_Fantacalcio_Stagione_2021_22.xlsx
,1950,Mazzotta,Pe cara,D,D,0.0,0.0,0.0,0.0,0.0,0.0,0.0,0.0,0.0,0.0,0.0,True,storico,Statistiche_Fantacalcio_Stagione_2016_17.xlsx
,7170,Mbambi,Pi a,D,D,0.0,0.0,0.0,0.0,0.0,0.0,0.0,0.0,0.0,0.0,0.0,True,storico,Statistiche_Fantacalcio_2025_26.xlsx
,50,Mbaye,Bologna,D,D,15.0,5.53,5.37,0.0,0.0,0.0,0.0,0.0,3.0,0.0,0.0,True,storico,Statistiche_Fantacalcio_Stagione_2015_16.xlsx
,488,Me bah,Sampdoria,D,D,7.0,5.5,5.36,0.0,0.0,0.0,0.0,0.0,2.0,0.0,0.0,True,storico,Statistiche_Fantacalcio_Stagione_2015_16.xlsx
,4472,Meccariello,Lecce,D,D,11.0,5.73,5.95,1.0,0.0,0.0,0.0,0.0,2.0,0.0,0.0,True,storico,Statistiche_Fantacalcio_Stagione_2019_20.xlsx
,359,Mexe,Milan,D,D,5.0,5.8,6.0,1.0,0.0,0.0,0.0,0.0,4.0,0.0,0.0,True,storico,Statistiche_Fantacalcio_Stagione_2015_16.xlsx
,6189,Mi ori,Sa uolo,D,D,6.0,5.75,5.75,0.0,0.0,0.0,0.0,0.0,0.0,0.0,0.0,True,storico,Statistiche_Fantacalcio_Stagione_2023_24.xlsx
,2037,Miangue,Cagliari,D,D,5.0,6.0,5.9,0.0,0.0,0.0,0.0,0.0,1.0,0.0,0.0,True,storico,Statistiche_Fantacalcio_Stagione_2016_17.xlsx
,2303,Migliore,Genoa,D,D,5.0,5.4,5.3,0.0,0.0,0.0,0.0,0.0,1.0,0.0,0.0,True,storico,Statistiche_Fantacalcio_Stagione_2017_18.xlsx
,2330,Mikulic,Sampdoria,D,D,0.0,0.0,0.0,0.0,0.0,0.0,0.0,0.0,0.0,0.0,0.0,True,storico,Statistiche_Fantacalcio_Stagione_2017_18.xlsx
,421,Milanovic,Palermo,D,D,0.0,0.0,0.0,0.0,0.0,0.0,0.0,0.0,0.0,0.0,0.0,True,storico,Statistiche_Fantacalcio_Stagione_2015_16.xlsx
,2164,Milenkovic,Fiorentina,D,D,16.0,5.75,5.69,0.0,0.0,0.0,0.0,0.0,0.0,0.0,0.0,True,storico,Statistiche_Fantacalcio_Stagione_2017_18.xlsx
,2060,Milic,Fiorentina,D,D,16.0,5.97,6.03,0.0,0.0,0.0,0.0,0.0,4.0,0.0,0.0,True,storico,Statistiche_Fantacalcio_Stagione_2016_17.xlsx
,4210,Mina,Cagliari,D,D,15.0,6.03,6.27,2.0,0.0,0.0,1.0,0.0,5.0,0.0,0.0,True,storico,Statistiche_Fantacalcio_Stagione_2023_24.xlsx
,4480,Minelli,Parma,D,D,0.0,0.0,0.0,0.0,0.0,0.0,0.0,0.0,0.0,0.0,0.0,True,storico,Statistiche_Fantacalcio_Stagione_2019_20.xlsx
,257,Miranda,Inter,D,D,32.0,6.16,6.16,1.0,0.0,0.0,0.0,0.0,6.0,0.0,0.0,True,storico,Statistiche_Fantacalcio_Stagione_2015_16.xlsx
,4734,Miranda J.,Bologna,D,D,29.0,6.05,6.16,0.0,0.0,0.0,0.0,0.0,4.0,0.0,0.0,True,storico,Statistiche_Fantacalcio_Stagione_2024_25.xlsx
,7537,Mitaj,Genoa,D,D,0.0,0.0,0.0,0.0,0.0,0.0,0.0,0.0,0.0,0.0,0.0,True,corrente_pre_stagione,Statistiche_Fantacalcio_Stagione_2026_27.xlsx
,7356,Mlacic,Udine e,D,D,3.0,5.83,5.67,0.0,0.0,0.0,0.0,0.0,2.0,0.0,0.0,True,storico,Statistiche_Fantacalcio_2025_26.xlsx
,5482,Modolo,Venezia,D,D,5.0,6.0,5.8,0.0,0.0,0.0,0.0,0.0,2.0,0.0,0.0,True,storico,Statistiche_Fantacalcio_Stagione_2021_22.xlsx
,489,Moi ander,Sampdoria,D,D,20.0,5.68,5.42,0.0,0.0,0.0,0.0,0.0,4.0,0.0,1.0,True,storico,Statistiche_Fantacalcio_Stagione_2015_16.xlsx
,5293,Mojica,Atalanta,D,D,5.0,5.5,5.4,0.0,0.0,0.0,0.0,0.0,1.0,0.0,0.0,True,storico,Statistiche_Fantacalcio_Stagione_2020_21.xlsx
,4998,Molina N.,Udine e,D,D,25.0,5.84,6.26,2.0,0.0,0.0,0.0,0.0,1.0,0.0,0.0,True,storico,Statistiche_Fantacalcio_Stagione_2020_21.xlsx
,551,Molinaro,Torino,D,D,26.0,5.75,5.77,1.0,0.0,0.0,0.0,0.0,3.0,0.0,0.0,True,storico,Statistiche_Fantacalcio_Stagione_2015_16.xlsx
,4952,Monteri i,Fro inone,D,D,18.0,5.83,6.25,2.0,0.0,0.0,0.0,0.0,1.0,0.0,0.0,True,storico,Statistiche_Fantacalcio_Stagione_2023_24.xlsx
,258,Montoya,Inter,D,D,3.0,5.67,5.67,0.0,0.0,0.0,0.0,0.0,0.0,0.0,0.0,True,storico,Statistiche_Fantacalcio_Stagione_2015_16.xlsx
,618,Mora,Verona,D,D,31.0,5.92,5.95,1.0,0.0,0.0,0.0,0.0,4.0,0.0,0.0,True,storico,Statistiche_Fantacalcio_Stagione_2015_16.xlsx
,5435,Moreno Alb.,Como,D,D,23.0,5.96,5.87,0.0,0.0,0.0,0.0,0.0,4.0,0.0,0.0,True,storico,Statistiche_Fantacalcio_Stagione_2024_25.xlsx
,6890,Moreno M.,Fiorentina,D,D,3.0,5.67,5.67,0.0,0.0,0.0,0.0,0.0,0.0,0.0,0.0,True,storico,Statistiche_Fantacalcio_Stagione_2024_25.xlsx
,552,Moretti,Torino,D,D,35.0,5.93,5.96,1.0,0.0,0.0,0.0,0.0,4.0,0.0,0.0,True,storico,Statistiche_Fantacalcio_Stagione_2015_16.xlsx
,714,Morganella,Palermo,D,D,14.0,5.57,5.43,0.0,0.0,0.0,0.0,0.0,4.0,0.0,0.0,True,storico,Statistiche_Fantacalcio_Stagione_2015_16.xlsx
,51,Morleo,Bologna,D,D,5.0,6.2,6.2,0.0,0.0,0.0,0.0,0.0,0.0,0.0,0.0,True,storico,Statistiche_Fantacalcio_Stagione_2015_16.xlsx
,5762,Motoc,Salernitana,D,D,0.0,0.0,0.0,0.0,0.0,0.0,0.0,0.0,0.0,0.0,0.0,True,storico,Statistiche_Fantacalcio_Stagione_2022_23.xlsx
,6118,Moutinho J.,Spezia,D,D,2.0,5.75,5.75,0.0,0.0,0.0,0.0,0.0,0.0,0.0,0.0,True,storico,Statistiche_Fantacalcio_Stagione_2022_23.xlsx
,2168,Mu acchio,Milan,D,D,14.0,5.54,5.43,0.0,0.0,0.0,0.0,0.0,3.0,0.0,0.0,True,storico,Statistiche_Fantacalcio_Stagione_2017_18.xlsx
,1985,Mu avu-King,Udine e,D,D,0.0,0.0,0.0,0.0,0.0,0.0,0.0,0.0,0.0,0.0,0.0,True,storico,Statistiche_Fantacalcio_Stagione_2016_17.xlsx
,7155,Muharemovic,Sa uolo,D,D,32.0,5.91,5.89,2.0,0.0,0.0,0.0,0.0,7.0,0.0,2.0,True,storico,Statistiche_Fantacalcio_2025_26.xlsx
,4521,Muldur,Sa uolo,D,D,20.0,6.02,6.32,2.0,0.0,0.0,0.0,0.0,4.0,0.0,0.0,True,storico,Statistiche_Fantacalcio_Stagione_2019_20.xlsx
,259,Murillo,Inter,D,D,33.0,5.8,5.82,2.0,0.0,0.0,0.0,0.0,3.0,0.0,1.0,True,storico,Statistiche_Fantacalcio_Stagione_2015_16.xlsx
,1868,Murru,Cagliari,D,D,26.0,5.69,5.67,0.0,0.0,0.0,0.0,0.0,3.0,0.0,0.0,True,storico,Statistiche_Fantacalcio_Stagione_2016_17.xlsx
,4317,N'Dicka,Roma,D,D,25.0,5.86,5.86,0.0,0.0,0.0,0.0,0.0,6.0,0.0,0.0,True,storico,Statistiche_Fantacalcio_Stagione_2023_24.xlsx
,6253,N'Gue an,Torino,D,D,0.0,0.0,0.0,0.0,0.0,0.0,0.0,0.0,0.0,0.0,0.0,True,storico,Statistiche_Fantacalcio_Stagione_2023_24.xlsx
,2288,N'koulou,Torino,D,D,37.0,6.07,6.18,2.0,0.0,0.0,0.0,0.0,4.0,0.0,0.0,True,storico,Statistiche_Fantacalcio_Stagione_2017_18.xlsx
,2453,Na ta ic,Fiorentina,D,D,4.0,5.5,5.38,0.0,0.0,0.0,0.0,0.0,1.0,0.0,0.0,True,storico,Statistiche_Fantacalcio_Stagione_2021_22.xlsx
,260,Nagatomo,Inter,D,D,21.0,5.9,5.71,0.0,0.0,0.0,0.0,0.0,4.0,0.0,0.0,True,storico,Statistiche_Fantacalcio_Stagione_2015_16.xlsx
,6396,Natan,Napoli,D,D,13.0,5.81,5.69,0.0,0.0,0.0,0.0,0.0,1.0,0.0,0.0,True,storico,Statistiche_Fantacalcio_Stagione_2023_24.xlsx
,7182,Ndaba,Lecce,D,D,9.0,5.5,5.5,0.0,0.0,0.0,0.0,0.0,0.0,0.0,0.0,True,storico,Statistiche_Fantacalcio_2025_26.xlsx
,5859,Ndiaye,Cremone e,D,D,0.0,0.0,0.0,0.0,0.0,0.0,0.0,0.0,0.0,0.0,0.0,True,storico,Statistiche_Fantacalcio_Stagione_2022_23.xlsx
,7202,Ndiaye,Parma,D,D,11.0,5.59,5.36,0.0,0.0,0.0,0.0,0.0,3.0,0.0,0.0,True,storico,Statistiche_Fantacalcio_2025_26.xlsx
,7018,Nel on,Roma,D,D,4.0,6.0,6.0,0.0,0.0,0.0,0.0,0.0,0.0,0.0,0.0,True,storico,Statistiche_Fantacalcio_Stagione_2024_25.xlsx
,584,Neuton,Udine e,D,D,0.0,0.0,0.0,0.0,0.0,0.0,0.0,0.0,0.0,0.0,0.0,True,storico,Statistiche_Fantacalcio_Stagione_2015_16.xlsx
,4329,Nikolaou,Empoli,D,D,4.0,6.0,6.0,0.0,0.0,0.0,0.0,0.0,0.0,0.0,0.0,True,storico,Statistiche_Fantacalcio_Stagione_2018_19.xlsx
,5156,Nkounkou,Torino,D,D,8.0,5.81,5.81,0.0,0.0,0.0,0.0,0.0,3.0,0.0,0.0,True,storico,Statistiche_Fantacalcio_2025_26.xlsx
,6814,Norton-Cuffy,Genoa,D,D,10.0,5.7,5.7,0.0,0.0,0.0,0.0,0.0,0.0,0.0,0.0,True,storico,Statistiche_Fantacalcio_Stagione_2024_25.xlsx
,2280,Nuytinck,Udine e,D,D,27.0,5.98,6.09,1.0,0.0,0.0,0.0,0.0,2.0,0.0,0.0,True,storico,Statistiche_Fantacalcio_Stagione_2017_18.xlsx
,5327,O orio,Parma,D,D,22.0,5.61,5.57,0.0,0.0,0.0,0.0,0.0,2.0,0.0,0.0,True,storico,Statistiche_Fantacalcio_Stagione_2020_21.xlsx
,5750,O tigard,Genoa,D,D,15.0,5.63,5.43,0.0,0.0,0.0,0.0,0.0,2.0,0.0,0.0,True,storico,Statistiche_Fantacalcio_Stagione_2021_22.xlsx
,5701,Obert,Cagliari,D,D,4.0,5.88,5.88,0.0,0.0,0.0,0.0,0.0,0.0,0.0,0.0,True,storico,Statistiche_Fantacalcio_Stagione_2021_22.xlsx
,7329,Obrador,Torino,D,D,16.0,6.06,6.41,1.0,0.0,0.0,0.0,0.0,1.0,0.0,0.0,True,storico,Statistiche_Fantacalcio_2025_26.xlsx
,7154,Odenthal,Sa uolo,D,D,0.0,0.0,0.0,0.0,0.0,0.0,0.0,0.0,0.0,0.0,0.0,True,storico,Statistiche_Fantacalcio_2025_26.xlsx
,7271,Odogu,Milan,D,D,0.0,0.0,0.0,0.0,0.0,0.0,0.0,0.0,0.0,0.0,0.0,True,storico,Statistiche_Fantacalcio_2025_26.xlsx
,2614,Odriozola,Fiorentina,D,D,25.0,5.86,5.94,1.0,0.0,0.0,0.0,0.0,4.0,0.0,0.0,True,storico,Statistiche_Fantacalcio_Stagione_2021_22.xlsx
,52,Oikonomou,Bologna,D,D,20.0,5.95,5.82,0.0,0.0,0.0,0.0,0.0,5.0,0.0,0.0,True,storico,Statistiche_Fantacalcio_Stagione_2015_16.xlsx
,4432,Okoli,Atalanta,D,D,0.0,0.0,0.0,0.0,0.0,0.0,0.0,0.0,0.0,0.0,0.0,True,storico,Statistiche_Fantacalcio_Stagione_2019_20.xlsx
,6284,Okou,Verona,D,D,0.0,0.0,0.0,0.0,0.0,0.0,0.0,0.0,0.0,0.0,0.0,True,storico,Statistiche_Fantacalcio_Stagione_2024_25.xlsx
,5840,Olivera,Napoli,D,D,24.0,6.02,6.27,2.0,0.0,0.0,0.0,0.0,2.0,0.0,0.0,True,storico,Statistiche_Fantacalcio_Stagione_2022_23.xlsx
,2087,Olivera M.,Fiorentina,D,D,15.0,5.8,5.7,0.0,0.0,0.0,0.0,0.0,4.0,0.0,0.0,True,storico,Statistiche_Fantacalcio_Stagione_2016_17.xlsx
,7553,Omar Fayed,Fro inone,D,D,0.0,0.0,0.0,0.0,0.0,0.0,0.0,0.0,0.0,0.0,0.0,True,corrente_pre_stagione,Statistiche_Fantacalcio_Stagione_2026_27.xlsx
,5379,Onguene,Genoa,D,D,3.0,5.0,5.0,0.0,0.0,0.0,0.0,0.0,0.0,0.0,0.0,True,storico,Statistiche_Fantacalcio_Stagione_2020_21.xlsx
,2793,Opoku,Udine e,D,D,11.0,5.45,5.23,0.0,0.0,0.0,0.0,0.0,5.0,0.0,0.0,True,storico,Statistiche_Fantacalcio_Stagione_2018_19.xlsx
,2090,Orban L,Genoa,D,D,10.0,5.35,4.85,0.0,0.0,0.0,0.0,0.0,4.0,0.0,1.0,True,storico,Statistiche_Fantacalcio_Stagione_2016_17.xlsx
,6977,Otoa,Genoa,D,D,3.0,5.17,4.67,0.0,0.0,0.0,0.0,0.0,1.0,0.0,0.0,True,storico,Statistiche_Fantacalcio_Stagione_2024_25.xlsx
,4999,Ouwejan,Udine e,D,D,10.0,6.1,6.3,0.0,0.0,0.0,0.0,0.0,0.0,0.0,0.0,True,storico,Statistiche_Fantacalcio_Stagione_2020_21.xlsx
,6992,Oyegoke,Verona,D,D,3.0,5.83,5.67,0.0,0.0,0.0,0.0,0.0,1.0,0.0,0.0,True,storico,Statistiche_Fantacalcio_Stagione_2024_25.xlsx
,6238,Oyono,Fro inone,D,D,14.0,5.82,5.75,0.0,0.0,0.0,0.0,0.0,4.0,0.0,0.0,True,storico,Statistiche_Fantacalcio_Stagione_2023_24.xlsx
,7470,Oyono J.,Fro inone,D,D,0.0,0.0,0.0,0.0,0.0,0.0,0.0,0.0,0.0,0.0,0.0,True,corrente_pre_stagione,Statistiche_Fantacalcio_Stagione_2026_27.xlsx
,6574,Pa alidi,Salernitana,D,D,7.0,5.5,5.36,0.0,0.0,0.0,0.0,0.0,3.0,0.0,0.0,True,storico,Statistiche_Fantacalcio_Stagione_2023_24.xlsx
,166,Pa qual,Fiorentina,D,D,15.0,5.93,5.93,0.0,0.0,0.0,0.0,0.0,5.0,0.0,0.0,True,storico,Statistiche_Fantacalcio_Stagione_2015_16.xlsx
,585,Pa quale,Udine e,D,D,6.0,5.67,5.5,0.0,0.0,0.0,0.0,0.0,2.0,0.0,0.0,True,storico,Statistiche_Fantacalcio_Stagione_2015_16.xlsx
,5376,Pa tina,Benevento,D,D,3.0,6.33,6.5,0.0,0.0,0.0,0.0,0.0,1.0,0.0,0.0,True,storico,Statistiche_Fantacalcio_Stagione_2020_21.xlsx
,2242,Padella,Benevento,D,D,0.0,0.0,0.0,0.0,0.0,0.0,0.0,0.0,0.0,0.0,0.0,True,storico,Statistiche_Fantacalcio_Stagione_2017_18.xlsx
,6874,Palacio  T.,Monza,D,D,6.0,5.25,5.08,0.0,0.0,0.0,0.0,0.0,2.0,0.0,0.0,True,storico,Statistiche_Fantacalcio_Stagione_2024_25.xlsx
,6832,Pale tra,Atalanta,D,D,3.0,6.0,6.0,0.0,0.0,0.0,0.0,0.0,0.0,0.0,0.0,True,storico,Statistiche_Fantacalcio_Stagione_2024_25.xlsx
,360,Paletta,Atalanta,D,D,24.0,5.92,5.85,1.0,0.0,0.0,0.0,0.0,5.0,0.0,0.0,True,storico,Statistiche_Fantacalcio_Stagione_2015_16.xlsx
,6925,Palma,Udine e,D,D,4.0,5.5,5.5,0.0,0.0,0.0,0.0,0.0,0.0,0.0,0.0,True,storico,Statistiche_Fantacalcio_2025_26.xlsx
,2181,Palomino,Atalanta,D,D,23.0,6.04,6.11,1.0,0.0,0.0,0.0,0.0,3.0,0.0,0.0,True,storico,Statistiche_Fantacalcio_Stagione_2017_18.xlsx
,4920,Papetti,Bre cia,D,D,11.0,5.41,5.45,1.0,0.0,0.0,0.0,0.0,5.0,0.0,0.0,True,storico,Statistiche_Fantacalcio_Stagione_2019_20.xlsx
,5449,Pari i,Empoli,D,D,23.0,5.91,5.85,0.0,0.0,0.0,0.0,0.0,5.0,0.0,0.0,True,storico,Statistiche_Fantacalcio_Stagione_2021_22.xlsx
,327,Patric,Lazio,D,D,8.0,5.69,5.44,0.0,0.0,0.0,0.0,0.0,2.0,0.0,0.0,True,storico,Statistiche_Fantacalcio_Stagione_2015_16.xlsx
,4177,Pavard,Inter,D,D,21.0,6.29,6.24,0.0,0.0,0.0,0.0,0.0,6.0,0.0,0.0,True,storico,Statistiche_Fantacalcio_Stagione_2023_24.xlsx
,5022,Pavlovic,Milan,D,D,22.0,5.91,6.11,2.0,0.0,0.0,0.0,0.0,3.0,0.0,0.0,True,storico,Statistiche_Fantacalcio_Stagione_2024_25.xlsx
,197,Pavlovic D.,Fro inone,D,D,22.0,5.77,5.86,0.0,0.0,0.0,0.0,0.0,6.0,0.0,0.0,True,storico,Statistiche_Fantacalcio_Stagione_2015_16.xlsx
,2747,Paz,Bologna,D,D,2.0,5.5,5.25,0.0,0.0,0.0,0.0,0.0,1.0,0.0,0.0,True,storico,Statistiche_Fantacalcio_Stagione_2018_19.xlsx
,6431,Paz Y.,Sa uolo,D,D,0.0,0.0,0.0,0.0,0.0,0.0,0.0,0.0,0.0,0.0,0.0,True,storico,Statistiche_Fantacalcio_2025_26.xlsx
,6426,Peder en,Sa uolo,D,D,23.0,5.72,5.72,0.0,0.0,0.0,0.0,0.0,4.0,0.0,0.0,True,storico,Statistiche_Fantacalcio_Stagione_2023_24.xlsx
,4817,Pedraza,Lazio,D,D,0.0,0.0,0.0,0.0,0.0,0.0,0.0,0.0,0.0,0.0,0.0,True,corrente_pre_stagione,Statistiche_Fantacalcio_Stagione_2026_27.xlsx
,7353,Pedro Felipe,Sa uolo,D,D,2.0,5.75,6.25,0.0,0.0,0.0,0.0,0.0,0.0,0.0,0.0,True,storico,Statistiche_Fantacalcio_2025_26.xlsx
,2728,Pellegrini Lu.,Cagliari,D,D,16.0,5.91,5.84,0.0,0.0,0.0,0.0,0.0,4.0,0.0,0.0,True,storico,Statistiche_Fantacalcio_Stagione_2018_19.xlsx
,6460,Pellegrino,Salernitana,D,D,10.0,5.35,5.3,0.0,0.0,0.0,0.0,0.0,1.0,0.0,0.0,True,storico,Statistiche_Fantacalcio_Stagione_2023_24.xlsx
,6806,Pelmard,Lecce,D,D,2.0,5.75,5.5,0.0,0.0,0.0,0.0,0.0,1.0,0.0,0.0,True,storico,Statistiche_Fantacalcio_Stagione_2024_25.xlsx
,521,Pelu o,Sa uolo,D,D,34.0,5.84,5.79,1.0,0.0,0.0,0.0,0.0,11.0,0.0,0.0,True,storico,Statistiche_Fantacalcio_Stagione_2015_16.xlsx
,729,Pereira P.,Sampdoria,D,D,9.0,5.61,5.72,0.0,0.0,0.0,0.0,0.0,0.0,0.0,0.0,True,storico,Statistiche_Fantacalcio_Stagione_2015_16.xlsx
,7164,Perez M.,Lecce,D,D,1.0,5.0,5.0,0.0,0.0,0.0,0.0,0.0,0.0,0.0,0.0,True,storico,Statistiche_Fantacalcio_2025_26.xlsx
,5677,Perez N.,Udine e,D,D,20.0,5.75,5.65,0.0,0.0,0.0,0.0,0.0,6.0,0.0,0.0,True,storico,Statistiche_Fantacalcio_Stagione_2021_22.xlsx
,2309,Pezzella Ger.,Fiorentina,D,D,34.0,6.03,5.94,1.0,0.0,0.0,0.0,0.0,12.0,0.0,0.0,True,storico,Statistiche_Fantacalcio_Stagione_2017_18.xlsx
,770,Pezzella Giu.,Palermo,D,D,8.0,5.44,5.44,0.0,0.0,0.0,0.0,0.0,0.0,0.0,0.0,True,storico,Statistiche_Fantacalcio_Stagione_2015_16.xlsx
,1869,Pi acane,Cagliari,D,D,29.0,5.67,5.69,1.0,0.0,0.0,0.0,0.0,7.0,0.0,0.0,True,storico,Statistiche_Fantacalcio_Stagione_2016_17.xlsx
,619,Pi ano E,Verona,D,D,34.0,5.82,6.16,5.0,0.0,0.0,0.0,0.0,7.0,0.0,0.0,True,storico,Statistiche_Fantacalcio_Stagione_2015_16.xlsx
,5006,Piccini,Atalanta,D,D,1.0,5.5,5.5,0.0,0.0,0.0,0.0,0.0,0.0,0.0,0.0,True,storico,Statistiche_Fantacalcio_Stagione_2020_21.xlsx
,7156,Pieragnolo,Sa uolo,D,D,0.0,0.0,0.0,0.0,0.0,0.0,0.0,0.0,0.0,0.0,0.0,True,storico,Statistiche_Fantacalcio_2025_26.xlsx
,6432,Pierozzi,Salernitana,D,D,12.0,6.0,6.0,1.0,0.0,0.0,0.0,0.0,6.0,0.0,0.0,True,storico,Statistiche_Fantacalcio_Stagione_2023_24.xlsx
,4454,Pinna,Cagliari,D,D,1.0,6.5,6.0,0.0,0.0,0.0,0.0,0.0,1.0,0.0,0.0,True,storico,Statistiche_Fantacalcio_Stagione_2019_20.xlsx
,586,Piri,Udine e,D,D,24.0,5.58,5.48,0.0,0.0,0.0,0.0,0.0,5.0,0.0,0.0,True,storico,Statistiche_Fantacalcio_Stagione_2015_16.xlsx
,4897,Pirola,Inter,D,D,0.0,0.0,0.0,0.0,0.0,0.0,0.0,0.0,0.0,0.0,0.0,True,storico,Statistiche_Fantacalcio_Stagione_2019_20.xlsx
,6066,Po ch,Bologna,D,D,30.0,6.12,6.68,6.0,0.0,0.0,0.0,0.0,6.0,0.0,0.0,True,storico,Statistiche_Fantacalcio_Stagione_2022_23.xlsx
,75,Poli F,Carpi,D,D,10.0,5.85,5.6,0.0,0.0,0.0,0.0,0.0,5.0,0.0,0.0,True,storico,Statistiche_Fantacalcio_Stagione_2015_16.xlsx
,2259,Polvani,SPAL,D,D,0.0,0.0,0.0,0.0,0.0,0.0,0.0,0.0,0.0,0.0,0.0,True,storico,Statistiche_Fantacalcio_Stagione_2017_18.xlsx
,5603,Pongracic,Lecce,D,D,9.0,6.0,5.89,0.0,0.0,0.0,0.0,0.0,2.0,0.0,0.0,True,storico,Statistiche_Fantacalcio_Stagione_2022_23.xlsx
,4917,Prodl,Udine e,D,D,0.0,0.0,0.0,0.0,0.0,0.0,0.0,0.0,0.0,0.0,0.0,True,storico,Statistiche_Fantacalcio_Stagione_2019_20.xlsx
,7012,Prov tgaard,Lazio,D,D,1.0,6.5,6.5,0.0,0.0,0.0,0.0,0.0,1.0,0.0,0.0,True,storico,Statistiche_Fantacalcio_Stagione_2024_25.xlsx
,759,Pryima,Fro inone,D,D,4.0,5.62,5.5,0.0,0.0,0.0,0.0,0.0,1.0,0.0,0.0,True,storico,Statistiche_Fantacalcio_Stagione_2015_16.xlsx
,107,Pucino,Chievo,D,D,0.0,0.0,0.0,0.0,0.0,0.0,0.0,0.0,0.0,0.0,0.0,True,storico,Statistiche_Fantacalcio_Stagione_2015_16.xlsx
,7413,Puczka,Genoa,D,D,0.0,0.0,0.0,0.0,0.0,0.0,0.0,0.0,0.0,0.0,0.0,True,corrente_pre_stagione,Statistiche_Fantacalcio_Stagione_2026_27.xlsx
,5891,Quagliata,Cremone e,D,D,16.0,5.75,5.75,0.0,0.0,0.0,0.0,0.0,0.0,0.0,0.0,True,storico,Statistiche_Fantacalcio_Stagione_2022_23.xlsx
,2752,Ra mu en,Empoli,D,D,13.0,5.31,5.27,0.0,0.0,0.0,0.0,0.0,3.0,0.0,0.0,True,storico,Statistiche_Fantacalcio_Stagione_2018_19.xlsx
,53,Radakovic,Bologna,D,D,0.0,0.0,0.0,0.0,0.0,0.0,0.0,0.0,0.0,0.0,0.0,True,storico,Statistiche_Fantacalcio_Stagione_2015_16.xlsx
,329,Radu,Lazio,D,D,13.0,5.62,5.5,0.0,0.0,0.0,0.0,0.0,3.0,0.0,0.0,True,storico,Statistiche_Fantacalcio_Stagione_2015_16.xlsx
,16,Raimondi,Atalanta,D,D,15.0,5.9,5.77,0.0,0.0,0.0,0.0,0.0,4.0,0.0,0.0,True,storico,Statistiche_Fantacalcio_Stagione_2015_16.xlsx
,2005,Rajkovic,Palermo,D,D,4.0,5.5,5.25,0.0,0.0,0.0,0.0,0.0,0.0,0.0,0.0,True,storico,Statistiche_Fantacalcio_Stagione_2016_17.xlsx
,4984,Ramo,Spezia,D,D,4.0,5.5,5.38,0.0,0.0,0.0,0.0,0.0,1.0,0.0,0.0,True,storico,Statistiche_Fantacalcio_Stagione_2020_21.xlsx
,6869,Ramon,Como,D,D,32.0,6.16,6.14,2.0,0.0,0.0,0.0,0.0,11.0,0.0,0.0,True,storico,Statistiche_Fantacalcio_2025_26.xlsx
,4378,Ranieri L.,Fiorentina,D,D,3.0,5.5,5.17,0.0,0.0,0.0,0.0,0.0,0.0,0.0,0.0,True,storico,Statistiche_Fantacalcio_Stagione_2019_20.xlsx
,261,Ranocchia,Sampdoria,D,D,19.0,5.55,5.37,0.0,0.0,0.0,0.0,0.0,5.0,0.0,0.0,True,storico,Statistiche_Fantacalcio_Stagione_2015_16.xlsx
,7346,Raterink,Cagliari,D,D,0.0,0.0,0.0,0.0,0.0,0.0,0.0,0.0,0.0,0.0,0.0,True,storico,Statistiche_Fantacalcio_2025_26.xlsx
,5860,Ravanelli,Cremone e,D,D,0.0,0.0,0.0,0.0,0.0,0.0,0.0,0.0,0.0,0.0,0.0,True,storico,Statistiche_Fantacalcio_Stagione_2022_23.xlsx
,2739,Reca,Atalanta,D,D,1.0,6.5,6.5,0.0,0.0,0.0,0.0,0.0,0.0,0.0,0.0,True,storico,Statistiche_Fantacalcio_Stagione_2018_19.xlsx
,490,Regini,Napoli,D,D,14.0,5.39,5.32,0.0,0.0,0.0,0.0,0.0,2.0,0.0,0.0,True,storico,Statistiche_Fantacalcio_Stagione_2015_16.xlsx
,6986,Ren ch,Roma,D,D,8.0,6.06,6.19,0.0,0.0,0.0,0.0,0.0,0.0,0.0,0.0,True,storico,Statistiche_Fantacalcio_Stagione_2024_25.xlsx
,1922,Renzetti,Genoa,D,D,0.0,0.0,0.0,0.0,0.0,0.0,0.0,0.0,0.0,0.0,0.0,True,storico,Statistiche_Fantacalcio_Stagione_2016_17.xlsx
,2668,Ret o,Verona,D,D,1.0,5.5,5.5,0.0,0.0,0.0,0.0,0.0,0.0,0.0,0.0,True,storico,Statistiche_Fantacalcio_Stagione_2021_22.xlsx
,5398,Reynold,Roma,D,D,5.0,5.6,5.6,0.0,0.0,0.0,0.0,0.0,0.0,0.0,0.0,True,storico,Statistiche_Fantacalcio_Stagione_2020_21.xlsx
,423,Ri poli,Palermo,D,D,18.0,5.92,6.06,0.0,0.0,0.0,0.0,0.0,3.0,0.0,0.0,True,storico,Statistiche_Fantacalcio_Stagione_2015_16.xlsx
,4473,Riccardi D,Lecce,D,D,1.0,5.5,5.5,0.0,0.0,0.0,0.0,0.0,0.0,0.0,0.0,True,storico,Statistiche_Fantacalcio_Stagione_2019_20.xlsx
,5377,Ricci G.,Parma,D,D,2.0,6.0,6.0,0.0,0.0,0.0,0.0,0.0,0.0,0.0,0.0,True,storico,Statistiche_Fantacalcio_Stagione_2020_21.xlsx
,2182,Rigione,Chievo,D,D,0.0,0.0,0.0,0.0,0.0,0.0,0.0,0.0,0.0,0.0,0.0,True,storico,Statistiche_Fantacalcio_Stagione_2017_18.xlsx
,4392,Rizzo N,Genoa,D,D,0.0,0.0,0.0,0.0,0.0,0.0,0.0,0.0,0.0,0.0,0.0,True,storico,Statistiche_Fantacalcio_Stagione_2019_20.xlsx
,54,Ro ettini,Bologna,D,D,29.0,5.74,6.0,3.0,0.0,0.0,0.0,0.0,5.0,0.0,0.0,True,storico,Statistiche_Fantacalcio_Stagione_2015_16.xlsx
,198,Ro i,Fro inone,D,D,24.0,5.79,5.69,0.0,0.0,0.0,0.0,0.0,6.0,0.0,0.0,True,storico,Statistiche_Fantacalcio_Stagione_2015_16.xlsx
,4412,Rodrigo Becao,Udine e,D,D,28.0,5.88,5.84,1.0,0.0,0.0,0.0,0.0,8.0,0.0,0.0,True,storico,Statistiche_Fantacalcio_Stagione_2019_20.xlsx
,361,Rodrigo Ely,Milan,D,D,3.0,4.67,3.5,0.0,0.0,0.0,0.0,0.0,1.0,0.0,1.0,True,storico,Statistiche_Fantacalcio_Stagione_2015_16.xlsx
,167,Rodriguez Go,Fiorentina,D,D,35.0,6.07,6.31,4.0,0.0,0.0,0.0,0.0,7.0,0.0,0.0,True,storico,Statistiche_Fantacalcio_Stagione_2015_16.xlsx
,7268,Rodriguez Ju.,Cagliari,D,D,16.0,5.62,5.72,1.0,0.0,0.0,0.0,0.0,3.0,0.0,0.0,True,storico,Statistiche_Fantacalcio_2025_26.xlsx
,2169,Rodriguez R.,Milan,D,D,34.0,5.75,5.68,1.0,0.0,0.0,2.0,0.0,3.0,0.0,0.0,True,storico,Statistiche_Fantacalcio_Stagione_2017_18.xlsx
,2318,Rogerio,Sa uolo,D,D,11.0,5.68,5.5,0.0,0.0,0.0,0.0,0.0,4.0,0.0,0.0,True,storico,Statistiche_Fantacalcio_Stagione_2017_18.xlsx
,2279,Romagna,Cagliari,D,D,21.0,5.81,5.81,0.0,0.0,0.0,0.0,0.0,0.0,0.0,0.0,True,storico,Statistiche_Fantacalcio_Stagione_2017_18.xlsx
,460,Romagnoli,Milan,D,D,34.0,5.97,5.82,0.0,0.0,0.0,0.0,0.0,8.0,0.0,0.0,True,storico,Statistiche_Fantacalcio_Stagione_2015_16.xlsx
,76,Romagnoli S.,Carpi,D,D,30.0,5.87,5.78,0.0,0.0,0.0,0.0,0.0,5.0,0.0,0.0,True,storico,Statistiche_Fantacalcio_Stagione_2015_16.xlsx
,4307,Romero,Genoa,D,D,27.0,6.0,6.0,2.0,0.0,0.0,0.0,0.0,10.0,0.0,0.0,True,storico,Statistiche_Fantacalcio_Stagione_2018_19.xlsx
,621,Romulo,Verona,D,D,7.0,5.86,6.0,0.0,0.0,0.0,0.0,0.0,0.0,0.0,0.0,True,storico,Statistiche_Fantacalcio_Stagione_2015_16.xlsx
,168,Roncaglia,Fiorentina,D,D,29.0,5.69,5.64,1.0,0.0,0.0,0.0,0.0,9.0,0.0,0.0,True,storico,Statistiche_Fantacalcio_Stagione_2015_16.xlsx
,6803,Rouhi,Juventu,D,D,4.0,5.62,5.62,0.0,0.0,0.0,0.0,0.0,0.0,0.0,0.0,True,storico,Statistiche_Fantacalcio_Stagione_2024_25.xlsx
,4409,Rrahmani,Verona,D,D,36.0,5.94,5.9,0.0,0.0,0.0,0.0,0.0,5.0,0.0,0.0,True,storico,Statistiche_Fantacalcio_Stagione_2019_20.xlsx
,7141,Ru,Pi a,D,D,0.0,0.0,0.0,0.0,0.0,0.0,0.0,0.0,0.0,0.0,0.0,True,storico,Statistiche_Fantacalcio_2025_26.xlsx
,199,Ru o Ad.,Fro inone,D,D,10.0,5.75,5.95,1.0,0.0,0.0,0.0,0.0,2.0,0.0,0.0,True,storico,Statistiche_Fantacalcio_Stagione_2015_16.xlsx
,5747,Ruan,Sa uolo,D,D,5.0,5.5,5.4,0.0,0.0,0.0,0.0,0.0,1.0,0.0,0.0,True,storico,Statistiche_Fantacalcio_Stagione_2021_22.xlsx
,656,Rudiger,Roma,D,D,30.0,5.87,6.0,2.0,0.0,0.0,0.0,0.0,4.0,0.0,0.0,True,storico,Statistiche_Fantacalcio_Stagione_2015_16.xlsx
,4997,Ruegg,Verona,D,D,5.0,6.0,6.0,0.0,0.0,0.0,0.0,0.0,0.0,0.0,0.0,True,storico,Statistiche_Fantacalcio_Stagione_2020_21.xlsx
,294,Rugani,Juventu,D,D,15.0,6.2,6.13,0.0,0.0,0.0,0.0,0.0,2.0,0.0,0.0,True,storico,Statistiche_Fantacalcio_Stagione_2015_16.xlsx
,5354,Ruggeri,Atalanta,D,D,3.0,5.5,5.5,0.0,0.0,0.0,0.0,0.0,0.0,0.0,0.0,True,storico,Statistiche_Fantacalcio_Stagione_2020_21.xlsx
,791,Sabelli,Carpi,D,D,7.0,5.86,6.21,1.0,0.0,0.0,0.0,0.0,1.0,0.0,0.0,True,storico,Statistiche_Fantacalcio_Stagione_2015_16.xlsx
,2720,Sagna,Benevento,D,D,13.0,5.96,6.15,1.0,0.0,0.0,0.0,0.0,1.0,0.0,0.0,True,storico,Statistiche_Fantacalcio_Stagione_2017_18.xlsx
,6681,Sagrado,Venezia,D,D,3.0,5.5,5.33,0.0,0.0,0.0,0.0,0.0,1.0,0.0,0.0,True,storico,Statistiche_Fantacalcio_Stagione_2024_25.xlsx
,2128,Sain bury,Inter,D,D,1.0,6.0,5.5,0.0,0.0,0.0,0.0,0.0,1.0,0.0,0.0,True,storico,Statistiche_Fantacalcio_Stagione_2016_17.xlsx
,4386,Sala M,Sa uolo,D,D,0.0,0.0,0.0,0.0,0.0,0.0,0.0,0.0,0.0,0.0,0.0,True,storico,Statistiche_Fantacalcio_Stagione_2019_20.xlsx
,7020,Salah-Eddine,Roma,D,D,2.0,5.5,6.0,0.0,0.0,0.0,0.0,0.0,0.0,0.0,0.0,True,storico,Statistiche_Fantacalcio_Stagione_2024_25.xlsx
,491,Salamon,Sampdoria,D,D,0.0,0.0,0.0,0.0,0.0,0.0,0.0,0.0,0.0,0.0,0.0,True,storico,Statistiche_Fantacalcio_Stagione_2015_16.xlsx
,2067,Salcedo,Fiorentina,D,D,17.0,5.56,5.41,0.0,0.0,0.0,0.0,0.0,7.0,0.0,0.0,True,storico,Statistiche_Fantacalcio_Stagione_2016_17.xlsx
,5856,Sambia,Salernitana,D,D,13.0,5.88,5.92,0.0,0.0,0.0,0.0,0.0,3.0,0.0,0.0,True,storico,Statistiche_Fantacalcio_Stagione_2022_23.xlsx
,790,Samir,Verona,D,D,3.0,5.83,6.67,1.0,0.0,0.0,0.0,0.0,1.0,0.0,0.0,True,storico,Statistiche_Fantacalcio_Stagione_2015_16.xlsx
,1898,Sampiri i,Crotone,D,D,20.0,5.72,5.9,1.0,0.0,0.0,0.0,0.0,1.0,0.0,0.0,True,storico,Statistiche_Fantacalcio_Stagione_2016_17.xlsx
,6649,Sangare' B.,Roma,D,D,0.0,0.0,0.0,0.0,0.0,0.0,0.0,0.0,0.0,0.0,0.0,True,storico,Statistiche_Fantacalcio_Stagione_2024_25.xlsx
,262,Santon,Inter,D,D,11.0,5.73,5.68,0.0,0.0,0.0,0.0,0.0,1.0,0.0,0.0,True,storico,Statistiche_Fantacalcio_Stagione_2015_16.xlsx
,108,Sardo,Chievo,D,D,6.0,5.67,5.92,1.0,0.0,0.0,0.0,0.0,3.0,0.0,0.0,True,storico,Statistiche_Fantacalcio_Stagione_2015_16.xlsx
,77,Sarzi,Carpi,D,D,0.0,0.0,0.0,0.0,0.0,0.0,0.0,0.0,0.0,0.0,0.0,True,storico,Statistiche_Fantacalcio_Stagione_2015_16.xlsx
,6802,Savona,Juventu,D,D,27.0,5.89,6.02,2.0,0.0,0.0,0.0,0.0,5.0,0.0,0.0,True,storico,Statistiche_Fantacalcio_Stagione_2024_25.xlsx
,6474,Sazonov,Torino,D,D,8.0,5.75,5.69,0.0,0.0,0.0,0.0,0.0,2.0,0.0,0.0,True,storico,Statistiche_Fantacalcio_Stagione_2023_24.xlsx
,5526,Scalvini,Atalanta,D,D,14.0,5.96,6.14,1.0,0.0,0.0,0.0,0.0,1.0,0.0,0.0,True,storico,Statistiche_Fantacalcio_Stagione_2021_22.xlsx
,6892,Schingtienne,Venezia,D,D,15.0,5.7,5.63,0.0,0.0,0.0,0.0,0.0,2.0,0.0,0.0,True,storico,Statistiche_Fantacalcio_Stagione_2024_25.xlsx
,5483,Schnegg,Venezia,D,D,3.0,5.67,5.67,0.0,0.0,0.0,0.0,0.0,1.0,0.0,0.0,True,storico,Statistiche_Fantacalcio_Stagione_2021_22.xlsx
,6041,Schuur,Torino,D,D,29.0,6.21,6.19,0.0,0.0,0.0,0.0,0.0,5.0,0.0,0.0,True,storico,Statistiche_Fantacalcio_Stagione_2022_23.xlsx
,7031,Scott,Lecce,D,D,0.0,0.0,0.0,0.0,0.0,0.0,0.0,0.0,0.0,0.0,0.0,True,storico,Statistiche_Fantacalcio_Stagione_2024_25.xlsx
,1966,Seck M.,Roma,D,D,0.0,0.0,0.0,0.0,0.0,0.0,0.0,0.0,0.0,0.0,0.0,True,storico,Statistiche_Fantacalcio_Stagione_2016_17.xlsx
,4444,Semprini,Bre cia,D,D,10.0,5.7,5.9,1.0,0.0,0.0,0.0,0.0,2.0,0.0,0.0,True,storico,Statistiche_Fantacalcio_Stagione_2019_20.xlsx
,4284,Sergi Roberto,Como,D,D,12.0,6.0,5.92,0.0,0.0,0.0,0.0,0.0,4.0,0.0,0.0,True,storico,Statistiche_Fantacalcio_Stagione_2024_25.xlsx
,2847,Sernicola,Sa uolo,D,D,0.0,0.0,0.0,0.0,0.0,0.0,0.0,0.0,0.0,0.0,0.0,True,storico,Statistiche_Fantacalcio_Stagione_2018_19.xlsx
,5524,Serpe,Genoa,D,D,1.0,5.5,5.5,0.0,0.0,0.0,0.0,0.0,0.0,0.0,0.0,True,storico,Statistiche_Fantacalcio_Stagione_2021_22.xlsx
,7240,Siebert,Lecce,D,D,19.0,5.68,5.76,1.0,0.0,0.0,0.0,0.0,3.0,0.0,0.0,True,storico,Statistiche_Fantacalcio_2025_26.xlsx
,4302,Sierralta,Parma,D,D,5.0,5.5,4.9,0.0,0.0,0.0,0.0,0.0,2.0,0.0,1.0,True,storico,Statistiche_Fantacalcio_Stagione_2018_19.xlsx
,2660,Silva J,Roma,D,D,2.0,6.0,6.0,0.0,0.0,0.0,0.0,0.0,0.0,0.0,0.0,True,storico,Statistiche_Fantacalcio_Stagione_2017_18.xlsx
,492,Silve tre,Sampdoria,D,D,25.0,5.54,5.4,0.0,0.0,0.0,0.0,0.0,7.0,0.0,0.0,True,storico,Statistiche_Fantacalcio_Stagione_2015_16.xlsx
,6521,Simic J.,Milan,D,D,3.0,6.17,7.17,1.0,0.0,0.0,0.0,0.0,0.0,0.0,0.0,True,storico,Statistiche_Fantacalcio_Stagione_2023_24.xlsx
,2129,Simic L,Sampdoria,D,D,0.0,0.0,0.0,0.0,0.0,0.0,0.0,0.0,0.0,0.0,0.0,True,storico,Statistiche_Fantacalcio_Stagione_2016_17.xlsx
,362,Simic S,Milan,D,D,0.0,0.0,0.0,0.0,0.0,0.0,0.0,0.0,0.0,0.0,0.0,True,storico,Statistiche_Fantacalcio_Stagione_2015_16.xlsx
,4899,Singo,Torino,D,D,3.0,6.33,7.33,1.0,0.0,0.0,0.0,0.0,0.0,0.0,0.0,True,storico,Statistiche_Fantacalcio_Stagione_2019_20.xlsx
,798,Skriniar,Sampdoria,D,D,2.0,5.5,5.0,0.0,0.0,0.0,0.0,0.0,1.0,0.0,0.0,True,storico,Statistiche_Fantacalcio_Stagione_2015_16.xlsx
,4516,Skrtel,Atalanta,D,D,0.0,0.0,0.0,0.0,0.0,0.0,0.0,0.0,0.0,0.0,0.0,True,storico,Statistiche_Fantacalcio_Stagione_2019_20.xlsx
,7011,Slot ager,Verona,D,D,0.0,0.0,0.0,0.0,0.0,0.0,0.0,0.0,0.0,0.0,0.0,True,storico,Statistiche_Fantacalcio_Stagione_2024_25.xlsx
,6223,Smajlovic,Lecce,D,D,0.0,0.0,0.0,0.0,0.0,0.0,0.0,0.0,0.0,0.0,0.0,True,storico,Statistiche_Fantacalcio_Stagione_2023_24.xlsx
,4245,Smalling,Roma,D,D,30.0,6.05,6.35,3.0,0.0,0.0,0.0,0.0,2.0,0.0,0.0,True,storico,Statistiche_Fantacalcio_Stagione_2019_20.xlsx
,7014,Smolcic I.,Como,D,D,8.0,5.81,5.75,0.0,0.0,0.0,0.0,0.0,2.0,0.0,0.0,True,storico,Statistiche_Fantacalcio_Stagione_2024_25.xlsx
,6043,So a,Bologna,D,D,9.0,5.39,5.28,0.0,0.0,0.0,0.0,0.0,2.0,0.0,0.0,True,storico,Statistiche_Fantacalcio_Stagione_2022_23.xlsx
,6820,So a B.,Torino,D,D,18.0,5.72,5.72,0.0,0.0,0.0,0.0,0.0,0.0,0.0,0.0,True,storico,Statistiche_Fantacalcio_Stagione_2024_25.xlsx
,6956,Solet,Udine e,D,D,19.0,6.16,6.29,1.0,0.0,0.0,0.0,0.0,1.0,0.0,0.0,True,storico,Statistiche_Fantacalcio_Stagione_2024_25.xlsx
,5686,Soppy,Udine e,D,D,19.0,5.92,5.82,0.0,0.0,0.0,0.0,0.0,4.0,0.0,0.0,True,storico,Statistiche_Fantacalcio_Stagione_2021_22.xlsx
,4891,Soumaoro,Genoa,D,D,8.0,5.88,6.12,1.0,0.0,0.0,0.0,0.0,2.0,0.0,0.0,True,storico,Statistiche_Fantacalcio_Stagione_2019_20.xlsx
,622,Souprayen,Verona,D,D,20.0,5.75,5.58,0.0,0.0,0.0,0.0,0.0,5.0,0.0,0.0,True,storico,Statistiche_Fantacalcio_Stagione_2015_16.xlsx
,5982,Spence,Genoa,D,D,15.0,6.0,5.97,0.0,0.0,0.0,0.0,0.0,1.0,0.0,0.0,True,storico,Statistiche_Fantacalcio_Stagione_2023_24.xlsx
,78,Spolli,Chievo,D,D,14.0,5.79,5.54,0.0,0.0,0.0,0.0,0.0,5.0,0.0,0.0,True,storico,Statistiche_Fantacalcio_Stagione_2015_16.xlsx
,2749,Srna,Cagliari,D,D,26.0,5.94,5.96,0.0,0.0,0.0,0.0,0.0,5.0,0.0,0.0,True,storico,Statistiche_Fantacalcio_Stagione_2018_19.xlsx
,17,Stendardo,Atalanta,D,D,13.0,5.96,6.04,1.0,0.0,0.0,0.0,0.0,3.0,0.0,0.0,True,storico,Statistiche_Fantacalcio_Stagione_2015_16.xlsx
,5450,Stojanovic,Empoli,D,D,33.0,5.83,5.79,1.0,0.0,0.0,0.0,0.0,9.0,0.0,0.0,True,storico,Statistiche_Fantacalcio_Stagione_2021_22.xlsx
,2514,Stone,Inter,D,D,0.0,0.0,0.0,0.0,0.0,0.0,0.0,0.0,0.0,0.0,0.0,True,corrente_pre_stagione,Statistiche_Fantacalcio_Stagione_2026_27.xlsx
,5466,Strandberg,Salernitana,D,D,11.0,5.68,5.41,0.0,0.0,0.0,0.0,0.0,0.0,0.0,1.0,True,storico,Statistiche_Fantacalcio_Stagione_2021_22.xlsx
,395,Strinic,Napoli,D,D,4.0,5.75,5.75,0.0,0.0,0.0,0.0,0.0,0.0,0.0,0.0,True,storico,Statistiche_Fantacalcio_Stagione_2015_16.xlsx
,424,Struna,Palermo,D,D,22.0,5.39,5.25,1.0,0.0,0.0,0.0,0.0,10.0,0.0,0.0,True,storico,Statistiche_Fantacalcio_Stagione_2015_16.xlsx
,2315,Stryger Lar en,Udine e,D,D,29.0,5.78,5.83,1.0,0.0,0.0,0.0,0.0,5.0,0.0,0.0,True,storico,Statistiche_Fantacalcio_Stagione_2017_18.xlsx
,18,Suagher,Carpi,D,D,8.0,6.06,5.62,0.0,0.0,0.0,0.0,0.0,8.0,0.0,0.0,True,storico,Statistiche_Fantacalcio_Stagione_2015_16.xlsx
,2118,Sunjic,Palermo,D,D,4.0,5.25,5.12,0.0,0.0,0.0,0.0,0.0,1.0,0.0,0.0,True,storico,Statistiche_Fantacalcio_Stagione_2016_17.xlsx
,4888,Sutalo,Atalanta,D,D,4.0,5.88,5.75,0.0,0.0,0.0,0.0,0.0,1.0,0.0,0.0,True,storico,Statistiche_Fantacalcio_Stagione_2019_20.xlsx
,6673,Sverko,Venezia,D,D,14.0,5.75,5.86,1.0,0.0,0.0,0.0,0.0,3.0,0.0,0.0,True,storico,Statistiche_Fantacalcio_Stagione_2024_25.xlsx
,5484,Svoboda,Venezia,D,D,18.0,5.53,5.42,0.0,0.0,0.0,0.0,0.0,2.0,0.0,0.0,True,storico,Statistiche_Fantacalcio_Stagione_2021_22.xlsx
,5465,Sy,Salernitana,D,D,0.0,0.0,0.0,0.0,0.0,0.0,0.0,0.0,0.0,0.0,0.0,True,storico,Statistiche_Fantacalcio_Stagione_2021_22.xlsx
,6237,Szymin ki,Fro inone,D,D,0.0,0.0,0.0,0.0,0.0,0.0,0.0,0.0,0.0,0.0,0.0,True,storico,Statistiche_Fantacalcio_Stagione_2023_24.xlsx
,5168,T imika,Roma,D,D,13.0,5.73,5.69,0.0,0.0,0.0,0.0,0.0,1.0,0.0,0.0,True,storico,Statistiche_Fantacalcio_2025_26.xlsx
,231,Tambe,Genoa,D,D,0.0,0.0,0.0,0.0,0.0,0.0,0.0,0.0,0.0,0.0,0.0,True,storico,Statistiche_Fantacalcio_Stagione_2015_16.xlsx
,2663,Tana ijevic,Chievo,D,D,0.0,0.0,0.0,0.0,0.0,0.0,0.0,0.0,0.0,0.0,0.0,True,storico,Statistiche_Fantacalcio_Stagione_2017_18.xlsx
,5620,Tavare  N.,Lazio,D,D,23.0,6.28,6.5,0.0,0.0,0.0,0.0,0.0,2.0,0.0,0.0,True,storico,Statistiche_Fantacalcio_Stagione_2024_25.xlsx
,7336,Tchoca,Torino,D,D,0.0,0.0,0.0,0.0,0.0,0.0,0.0,0.0,0.0,0.0,0.0,True,storico,Statistiche_Fantacalcio_2025_26.xlsx
,716,Telle,Inter,D,D,20.0,5.8,5.68,0.0,0.0,0.0,0.0,0.0,5.0,0.0,0.0,True,storico,Statistiche_Fantacalcio_Stagione_2015_16.xlsx
,2795,Ter Ave t,Udine e,D,D,13.0,5.92,6.0,0.0,0.0,0.0,0.0,0.0,0.0,0.0,0.0,True,storico,Statistiche_Fantacalcio_Stagione_2018_19.xlsx
,522,Terranova,Sa uolo,D,D,5.0,5.8,5.7,0.0,0.0,0.0,0.0,0.0,1.0,0.0,0.0,True,storico,Statistiche_Fantacalcio_Stagione_2015_16.xlsx
,425,Terzi,Palermo,D,D,0.0,0.0,0.0,0.0,0.0,0.0,0.0,0.0,0.0,0.0,0.0,True,storico,Statistiche_Fantacalcio_Stagione_2015_16.xlsx
,4375,Terzic,Fiorentina,D,D,0.0,0.0,0.0,0.0,0.0,0.0,0.0,0.0,0.0,0.0,0.0,True,storico,Statistiche_Fantacalcio_Stagione_2019_20.xlsx
,5675,Theate,Bologna,D,D,30.0,5.92,6.05,2.0,0.0,0.0,0.0,0.0,6.0,0.0,0.0,True,storico,Statistiche_Fantacalcio_Stagione_2021_22.xlsx
,6055,Thiaw,Milan,D,D,19.0,5.92,5.79,0.0,0.0,0.0,0.0,0.0,5.0,0.0,0.0,True,storico,Statistiche_Fantacalcio_Stagione_2022_23.xlsx
,6989,Tiago Gabriel,Lecce,D,D,2.0,6.25,6.25,0.0,0.0,0.0,0.0,0.0,0.0,0.0,0.0,True,storico,Statistiche_Fantacalcio_Stagione_2024_25.xlsx
,2662,To ca,Benevento,D,D,13.0,5.62,5.58,0.0,0.0,0.0,0.0,0.0,1.0,0.0,0.0,True,storico,Statistiche_Fantacalcio_Stagione_2017_18.xlsx
,4426,Toljan,Sa uolo,D,D,28.0,5.91,5.95,1.0,0.0,0.0,0.0,0.0,8.0,0.0,0.0,True,storico,Statistiche_Fantacalcio_Stagione_2019_20.xlsx
,695,Toloi,Atalanta,D,D,24.0,5.83,5.71,1.0,0.0,0.0,0.0,0.0,6.0,0.0,1.0,True,storico,Statistiche_Fantacalcio_Stagione_2015_16.xlsx
,2313,Tomic,Sampdoria,D,D,0.0,0.0,0.0,0.0,0.0,0.0,0.0,0.0,0.0,0.0,0.0,True,storico,Statistiche_Fantacalcio_Stagione_2017_18.xlsx
,4422,Tomiya u,Bologna,D,D,29.0,5.83,5.9,1.0,0.0,0.0,0.0,0.0,8.0,0.0,0.0,True,storico,Statistiche_Fantacalcio_Stagione_2019_20.xlsx
,4751,Tomori,Milan,D,D,17.0,6.26,6.44,1.0,0.0,0.0,0.0,0.0,0.0,0.0,0.0,True,storico,Statistiche_Fantacalcio_Stagione_2020_21.xlsx
,169,Tomovic,Fiorentina,D,D,20.0,5.68,5.55,0.0,0.0,0.0,0.0,0.0,5.0,0.0,0.0,True,storico,Statistiche_Fantacalcio_Stagione_2015_16.xlsx
,144,Tonelli,Empoli,D,D,26.0,5.85,5.88,2.0,0.0,0.0,0.0,0.0,8.0,0.0,0.0,True,storico,Statistiche_Fantacalcio_Stagione_2015_16.xlsx
,461,Toro idi,Roma,D,D,8.0,5.44,5.38,0.0,0.0,0.0,0.0,0.0,2.0,0.0,0.0,True,storico,Statistiche_Fantacalcio_Stagione_2015_16.xlsx
,6465,Touba,Lecce,D,D,6.0,5.42,5.33,0.0,0.0,0.0,0.0,0.0,1.0,0.0,0.0,True,storico,Statistiche_Fantacalcio_Stagione_2023_24.xlsx
,5900,Toure' I. .,Udine e,D,D,11.0,5.59,5.41,1.0,0.0,0.0,0.0,0.0,2.0,0.0,1.0,True,storico,Statistiche_Fantacalcio_Stagione_2024_25.xlsx
,4406,Tripaldelli,Sa uolo,D,D,2.0,5.5,5.5,0.0,0.0,0.0,0.0,0.0,0.0,0.0,0.0,True,storico,Statistiche_Fantacalcio_Stagione_2019_20.xlsx
,7235,Troilo,Parma,D,D,21.0,5.79,5.71,1.0,0.0,0.0,0.0,0.0,5.0,0.0,0.0,True,storico,Statistiche_Fantacalcio_2025_26.xlsx
,2870,Troo t-Ekong,Udine e,D,D,35.0,5.79,5.73,0.0,0.0,0.0,0.0,0.0,4.0,0.0,0.0,True,storico,Statistiche_Fantacalcio_Stagione_2018_19.xlsx
,4775,Tuanzebe,Napoli,D,D,0.0,0.0,0.0,0.0,0.0,0.0,0.0,0.0,0.0,0.0,0.0,True,storico,Statistiche_Fantacalcio_Stagione_2021_22.xlsx
,4960,Tuia,Benevento,D,D,26.0,5.6,5.6,1.0,0.0,0.0,0.0,0.0,6.0,0.0,0.0,True,storico,Statistiche_Fantacalcio_Stagione_2020_21.xlsx
,5355,Udogie,Verona,D,D,5.0,6.0,5.9,0.0,0.0,0.0,0.0,0.0,1.0,0.0,0.0,True,storico,Statistiche_Fantacalcio_Stagione_2020_21.xlsx
,5773,Ullmann,Venezia,D,D,4.0,5.5,5.5,0.0,0.0,0.0,0.0,0.0,0.0,0.0,0.0,True,storico,Statistiche_Fantacalcio_Stagione_2021_22.xlsx
,2583,Umtiti,Lecce,D,D,24.0,5.98,5.81,0.0,0.0,0.0,0.0,0.0,8.0,0.0,0.0,True,storico,Statistiche_Fantacalcio_Stagione_2022_23.xlsx
,6894,Unai Nunez,Verona,D,D,17.0,5.85,5.59,0.0,0.0,0.0,0.0,0.0,5.0,0.0,1.0,True,storico,Statistiche_Fantacalcio_2025_26.xlsx
,2817,Unter ee,Empoli,D,D,3.0,5.5,5.5,0.0,0.0,0.0,0.0,0.0,0.0,0.0,0.0,True,storico,Statistiche_Fantacalcio_Stagione_2018_19.xlsx
,5514,Va quez,Genoa,D,D,28.0,5.89,5.88,1.0,0.0,0.0,0.0,0.0,7.0,0.0,0.0,True,storico,Statistiche_Fantacalcio_Stagione_2021_22.xlsx
,4972,Vagiannidi,Inter,D,D,0.0,0.0,0.0,0.0,0.0,0.0,0.0,0.0,0.0,0.0,0.0,True,storico,Statistiche_Fantacalcio_Stagione_2020_21.xlsx
,2212,Vai anen,SPAL,D,D,7.0,5.57,5.5,0.0,0.0,0.0,0.0,0.0,1.0,0.0,0.0,True,storico,Statistiche_Fantacalcio_Stagione_2017_18.xlsx
,7294,Valdepena,Fiorentina,D,D,0.0,0.0,0.0,0.0,0.0,0.0,0.0,0.0,0.0,0.0,0.0,True,corrente_pre_stagione,Statistiche_Fantacalcio_Stagione_2026_27.xlsx
,5307,Valenti,Parma,D,D,9.0,5.44,5.44,0.0,0.0,0.0,0.0,0.0,0.0,0.0,0.0,True,storico,Statistiche_Fantacalcio_Stagione_2020_21.xlsx
,6957,Valentini N.,Verona,D,D,14.0,5.61,5.43,0.0,0.0,0.0,0.0,0.0,3.0,0.0,0.0,True,storico,Statistiche_Fantacalcio_Stagione_2024_25.xlsx
,5862,Valeri,Cremone e,D,D,37.0,6.08,6.31,2.0,0.0,0.0,0.0,0.0,3.0,0.0,0.0,True,storico,Statistiche_Fantacalcio_Stagione_2022_23.xlsx
,2829,Valjent,Chievo,D,D,0.0,0.0,0.0,0.0,0.0,0.0,0.0,0.0,0.0,0.0,0.0,True,storico,Statistiche_Fantacalcio_Stagione_2018_19.xlsx
,6867,Valle,Como,D,D,13.0,5.81,5.73,0.0,0.0,0.0,0.0,0.0,2.0,0.0,0.0,True,storico,Statistiche_Fantacalcio_Stagione_2024_25.xlsx
,6896,Van Der Brempt,Como,D,D,18.0,5.94,5.92,0.0,0.0,0.0,0.0,0.0,3.0,0.0,0.0,True,storico,Statistiche_Fantacalcio_Stagione_2024_25.xlsx
,2319,Van Der Wiel,Cagliari,D,D,4.0,5.5,5.5,0.0,0.0,0.0,0.0,0.0,0.0,0.0,0.0,True,storico,Statistiche_Fantacalcio_Stagione_2017_18.xlsx
,1938,Vangioni,Milan,D,D,12.0,5.79,5.62,0.0,0.0,0.0,0.0,0.0,4.0,0.0,0.0,True,storico,Statistiche_Fantacalcio_Stagione_2016_17.xlsx
,2328,Vanheu den,Inter,D,D,0.0,0.0,0.0,0.0,0.0,0.0,0.0,0.0,0.0,0.0,0.0,True,storico,Statistiche_Fantacalcio_Stagione_2017_18.xlsx
,2602,Varane,Como,D,D,0.0,0.0,0.0,0.0,0.0,0.0,0.0,0.0,0.0,0.0,0.0,True,storico,Statistiche_Fantacalcio_Stagione_2024_25.xlsx
,2740,Varnier,Atalanta,D,D,0.0,0.0,0.0,0.0,0.0,0.0,0.0,0.0,0.0,0.0,0.0,True,storico,Statistiche_Fantacalcio_Stagione_2018_19.xlsx
,4397,Vavro,Lazio,D,D,9.0,5.78,5.78,0.0,0.0,0.0,0.0,0.0,0.0,0.0,0.0,True,storico,Statistiche_Fantacalcio_Stagione_2019_20.xlsx
,2064,Ve eli,Empoli,D,D,17.0,5.56,5.59,0.0,0.0,0.0,0.0,0.0,3.0,0.0,0.0,True,storico,Statistiche_Fantacalcio_Stagione_2016_17.xlsx
,553,Ve ovic,Torino,D,D,0.0,0.0,0.0,0.0,0.0,0.0,0.0,0.0,0.0,0.0,0.0,True,storico,Statistiche_Fantacalcio_Stagione_2015_16.xlsx
,6990,Veiga D.,Lecce,D,D,11.0,5.73,5.73,0.0,0.0,0.0,0.0,0.0,0.0,0.0,0.0,True,storico,Statistiche_Fantacalcio_Stagione_2024_25.xlsx
,426,Velazquez Ja,Palermo,D,D,0.0,0.0,0.0,0.0,0.0,0.0,0.0,0.0,0.0,0.0,0.0,True,storico,Statistiche_Fantacalcio_Stagione_2015_16.xlsx
,2174,Venuti,Benevento,D,D,30.0,5.35,5.25,0.0,0.0,0.0,0.0,0.0,4.0,0.0,1.0,True,storico,Statistiche_Fantacalcio_Stagione_2017_18.xlsx
,4399,Vera,Lecce,D,D,5.0,5.8,6.0,0.0,0.0,0.0,0.0,0.0,0.0,0.0,0.0,True,storico,Statistiche_Fantacalcio_Stagione_2019_20.xlsx
,363,Vergara,Cagliari,D,D,0.0,0.0,0.0,0.0,0.0,0.0,0.0,0.0,0.0,0.0,0.0,True,storico,Statistiche_Fantacalcio_Stagione_2018_19.xlsx
,2055,Vermaelen,Roma,D,D,6.0,5.5,5.42,0.0,0.0,0.0,0.0,0.0,1.0,0.0,0.0,True,storico,Statistiche_Fantacalcio_Stagione_2016_17.xlsx
,6636,Veroli,Cagliari,D,D,0.0,0.0,0.0,0.0,0.0,0.0,0.0,0.0,0.0,0.0,0.0,True,storico,Statistiche_Fantacalcio_Stagione_2024_25.xlsx
,2261,Vicari,SPAL,D,D,34.0,5.79,5.53,0.0,0.0,0.0,0.0,0.0,10.0,0.0,2.0,True,storico,Statistiche_Fantacalcio_Stagione_2017_18.xlsx
,263,Vidic,Inter,D,D,0.0,0.0,0.0,0.0,0.0,0.0,0.0,0.0,0.0,0.0,0.0,True,storico,Statistiche_Fantacalcio_Stagione_2015_16.xlsx
,7410,Viery,Fiorentina,D,D,0.0,0.0,0.0,0.0,0.0,0.0,0.0,0.0,0.0,0.0,0.0,True,corrente_pre_stagione,Statistiche_Fantacalcio_Stagione_2026_27.xlsx
,4985,Vignali,Spezia,D,D,21.0,5.57,5.43,0.0,0.0,0.0,0.0,0.0,4.0,0.0,0.0,True,storico,Statistiche_Fantacalcio_Stagione_2020_21.xlsx
,5509,Vina,Roma,D,D,23.0,5.74,5.74,0.0,0.0,0.0,0.0,0.0,2.0,0.0,0.0,True,storico,Statistiche_Fantacalcio_Stagione_2021_22.xlsx
,4802,Vinagre,Verona,D,D,7.0,5.79,5.79,0.0,0.0,0.0,0.0,0.0,0.0,0.0,0.0,True,storico,Statistiche_Fantacalcio_Stagione_2023_24.xlsx
,4496,Vitale L,Verona,D,D,1.0,6.0,6.0,0.0,0.0,0.0,0.0,0.0,0.0,0.0,0.0,True,storico,Statistiche_Fantacalcio_Stagione_2019_20.xlsx
,5718,Viti,Empoli,D,D,19.0,5.82,5.63,0.0,0.0,0.0,0.0,0.0,1.0,0.0,1.0,True,storico,Statistiche_Fantacalcio_Stagione_2021_22.xlsx
,427,Vitiello,Palermo,D,D,8.0,5.44,4.88,0.0,0.0,0.0,0.0,0.0,3.0,0.0,1.0,True,storico,Statistiche_Fantacalcio_Stagione_2015_16.xlsx
,7068,Vitik,Bologna,D,D,18.0,5.94,5.86,0.0,0.0,0.0,0.0,0.0,3.0,0.0,0.0,True,storico,Statistiche_Fantacalcio_2025_26.xlsx
,2165,Vitor Hugo,Fiorentina,D,D,18.0,5.94,6.0,1.0,0.0,0.0,0.0,0.0,4.0,0.0,0.0,True,storico,Statistiche_Fantacalcio_Stagione_2017_18.xlsx
,1951,Vitturini,Pe cara,D,D,3.0,5.83,5.83,0.0,0.0,0.0,0.0,0.0,0.0,0.0,0.0,True,storico,Statistiche_Fantacalcio_Stagione_2016_17.xlsx
,6245,Vogliacco,Genoa,D,D,15.0,6.03,5.97,0.0,0.0,0.0,0.0,0.0,4.0,0.0,0.0,True,storico,Statistiche_Fantacalcio_Stagione_2023_24.xlsx
,4994,Vojvoda,Torino,D,D,19.0,5.71,6.03,2.0,0.0,0.0,0.0,0.0,4.0,0.0,0.0,True,storico,Statistiche_Fantacalcio_Stagione_2020_21.xlsx
,4961,Volta,Benevento,D,D,0.0,0.0,0.0,0.0,0.0,0.0,0.0,0.0,0.0,0.0,0.0,True,storico,Statistiche_Fantacalcio_Stagione_2020_21.xlsx
,523,Vr aljko,Sa uolo,D,D,35.0,6.1,6.07,0.0,0.0,0.0,0.0,0.0,8.0,0.0,0.0,True,storico,Statistiche_Fantacalcio_Stagione_2015_16.xlsx
,2656,Vukovic,Verona,D,D,15.0,5.63,5.87,1.0,0.0,0.0,0.0,0.0,1.0,0.0,0.0,True,storico,Statistiche_Fantacalcio_Stagione_2017_18.xlsx
,587,Wague,Udine e,D,D,21.0,5.6,5.43,0.0,0.0,0.0,0.0,0.0,5.0,0.0,0.0,True,storico,Statistiche_Fantacalcio_Stagione_2015_16.xlsx
,2515,Walker,Milan,D,D,10.0,5.95,5.9,0.0,0.0,0.0,0.0,0.0,1.0,0.0,0.0,True,storico,Statistiche_Fantacalcio_Stagione_2024_25.xlsx
,2007,Wallace,Lazio,D,D,21.0,5.83,5.81,1.0,0.0,0.0,0.0,0.0,3.0,0.0,1.0,True,storico,Statistiche_Fantacalcio_Stagione_2016_17.xlsx
,79,Wallace O,Carpi,D,D,5.0,5.7,5.6,0.0,0.0,0.0,0.0,0.0,1.0,0.0,0.0,True,storico,Statistiche_Fantacalcio_Stagione_2015_16.xlsx
,4374,Walukiewicz,Cagliari,D,D,14.0,5.64,5.61,0.0,0.0,0.0,0.0,0.0,1.0,0.0,0.0,True,storico,Statistiche_Fantacalcio_Stagione_2019_20.xlsx
,7181,We ley,Roma,D,D,30.0,6.12,6.47,5.0,0.0,0.0,0.0,0.0,5.0,0.0,0.0,True,storico,Statistiche_Fantacalcio_2025_26.xlsx
,6153,Wi niew ki,Spezia,D,D,11.0,5.73,5.5,1.0,0.0,0.0,0.0,0.0,3.0,0.0,2.0,True,storico,Statistiche_Fantacalcio_Stagione_2022_23.xlsx
,588,Widmer,Udine e,D,D,25.0,6.08,6.08,0.0,0.0,0.0,0.0,0.0,4.0,0.0,0.0,True,storico,Statistiche_Fantacalcio_Stagione_2015_16.xlsx
,6464,Wiete ka,Cagliari,D,D,15.0,5.57,5.5,0.0,0.0,0.0,0.0,0.0,2.0,0.0,0.0,True,storico,Statistiche_Fantacalcio_Stagione_2023_24.xlsx
,4339,Wilmot,Udine e,D,D,3.0,5.17,5.17,0.0,0.0,0.0,0.0,0.0,1.0,0.0,0.0,True,storico,Statistiche_Fantacalcio_Stagione_2018_19.xlsx
,623,Winck,Verona,D,D,0.0,0.0,0.0,0.0,0.0,0.0,0.0,0.0,0.0,0.0,0.0,True,storico,Statistiche_Fantacalcio_Stagione_2015_16.xlsx
,462,Yanga Mbiwa,Roma,D,D,0.0,0.0,0.0,0.0,0.0,0.0,0.0,0.0,0.0,0.0,0.0,True,storico,Statistiche_Fantacalcio_Stagione_2015_16.xlsx
,1928,Yao,Inter,D,D,0.0,0.0,0.0,0.0,0.0,0.0,0.0,0.0,0.0,0.0,0.0,True,storico,Statistiche_Fantacalcio_Stagione_2016_17.xlsx
,4895,Yo hida,Sampdoria,D,D,14.0,5.89,5.93,0.0,0.0,0.0,0.0,0.0,1.0,0.0,0.0,True,storico,Statistiche_Fantacalcio_Stagione_2019_20.xlsx
,2707,Young,Inter,D,D,17.0,6.12,7.03,4.0,0.0,0.0,0.0,0.0,1.0,0.0,0.0,True,storico,Statistiche_Fantacalcio_Stagione_2019_20.xlsx
,364,Zaccardo,Carpi,D,D,27.0,5.89,5.93,1.0,0.0,0.0,0.0,0.0,4.0,0.0,0.0,True,storico,Statistiche_Fantacalcio_Stagione_2015_16.xlsx
,5385,Zagariti,Parma,D,D,2.0,6.0,6.0,0.0,0.0,0.0,0.0,0.0,0.0,0.0,0.0,True,storico,Statistiche_Fantacalcio_Stagione_2020_21.xlsx
,653,Zambelli,Empoli,D,D,16.0,5.59,5.5,0.0,0.0,0.0,0.0,0.0,3.0,0.0,0.0,True,storico,Statistiche_Fantacalcio_Stagione_2015_16.xlsx
,1952,Zampano,Pe cara,D,D,34.0,5.81,5.93,0.0,0.0,0.0,0.0,0.0,2.0,0.0,0.0,True,storico,Statistiche_Fantacalcio_Stagione_2016_17.xlsx
,1900,Zampano G,Crotone,D,D,0.0,0.0,0.0,0.0,0.0,0.0,0.0,0.0,0.0,0.0,0.0,True,storico,Statistiche_Fantacalcio_Stagione_2016_17.xlsx
,5527,Zanoli,Napoli,D,D,6.0,5.92,5.75,0.0,0.0,0.0,0.0,0.0,2.0,0.0,0.0,True,storico,Statistiche_Fantacalcio_Stagione_2021_22.xlsx
,200,Zanon,Fro inone,D,D,0.0,0.0,0.0,0.0,0.0,0.0,0.0,0.0,0.0,0.0,0.0,True,storico,Statistiche_Fantacalcio_Stagione_2015_16.xlsx
,5740,Zanotti,Inter,D,D,1.0,6.0,6.0,0.0,0.0,0.0,0.0,0.0,0.0,0.0,0.0,True,storico,Statistiche_Fantacalcio_Stagione_2022_23.xlsx
,365,Zapata C.,Milan,D,D,16.0,5.69,5.75,1.0,0.0,0.0,0.0,0.0,4.0,0.0,0.0,True,storico,Statistiche_Fantacalcio_Stagione_2015_16.xlsx
,4461,Zappa,Cagliari,D,D,31.0,5.85,5.94,0.0,0.0,0.0,0.0,0.0,3.0,0.0,0.0,True,storico,Statistiche_Fantacalcio_Stagione_2020_21.xlsx
,554,Zappaco ta,Torino,D,D,23.0,5.91,6.02,1.0,0.0,0.0,0.0,0.0,3.0,0.0,0.0,True,storico,Statistiche_Fantacalcio_Stagione_2015_16.xlsx
,7335,Zatter trom,Genoa,D,D,2.0,6.0,6.0,0.0,0.0,0.0,0.0,0.0,0.0,0.0,0.0,True,storico,Statistiche_Fantacalcio_2025_26.xlsx
,6139,Zeefuik,Verona,D,D,0.0,0.0,0.0,0.0,0.0,0.0,0.0,0.0,0.0,0.0,0.0,True,storico,Statistiche_Fantacalcio_Stagione_2022_23.xlsx
,4323,Zeegelaar,Udine e,D,D,12.0,5.46,5.17,0.0,0.0,0.0,0.0,0.0,5.0,0.0,0.0,True,storico,Statistiche_Fantacalcio_Stagione_2018_19.xlsx
,6211,Zemura,Udine e,D,D,21.0,5.86,5.98,1.0,0.0,0.0,0.0,0.0,1.0,0.0,0.0,True,storico,Statistiche_Fantacalcio_Stagione_2023_24.xlsx
,5691,Zima,Torino,D,D,18.0,5.89,5.81,0.0,0.0,0.0,0.0,0.0,3.0,0.0,0.0,True,storico,Statistiche_Fantacalcio_Stagione_2021_22.xlsx
,7260,Ziolkow ki,Roma,D,D,9.0,5.94,5.78,0.0,0.0,0.0,0.0,0.0,3.0,0.0,0.0,True,storico,Statistiche_Fantacalcio_2025_26.xlsx
,4433,Zortea,Salernitana,D,D,23.0,5.78,5.96,1.0,0.0,0.0,0.0,0.0,3.0,0.0,0.0,True,storico,Statistiche_Fantacalcio_Stagione_2021_22.xlsx
,493,Zukanovic,Roma,D,D,23.0,5.59,5.74,3.0,0.0,0.0,0.0,0.0,7.0,0.0,1.0,True,storico,Statistiche_Fantacalcio_Stagione_2015_16.xlsx
,396,Zuniga,Bologna,D,D,9.0,5.83,5.94,0.0,0.0,0.0,0.0,0.0,0.0,0.0,0.0,True,storico,Statistiche_Fantacalcio_Stagione_2015_16.xlsx
,1953,Zuparic,Pe cara,D,D,5.0,5.2,5.1,0.0,0.0,0.0,0.0,0.0,1.0,0.0,0.0,True,storico,Statistiche_Fantacalcio_Stagione_2016_17.xlsx
,7274,Zè Pedro,Cagliari,D,D,22.0,5.77,5.68,0.0,0.0,0.0,0.0,0.0,6.0,0.0,0.0,True,storico,Statistiche_Fantacalcio_2025_26.xlsx
,349,Abbiati,Milan,P,P,1.0,6.5,6.5,0.0,0.0,0.0,0.0,0.0,0.0,0.0,0.0,True,storico,Statistiche_Fantacalcio_Stagione_2015_16.xlsx
,5502,Adamoni,Lazio,P,P,0.0,0.0,0.0,0.0,0.0,0.0,0.0,0.0,0.0,0.0,0.0,True,storico,Statistiche_Fantacalcio_Stagione_2021_22.xlsx
,351,Agazzi,Milan,P,P,0.0,0.0,0.0,0.0,0.0,0.0,0.0,0.0,0.0,0.0,0.0,True,storico,Statistiche_Fantacalcio_Stagione_2015_16.xlsx
,654,Ala tra,Palermo,P,P,2.0,6.25,3.25,0.0,0.0,0.0,0.0,0.0,0.0,0.0,0.0,True,storico,Statistiche_Fantacalcio_Stagione_2015_16.xlsx
,1945,Aldegani,Pe cara,P,P,0.0,0.0,0.0,0.0,0.0,0.0,0.0,0.0,0.0,0.0,0.0,True,storico,Statistiche_Fantacalcio_Stagione_2016_17.xlsx
,4440,Alfon o,Bre cia,P,P,3.0,5.83,4.5,0.0,0.0,0.0,0.0,0.0,0.0,0.0,0.0,True,storico,Statistiche_Fantacalcio_Stagione_2019_20.xlsx
,1964,Ali on,Roma,P,P,0.0,0.0,0.0,0.0,0.0,0.0,0.0,0.0,0.0,0.0,0.0,True,storico,Statistiche_Fantacalcio_Stagione_2016_17.xlsx
,5306,Alia,Lazio,P,P,0.0,0.0,0.0,0.0,0.0,0.0,0.0,0.0,0.0,0.0,0.0,True,storico,Statistiche_Fantacalcio_Stagione_2020_21.xlsx
,4441,Andrenacci,Bre cia,P,P,6.0,6.0,3.33,0.0,0.0,0.0,0.0,0.0,0.0,0.0,0.0,True,storico,Statistiche_Fantacalcio_Stagione_2019_20.xlsx
,384,Andujar,Napoli,P,P,0.0,0.0,0.0,0.0,0.0,0.0,0.0,0.0,0.0,0.0,0.0,True,storico,Statistiche_Fantacalcio_Stagione_2015_16.xlsx
,1946,Are ti,Pe cara,P,P,0.0,0.0,0.0,0.0,0.0,0.0,0.0,0.0,0.0,0.0,0.0,True,storico,Statistiche_Fantacalcio_Stagione_2016_17.xlsx
,761,Audero,Juventu,P,P,0.0,0.0,0.0,0.0,0.0,0.0,0.0,0.0,0.0,0.0,0.0,True,storico,Statistiche_Fantacalcio_Stagione_2015_16.xlsx
,4523,Avogadri,Sampdoria,P,P,0.0,0.0,0.0,0.0,0.0,0.0,0.0,0.0,0.0,0.0,0.0,True,storico,Statistiche_Fantacalcio_Stagione_2019_20.xlsx
,1,Ba i,Atalanta,P,P,1.0,6.5,3.5,0.0,0.0,0.0,0.0,0.0,0.0,0.0,0.0,True,storico,Statistiche_Fantacalcio_Stagione_2015_16.xlsx
,2875,Bagheria,Parma,P,P,0.0,0.0,0.0,0.0,0.0,0.0,0.0,0.0,0.0,0.0,0.0,True,storico,Statistiche_Fantacalcio_Stagione_2018_19.xlsx
,5822,Bagnolini,Bologna,P,P,0.0,0.0,0.0,0.0,0.0,0.0,0.0,0.0,0.0,0.0,0.0,True,storico,Statistiche_Fantacalcio_Stagione_2022_23.xlsx
,799,Bardi,Fro inone,P,P,2.0,6.75,6.5,0.0,0.0,1.0,0.0,0.0,1.0,0.0,0.0,True,storico,Statistiche_Fantacalcio_Stagione_2015_16.xlsx
,4878,Begovic,Milan,P,P,2.0,6.25,4.75,0.0,0.0,0.0,0.0,0.0,0.0,0.0,0.0,True,storico,Statistiche_Fantacalcio_Stagione_2019_20.xlsx
,720,Belec,Carpi,P,P,30.0,6.13,4.85,0.0,0.0,1.0,0.0,0.0,1.0,0.0,0.0,True,storico,Statistiche_Fantacalcio_Stagione_2015_16.xlsx
,68,Benu i,Carpi,P,P,4.0,5.75,5.0,0.0,0.0,0.0,0.0,0.0,0.0,0.0,0.0,True,storico,Statistiche_Fantacalcio_Stagione_2015_16.xlsx
,4491,Berardi A.,Verona,P,P,0.0,0.0,0.0,0.0,0.0,0.0,0.0,0.0,0.0,0.0,0.0,True,storico,Statistiche_Fantacalcio_Stagione_2019_20.xlsx
,316,Beri ha,Lazio,P,P,11.0,6.05,5.09,0.0,0.0,1.0,0.0,0.0,1.0,0.0,0.0,True,storico,Statistiche_Fantacalcio_Stagione_2015_16.xlsx
,248,Berni,Inter,P,P,0.0,0.0,0.0,0.0,0.0,0.0,0.0,0.0,0.0,0.0,0.0,True,storico,Statistiche_Fantacalcio_Stagione_2015_16.xlsx
,5521,Bertinato,Venezia,P,P,0.0,0.0,0.0,0.0,0.0,0.0,0.0,0.0,0.0,0.0,0.0,True,storico,Statistiche_Fantacalcio_Stagione_2021_22.xlsx
,7332,Bijlow,Genoa,P,P,16.0,6.06,4.78,0.0,0.0,0.0,0.0,0.0,1.0,0.0,0.0,True,storico,Statistiche_Fantacalcio_2025_26.xlsx
,95,Bizzarri,Chievo,P,P,35.0,6.19,5.1,0.0,0.0,2.0,0.0,0.0,2.0,0.0,0.0,True,storico,Statistiche_Fantacalcio_Stagione_2015_16.xlsx
,4468,Bleve,Lecce,P,P,0.0,0.0,0.0,0.0,0.0,0.0,0.0,0.0,0.0,0.0,0.0,True,storico,Statistiche_Fantacalcio_Stagione_2019_20.xlsx
,5304,Boer,Roma,P,P,0.0,0.0,0.0,0.0,0.0,0.0,0.0,0.0,0.0,0.0,0.0,True,storico,Statistiche_Fantacalcio_Stagione_2020_21.xlsx
,2331,Bor ellini,Udine e,P,P,0.0,0.0,0.0,0.0,0.0,0.0,0.0,0.0,0.0,0.0,0.0,True,storico,Statistiche_Fantacalcio_Stagione_2017_18.xlsx
,6406,Borbei,Lecce,P,P,0.0,0.0,0.0,0.0,0.0,0.0,0.0,0.0,0.0,0.0,0.0,True,storico,Statistiche_Fantacalcio_Stagione_2023_24.xlsx
,4410,Borghetto,Verona,P,P,0.0,0.0,0.0,0.0,0.0,0.0,0.0,0.0,0.0,0.0,0.0,True,storico,Statistiche_Fantacalcio_Stagione_2019_20.xlsx
,4351,Brancolini,Fiorentina,P,P,0.0,0.0,0.0,0.0,0.0,0.0,0.0,0.0,0.0,0.0,0.0,True,storico,Statistiche_Fantacalcio_Stagione_2018_19.xlsx
,4336,Brazao,Parma,P,P,0.0,0.0,0.0,0.0,0.0,0.0,0.0,0.0,0.0,0.0,0.0,True,storico,Statistiche_Fantacalcio_Stagione_2018_19.xlsx
,96,Bre an,Chievo,P,P,0.0,0.0,0.0,0.0,0.0,0.0,0.0,0.0,0.0,0.0,0.0,True,storico,Statistiche_Fantacalcio_Stagione_2015_16.xlsx
,4883,Breza,Bologna,P,P,0.0,0.0,0.0,0.0,0.0,0.0,0.0,0.0,0.0,0.0,0.0,True,storico,Statistiche_Fantacalcio_Stagione_2019_20.xlsx
,481,Brignoli,Sampdoria,P,P,1.0,6.0,1.0,0.0,0.0,0.0,0.0,0.0,0.0,0.0,0.0,True,storico,Statistiche_Fantacalcio_Stagione_2015_16.xlsx
,69,Brkic,Carpi,P,P,4.0,5.12,2.12,0.0,0.0,0.0,0.0,0.0,0.0,0.0,0.0,True,storico,Statistiche_Fantacalcio_Stagione_2015_16.xlsx
,282,Buffon,Juventu,P,P,35.0,6.21,5.8,0.0,0.0,1.0,0.0,0.0,1.0,0.0,0.0,True,storico,Statistiche_Fantacalcio_Stagione_2015_16.xlsx
,6966,Butez,Como,P,P,18.0,6.22,5.22,0.0,0.0,0.0,0.0,0.0,0.0,0.0,0.0,True,storico,Statistiche_Fantacalcio_Stagione_2024_25.xlsx
,539,Ca tellazzi,Torino,P,P,0.0,0.0,0.0,0.0,0.0,0.0,0.0,0.0,0.0,0.0,0.0,True,storico,Statistiche_Fantacalcio_Stagione_2015_16.xlsx
,7042,Calligari,Inter,P,P,0.0,0.0,0.0,0.0,0.0,0.0,0.0,0.0,0.0,0.0,0.0,True,storico,Statistiche_Fantacalcio_Stagione_2024_25.xlsx
,4360,Caprile,Empoli,P,P,23.0,6.26,5.22,0.0,0.0,1.0,0.0,0.0,0.0,0.0,0.0,True,storico,Statistiche_Fantacalcio_Stagione_2023_24.xlsx
,1861,Carboni W.,Cagliari,P,P,0.0,0.0,0.0,0.0,0.0,0.0,0.0,0.0,0.0,0.0,0.0,True,storico,Statistiche_Fantacalcio_Stagione_2016_17.xlsx
,4431,Carne ecchi,Atalanta,P,P,0.0,0.0,0.0,0.0,0.0,0.0,0.0,0.0,0.0,0.0,0.0,True,storico,Statistiche_Fantacalcio_Stagione_2020_21.xlsx
,249,Carrizo,Inter,P,P,2.0,6.0,4.0,0.0,0.0,0.0,0.0,0.0,0.0,0.0,0.0,True,storico,Statistiche_Fantacalcio_Stagione_2015_16.xlsx
,7261,Cavlina,Como,P,P,0.0,0.0,0.0,0.0,0.0,0.0,0.0,0.0,0.0,0.0,0.0,True,storico,Statistiche_Fantacalcio_2025_26.xlsx
,2294,Cerofolini,Fiorentina,P,P,0.0,0.0,0.0,0.0,0.0,0.0,0.0,0.0,0.0,0.0,0.0,True,storico,Statistiche_Fantacalcio_Stagione_2017_18.xlsx
,6661,Chichizola,Parma,P,P,1.0,5.0,2.0,0.0,0.0,0.0,0.0,0.0,0.0,0.0,0.0,True,storico,Statistiche_Fantacalcio_Stagione_2024_25.xlsx
,5890,Chie a M.,Verona,P,P,0.0,0.0,0.0,0.0,0.0,0.0,0.0,0.0,0.0,0.0,0.0,True,storico,Statistiche_Fantacalcio_Stagione_2022_23.xlsx
,6651,Chiorra,Empoli,P,P,0.0,0.0,0.0,0.0,0.0,0.0,0.0,0.0,0.0,0.0,0.0,True,storico,Statistiche_Fantacalcio_Stagione_2024_25.xlsx
,4889,Chironi,Lecce,P,P,0.0,0.0,0.0,0.0,0.0,0.0,0.0,0.0,0.0,0.0,0.0,True,storico,Statistiche_Fantacalcio_Stagione_2019_20.xlsx
,6403,Chri ten en O.,Fiorentina,P,P,4.0,5.5,3.25,0.0,0.0,0.0,0.0,0.0,0.0,0.0,0.0,True,storico,Statistiche_Fantacalcio_Stagione_2023_24.xlsx
,5887,Ciezkow ki,Cremone e,P,P,0.0,0.0,0.0,0.0,0.0,0.0,0.0,0.0,0.0,0.0,0.0,True,storico,Statistiche_Fantacalcio_Stagione_2022_23.xlsx
,4929,Ciocci,Cagliari,P,P,0.0,0.0,0.0,0.0,0.0,0.0,0.0,0.0,0.0,0.0,0.0,True,storico,Statistiche_Fantacalcio_Stagione_2019_20.xlsx
,2338,Co til,Salernitana,P,P,13.0,6.19,3.96,0.0,0.0,0.0,0.0,0.0,0.0,0.0,0.0,True,storico,Statistiche_Fantacalcio_Stagione_2023_24.xlsx
,2088,Cojocaru,Crotone,P,P,0.0,0.0,0.0,0.0,0.0,0.0,0.0,0.0,0.0,0.0,0.0,True,storico,Statistiche_Fantacalcio_Stagione_2016_17.xlsx
,412,Colombi,Carpi,P,P,2.0,6.25,5.25,0.0,0.0,0.0,0.0,0.0,0.0,0.0,0.0,True,storico,Statistiche_Fantacalcio_Stagione_2015_16.xlsx
,1862,Colombo R.,Cagliari,P,P,0.0,0.0,0.0,0.0,0.0,0.0,0.0,0.0,0.0,0.0,0.0,True,storico,Statistiche_Fantacalcio_Stagione_2016_17.xlsx
,509,Con igli,Sa uolo,P,P,37.0,6.15,5.16,0.0,0.0,2.0,0.0,0.0,3.0,0.0,1.0,True,storico,Statistiche_Fantacalcio_Stagione_2015_16.xlsx
,2295,Confente,Chievo,P,P,0.0,0.0,0.0,0.0,0.0,0.0,0.0,0.0,0.0,0.0,0.0,True,storico,Statistiche_Fantacalcio_Stagione_2017_18.xlsx
,2845,Contini,Napoli,P,P,0.0,0.0,0.0,0.0,0.0,0.0,0.0,0.0,0.0,0.0,0.0,True,storico,Statistiche_Fantacalcio_Stagione_2018_19.xlsx
,609,Coppola,Verona,P,P,1.0,6.0,3.0,0.0,0.0,0.0,0.0,0.0,0.0,0.0,1.0,True,storico,Statistiche_Fantacalcio_Stagione_2015_16.xlsx
,2092,Coppola D,Torino,P,P,0.0,0.0,0.0,0.0,0.0,0.0,0.0,0.0,0.0,0.0,0.0,True,storico,Statistiche_Fantacalcio_Stagione_2016_17.xlsx
,1889,Cordaz,Crotone,P,P,36.0,6.44,5.06,0.0,0.0,2.0,0.0,0.0,2.0,0.0,0.0,True,storico,Statistiche_Fantacalcio_Stagione_2016_17.xlsx
,6662,Corvi,Parma,P,P,0.0,0.0,0.0,0.0,0.0,0.0,0.0,0.0,0.0,0.0,0.0,True,storico,Statistiche_Fantacalcio_Stagione_2024_25.xlsx
,2276,Cotticelli,Benevento,P,P,0.0,0.0,0.0,0.0,0.0,0.0,0.0,0.0,0.0,0.0,0.0,True,storico,Statistiche_Fantacalcio_Stagione_2017_18.xlsx
,2178,Cragno,Cagliari,P,P,29.0,6.21,4.79,0.0,0.0,2.0,0.0,0.0,0.0,0.0,0.0,True,storico,Statistiche_Fantacalcio_Stagione_2017_18.xlsx
,5289,Cre pi,Crotone,P,P,1.0,6.5,6.5,0.0,0.0,0.0,0.0,0.0,0.0,0.0,0.0,True,storico,Statistiche_Fantacalcio_Stagione_2020_21.xlsx
,2156,Cro ta,Cagliari,P,P,1.0,7.0,9.0,0.0,0.0,1.0,0.0,0.0,0.0,0.0,0.0,True,storico,Statistiche_Fantacalcio_Stagione_2016_17.xlsx
,2096,Cucchietti,Torino,P,P,0.0,0.0,0.0,0.0,0.0,0.0,0.0,0.0,0.0,0.0,0.0,True,storico,Statistiche_Fantacalcio_Stagione_2016_17.xlsx
,40,Da Co ta,Bologna,P,P,5.0,5.9,5.0,0.0,0.0,0.0,0.0,0.0,1.0,0.0,0.0,True,storico,Statistiche_Fantacalcio_Stagione_2015_16.xlsx
,7411,Daffara,Parma,P,P,0.0,0.0,0.0,0.0,0.0,0.0,0.0,0.0,0.0,0.0,0.0,True,corrente_pre_stagione,Statistiche_Fantacalcio_Stagione_2026_27.xlsx
,2521,De Gea,Fiorentina,P,P,35.0,6.34,5.41,0.0,0.0,2.0,0.0,0.0,1.0,0.0,0.0,True,storico,Statistiche_Fantacalcio_Stagione_2024_25.xlsx
,7048,De Marzi,Roma,P,P,0.0,0.0,0.0,0.0,0.0,0.0,0.0,0.0,0.0,0.0,0.0,True,storico,Statistiche_Fantacalcio_Stagione_2024_25.xlsx
,450,De Sancti,Roma,P,P,4.0,6.38,5.38,0.0,0.0,1.0,0.0,0.0,0.0,0.0,0.0,True,storico,Statistiche_Fantacalcio_Stagione_2015_16.xlsx
,4980,De jardin,Spezia,P,P,0.0,0.0,0.0,0.0,0.0,0.0,0.0,0.0,0.0,0.0,0.0,True,storico,Statistiche_Fantacalcio_Stagione_2020_21.xlsx
,7463,De planche,Fro inone,P,P,0.0,0.0,0.0,0.0,0.0,0.0,0.0,0.0,0.0,0.0,0.0,True,corrente_pre_stagione,Statistiche_Fantacalcio_Stagione_2026_27.xlsx
,1926,Di Gennaro,Inter,P,P,1.0,6.5,6.5,0.0,0.0,0.0,0.0,0.0,0.0,0.0,0.0,True,storico,Statistiche_Fantacalcio_Stagione_2023_24.xlsx
,5876,Di Gregorio,Monza,P,P,37.0,6.28,4.99,0.0,0.0,0.0,0.0,0.0,0.0,0.0,0.0,True,storico,Statistiche_Fantacalcio_Stagione_2022_23.xlsx
,352,Diego Lopez,Milan,P,P,8.0,5.75,3.94,0.0,0.0,0.0,0.0,0.0,1.0,0.0,0.0,True,storico,Statistiche_Fantacalcio_Stagione_2015_16.xlsx
,2798,Dini,Parma,P,P,0.0,0.0,0.0,0.0,0.0,0.0,0.0,0.0,0.0,0.0,0.0,True,storico,Statistiche_Fantacalcio_Stagione_2018_19.xlsx
,216,Donnarumma An.,Genoa,P,P,0.0,0.0,0.0,0.0,0.0,0.0,0.0,0.0,0.0,0.0,0.0,True,storico,Statistiche_Fantacalcio_Stagione_2015_16.xlsx
,350,Donnarumma G.,Milan,P,P,29.0,6.34,5.29,0.0,0.0,0.0,0.0,0.0,3.0,0.0,0.0,True,storico,Statistiche_Fantacalcio_Stagione_2015_16.xlsx
,1917,Dragow ki,Fiorentina,P,P,1.0,6.0,4.0,0.0,0.0,0.0,0.0,0.0,0.0,0.0,0.0,True,storico,Statistiche_Fantacalcio_Stagione_2016_17.xlsx
,2134,Falcone,Sampdoria,P,P,0.0,0.0,0.0,0.0,0.0,0.0,0.0,0.0,0.0,0.0,0.0,True,storico,Statistiche_Fantacalcio_Stagione_2016_17.xlsx
,5345,Farelli,Roma,P,P,0.0,0.0,0.0,0.0,0.0,0.0,0.0,0.0,0.0,0.0,0.0,True,storico,Statistiche_Fantacalcio_Stagione_2020_21.xlsx
,1890,Fe ta,Crotone,P,P,2.0,7.0,4.75,0.0,0.0,0.0,0.0,0.0,1.0,0.0,0.0,True,storico,Statistiche_Fantacalcio_Stagione_2016_17.xlsx
,7285,Ferrante,Napoli,P,P,0.0,0.0,0.0,0.0,0.0,0.0,0.0,0.0,0.0,0.0,0.0,True,storico,Statistiche_Fantacalcio_2025_26.xlsx
,1947,Fiorillo,Pe cara,P,P,9.0,6.0,4.33,0.0,0.0,0.0,0.0,0.0,0.0,0.0,0.0,True,storico,Statistiche_Fantacalcio_Stagione_2016_17.xlsx
,2799,Frattali,Parma,P,P,1.0,6.5,4.5,0.0,0.0,0.0,0.0,0.0,0.0,0.0,0.0,True,storico,Statistiche_Fantacalcio_Stagione_2018_19.xlsx
,2401,Fruchtl,Lecce,P,P,0.0,0.0,0.0,0.0,0.0,0.0,0.0,0.0,0.0,0.0,0.0,True,storico,Statistiche_Fantacalcio_Stagione_2024_25.xlsx
,1941,Fulignati,Palermo,P,P,9.0,6.22,4.67,0.0,0.0,0.0,0.0,0.0,0.0,0.0,0.0,True,storico,Statistiche_Fantacalcio_Stagione_2016_17.xlsx
,5448,Furlan,Empoli,P,P,0.0,0.0,0.0,0.0,0.0,0.0,0.0,0.0,0.0,0.0,0.0,True,storico,Statistiche_Fantacalcio_Stagione_2021_22.xlsx
,6417,Furlanetto,Lazio,P,P,0.0,0.0,0.0,0.0,0.0,0.0,0.0,0.0,0.0,0.0,0.0,True,storico,Statistiche_Fantacalcio_Stagione_2024_25.xlsx
,2781,Fuzato,Roma,P,P,0.0,0.0,0.0,0.0,0.0,0.0,0.0,0.0,0.0,0.0,0.0,True,storico,Statistiche_Fantacalcio_Stagione_2018_19.xlsx
,5333,Ga parini,Udine e,P,P,0.0,0.0,0.0,0.0,0.0,0.0,0.0,0.0,0.0,0.0,0.0,True,storico,Statistiche_Fantacalcio_Stagione_2020_21.xlsx
,6509,Ga perini T.,Bologna,P,P,0.0,0.0,0.0,0.0,0.0,0.0,0.0,0.0,0.0,0.0,0.0,True,storico,Statistiche_Fantacalcio_Stagione_2023_24.xlsx
,385,Gabriel,Napoli,P,P,1.0,6.0,6.0,0.0,0.0,1.0,0.0,0.0,0.0,0.0,0.0,True,storico,Statistiche_Fantacalcio_Stagione_2015_16.xlsx
,4525,Gemello,Torino,P,P,0.0,0.0,0.0,0.0,0.0,0.0,0.0,0.0,0.0,0.0,0.0,True,storico,Statistiche_Fantacalcio_Stagione_2019_20.xlsx
,2874,Ghidotti,Fiorentina,P,P,0.0,0.0,0.0,0.0,0.0,0.0,0.0,0.0,0.0,0.0,0.0,True,storico,Statistiche_Fantacalcio_Stagione_2018_19.xlsx
,7383,Giacomone,Lazio,P,P,0.0,0.0,0.0,0.0,0.0,0.0,0.0,0.0,0.0,0.0,0.0,True,storico,Statistiche_Fantacalcio_2025_26.xlsx
,610,Gollini,Verona,P,P,26.0,6.21,4.48,0.0,0.0,0.0,0.0,0.0,2.0,0.0,0.0,True,storico,Statistiche_Fantacalcio_Stagione_2015_16.xlsx
,540,Gomi  A.,Bologna,P,P,0.0,0.0,0.0,0.0,0.0,0.0,0.0,0.0,0.0,0.0,0.0,True,storico,Statistiche_Fantacalcio_Stagione_2016_17.xlsx
,541,Gomi  L,Fro inone,P,P,0.0,0.0,0.0,0.0,0.0,0.0,0.0,0.0,0.0,0.0,0.0,True,storico,Statistiche_Fantacalcio_Stagione_2015_16.xlsx
,6255,Gori,Monza,P,P,0.0,0.0,0.0,0.0,0.0,0.0,0.0,0.0,0.0,0.0,0.0,True,storico,Statistiche_Fantacalcio_Stagione_2023_24.xlsx
,4955,Gori P.,Benevento,P,P,0.0,0.0,0.0,0.0,0.0,0.0,0.0,0.0,0.0,0.0,0.0,True,storico,Statistiche_Fantacalcio_Stagione_2020_21.xlsx
,6671,Grandi,Venezia,P,P,0.0,0.0,0.0,0.0,0.0,0.0,0.0,0.0,0.0,0.0,0.0,True,storico,Statistiche_Fantacalcio_Stagione_2024_25.xlsx
,5135,Guaita,Parma,P,P,0.0,0.0,0.0,0.0,0.0,0.0,0.0,0.0,0.0,0.0,0.0,True,storico,Statistiche_Fantacalcio_2025_26.xlsx
,317,Guerrieri,Lazio,P,P,0.0,0.0,0.0,0.0,0.0,0.0,0.0,0.0,0.0,0.0,0.0,True,storico,Statistiche_Fantacalcio_Stagione_2015_16.xlsx
,250,Handanovic,Inter,P,P,36.0,6.32,5.39,0.0,0.0,1.0,0.0,0.0,5.0,0.0,0.0,True,storico,Statistiche_Fantacalcio_Stagione_2015_16.xlsx
,7533,Happonen,Bologna,P,P,0.0,0.0,0.0,0.0,0.0,0.0,0.0,0.0,0.0,0.0,0.0,True,corrente_pre_stagione,Statistiche_Fantacalcio_Stagione_2026_27.xlsx
,2084,Hart,Torino,P,P,36.0,6.04,4.29,0.0,0.0,0.0,0.0,0.0,2.0,0.0,0.0,True,storico,Statistiche_Fantacalcio_Stagione_2016_17.xlsx
,7179,I rael,Torino,P,P,9.0,5.89,3.83,0.0,0.0,0.0,0.0,0.0,1.0,0.0,0.0,True,storico,Statistiche_Fantacalcio_2025_26.xlsx
,2862,Iacobucci,Fro inone,P,P,0.0,0.0,0.0,0.0,0.0,0.0,0.0,0.0,0.0,0.0,0.0,True,storico,Statistiche_Fantacalcio_Stagione_2018_19.xlsx
,542,Ichazo,Torino,P,P,3.0,5.5,3.83,0.0,0.0,0.0,0.0,0.0,0.0,0.0,0.0,True,storico,Statistiche_Fantacalcio_Stagione_2015_16.xlsx
,4325,Jandrei,Genoa,P,P,1.0,6.5,5.5,0.0,0.0,0.0,0.0,0.0,0.0,0.0,0.0,True,storico,Statistiche_Fantacalcio_Stagione_2018_19.xlsx
,4425,Joronen,Bre cia,P,P,29.0,6.29,4.34,0.0,0.0,1.0,0.0,0.0,1.0,0.0,0.0,True,storico,Statistiche_Fantacalcio_Stagione_2019_20.xlsx
,570,Karnezi,Udine e,P,P,38.0,6.13,4.63,0.0,0.0,1.0,0.0,0.0,0.0,0.0,0.0,True,storico,Statistiche_Fantacalcio_Stagione_2015_16.xlsx
,4981,Krapika,Spezia,P,P,0.0,0.0,0.0,0.0,0.0,0.0,0.0,0.0,0.0,0.0,0.0,True,storico,Statistiche_Fantacalcio_Stagione_2020_21.xlsx
,2387,Lafont,Fiorentina,P,P,34.0,6.01,4.84,0.0,0.0,1.0,0.0,0.0,2.0,0.0,1.0,True,storico,Statistiche_Fantacalcio_Stagione_2018_19.xlsx
,217,Lamanna,Genoa,P,P,13.0,6.27,4.73,0.0,0.0,0.0,0.0,0.0,0.0,0.0,1.0,True,storico,Statistiche_Fantacalcio_Stagione_2015_16.xlsx
,188,Leali,Fro inone,P,P,33.0,6.12,4.38,0.0,0.0,1.0,0.0,0.0,3.0,0.0,0.0,True,storico,Statistiche_Fantacalcio_Stagione_2015_16.xlsx
,4520,Letica,SPAL,P,P,10.0,5.7,3.05,0.0,0.0,1.0,0.0,0.0,1.0,0.0,0.0,True,storico,Statistiche_Fantacalcio_Stagione_2019_20.xlsx
,158,Lezzerini,Fiorentina,P,P,2.0,6.25,4.75,0.0,0.0,0.0,0.0,0.0,0.0,0.0,0.0,True,storico,Statistiche_Fantacalcio_Stagione_2015_16.xlsx
,818,Livieri,Milan,P,P,0.0,0.0,0.0,0.0,0.0,0.0,0.0,0.0,0.0,0.0,0.0,True,storico,Statistiche_Fantacalcio_Stagione_2015_16.xlsx
,451,Lobont,Roma,P,P,0.0,0.0,0.0,0.0,0.0,0.0,0.0,0.0,0.0,0.0,0.0,True,storico,Statistiche_Fantacalcio_Stagione_2015_16.xlsx
,7466,Lolic,Fro inone,P,P,0.0,0.0,0.0,0.0,0.0,0.0,0.0,0.0,0.0,0.0,0.0,True,corrente_pre_stagione,Statistiche_Fantacalcio_Stagione_2026_27.xlsx
,5832,Lui  Maximiano,Lazio,P,P,1.0,4.0,3.0,0.0,0.0,0.0,0.0,0.0,0.0,0.0,0.0,True,storico,Statistiche_Fantacalcio_Stagione_2022_23.xlsx
,7457,Ma cardi,Torino,P,P,0.0,0.0,0.0,0.0,0.0,0.0,0.0,0.0,0.0,0.0,0.0,True,corrente_pre_stagione,Statistiche_Fantacalcio_Stagione_2026_27.xlsx
,5478,Maenpaa,Venezia,P,P,17.0,6.03,4.47,0.0,0.0,0.0,0.0,0.0,1.0,0.0,0.0,True,storico,Statistiche_Fantacalcio_Stagione_2021_22.xlsx
,4312,Maignan,Milan,P,P,32.0,6.27,5.62,0.0,0.0,0.0,0.0,0.0,1.0,0.0,0.0,True,storico,Statistiche_Fantacalcio_Stagione_2021_22.xlsx
,6482,Manda,Lazio,P,P,8.0,6.25,5.5,0.0,0.0,0.0,0.0,0.0,0.0,0.0,0.0,True,storico,Statistiche_Fantacalcio_Stagione_2023_24.xlsx
,4956,Manfredini,Benevento,P,P,1.0,5.0,4.0,0.0,0.0,0.0,0.0,0.0,0.0,0.0,0.0,True,storico,Statistiche_Fantacalcio_Stagione_2020_21.xlsx
,821,Mar on,Palermo,P,P,0.0,0.0,0.0,0.0,0.0,0.0,0.0,0.0,0.0,0.0,0.0,True,storico,Statistiche_Fantacalcio_Stagione_2016_17.xlsx
,2255,Marchegiani,SPAL,P,P,0.0,0.0,0.0,0.0,0.0,0.0,0.0,0.0,0.0,0.0,0.0,True,storico,Statistiche_Fantacalcio_Stagione_2017_18.xlsx
,318,Marchetti,Lazio,P,P,29.0,6.24,5.1,0.0,0.0,2.0,0.0,0.0,0.0,0.0,0.0,True,storico,Statistiche_Fantacalcio_Stagione_2015_16.xlsx
,797,Marcone,Verona,P,P,0.0,0.0,0.0,0.0,0.0,0.0,0.0,0.0,0.0,0.0,0.0,True,storico,Statistiche_Fantacalcio_Stagione_2015_16.xlsx
,5518,Marfella,Napoli,P,P,0.0,0.0,0.0,0.0,0.0,0.0,0.0,0.0,0.0,0.0,0.0,True,storico,Statistiche_Fantacalcio_Stagione_2021_22.xlsx
,6824,Marin Re.,Roma,P,P,0.0,0.0,0.0,0.0,0.0,0.0,0.0,0.0,0.0,0.0,0.0,True,storico,Statistiche_Fantacalcio_Stagione_2024_25.xlsx
,6184,Martinelli T.,Fiorentina,P,P,0.0,0.0,0.0,0.0,0.0,0.0,0.0,0.0,0.0,0.0,0.0,True,storico,Statistiche_Fantacalcio_Stagione_2022_23.xlsx
,5116,Martinez Jo.,Genoa,P,P,36.0,6.14,4.97,0.0,0.0,1.0,0.0,0.0,2.0,0.0,0.0,True,storico,Statistiche_Fantacalcio_Stagione_2023_24.xlsx
,6818,Mazza,Monza,P,P,0.0,0.0,0.0,0.0,0.0,0.0,0.0,0.0,0.0,0.0,0.0,True,storico,Statistiche_Fantacalcio_Stagione_2024_25.xlsx
,1846,Mazzini,Atalanta,P,P,0.0,0.0,0.0,0.0,0.0,0.0,0.0,0.0,0.0,0.0,0.0,True,storico,Statistiche_Fantacalcio_Stagione_2016_17.xlsx
,2,Merelli,Atalanta,P,P,0.0,0.0,0.0,0.0,0.0,0.0,0.0,0.0,0.0,0.0,0.0,True,storico,Statistiche_Fantacalcio_Stagione_2015_16.xlsx
,572,Meret,Udine e,P,P,0.0,0.0,0.0,0.0,0.0,0.0,0.0,0.0,0.0,0.0,0.0,True,storico,Statistiche_Fantacalcio_Stagione_2015_16.xlsx
,5889,Micai,Salernitana,P,P,0.0,0.0,0.0,0.0,0.0,0.0,0.0,0.0,0.0,0.0,0.0,True,storico,Statistiche_Fantacalcio_Stagione_2022_23.xlsx
,2170,Milinkovic-Savic V.,Torino,P,P,1.0,6.0,5.0,0.0,0.0,0.0,0.0,0.0,0.0,0.0,0.0,True,storico,Statistiche_Fantacalcio_Stagione_2017_18.xlsx
,4469,Milli,Lecce,P,P,0.0,0.0,0.0,0.0,0.0,0.0,0.0,0.0,0.0,0.0,0.0,True,storico,Statistiche_Fantacalcio_Stagione_2019_20.xlsx
,41,Mirante,Bologna,P,P,33.0,6.36,5.18,0.0,0.0,1.0,0.0,0.0,2.0,0.0,0.0,True,storico,Statistiche_Fantacalcio_Stagione_2015_16.xlsx
,5682,Molla,Bologna,P,P,0.0,0.0,0.0,0.0,0.0,0.0,0.0,0.0,0.0,0.0,0.0,True,storico,Statistiche_Fantacalcio_Stagione_2021_22.xlsx
,4957,Montipo,Benevento,P,P,37.0,5.99,3.97,0.0,0.0,1.0,0.0,0.0,3.0,0.0,1.0,True,storico,Statistiche_Fantacalcio_Stagione_2020_21.xlsx
,7337,Motta,Lazio,P,P,9.0,6.0,5.17,0.0,0.0,1.0,0.0,0.0,1.0,0.0,0.0,True,storico,Statistiche_Fantacalcio_2025_26.xlsx
,2792,Mu o,Udine e,P,P,29.0,6.26,4.81,0.0,0.0,0.0,0.0,0.0,4.0,0.0,0.0,True,storico,Statistiche_Fantacalcio_Stagione_2018_19.xlsx
,70,Murano,Carpi,P,P,0.0,0.0,0.0,0.0,0.0,0.0,0.0,0.0,0.0,0.0,0.0,True,storico,Statistiche_Fantacalcio_Stagione_2015_16.xlsx
,4236,Muric,Sa uolo,P,P,32.0,6.08,4.77,0.0,0.0,1.0,0.0,0.0,4.0,0.0,0.0,True,storico,Statistiche_Fantacalcio_2025_26.xlsx
,6505,Nava,Milan,P,P,1.0,5.5,4.5,0.0,0.0,0.0,0.0,0.0,0.0,0.0,0.0,True,storico,Statistiche_Fantacalcio_Stagione_2023_24.xlsx
,5713,Neri,Venezia,P,P,0.0,0.0,0.0,0.0,0.0,0.0,0.0,0.0,0.0,0.0,0.0,True,storico,Statistiche_Fantacalcio_Stagione_2021_22.xlsx
,283,Neto,Juventu,P,P,3.0,6.17,5.17,0.0,0.0,0.0,0.0,0.0,0.0,0.0,0.0,True,storico,Statistiche_Fantacalcio_Stagione_2015_16.xlsx
,2271,Nicola,Verona,P,P,36.0,6.04,4.18,0.0,0.0,2.0,0.0,0.0,2.0,0.0,0.0,True,storico,Statistiche_Fantacalcio_Stagione_2017_18.xlsx
,7185,Nunziante,Udine e,P,P,0.0,0.0,0.0,0.0,0.0,0.0,0.0,0.0,0.0,0.0,0.0,True,storico,Statistiche_Fantacalcio_2025_26.xlsx
,2468,O pina,Napoli,P,P,17.0,6.06,4.88,0.0,0.0,0.0,0.0,0.0,0.0,0.0,0.0,True,storico,Statistiche_Fantacalcio_Stagione_2018_19.xlsx
,6120,Ochoa,Salernitana,P,P,20.0,6.48,4.95,0.0,0.0,1.0,0.0,0.0,1.0,0.0,0.0,True,storico,Statistiche_Fantacalcio_Stagione_2022_23.xlsx
,6462,Okoye,Udine e,P,P,21.0,6.17,4.93,0.0,0.0,0.0,0.0,0.0,2.0,0.0,0.0,True,storico,Statistiche_Fantacalcio_Stagione_2023_24.xlsx
,2836,Ol en,Roma,P,P,27.0,6.0,4.41,0.0,0.0,0.0,0.0,0.0,2.0,0.0,0.0,True,storico,Statistiche_Fantacalcio_Stagione_2018_19.xlsx
,5830,Onana,Inter,P,P,24.0,6.15,5.04,0.0,0.0,0.0,0.0,0.0,1.0,0.0,1.0,True,storico,Statistiche_Fantacalcio_Stagione_2022_23.xlsx
,543,Padelli,Torino,P,P,35.0,6.03,4.5,0.0,0.0,0.0,0.0,0.0,3.0,0.0,1.0,True,storico,Statistiche_Fantacalcio_Stagione_2015_16.xlsx
,5320,Paleari,Genoa,P,P,3.0,6.17,5.17,0.0,0.0,0.0,0.0,0.0,0.0,0.0,0.0,True,storico,Statistiche_Fantacalcio_Stagione_2020_21.xlsx
,6415,Palmi ani,Fro inone,P,P,0.0,0.0,0.0,0.0,0.0,0.0,0.0,0.0,0.0,0.0,0.0,True,storico,Statistiche_Fantacalcio_Stagione_2023_24.xlsx
,4996,Pandur,Verona,P,P,4.0,6.12,4.62,0.0,0.0,0.0,0.0,0.0,0.0,0.0,0.0,True,storico,Statistiche_Fantacalcio_Stagione_2020_21.xlsx
,7382,Pannozzo,Lazio,P,P,0.0,0.0,0.0,0.0,0.0,0.0,0.0,0.0,0.0,0.0,0.0,True,storico,Statistiche_Fantacalcio_2025_26.xlsx
,4419,Pau Lopez,Roma,P,P,32.0,6.08,4.72,0.0,0.0,1.0,0.0,0.0,3.0,0.0,0.0,True,storico,Statistiche_Fantacalcio_Stagione_2019_20.xlsx
,7172,Pe ina Ma .,Bologna,P,P,4.0,6.12,5.62,0.0,0.0,0.0,0.0,0.0,0.0,0.0,0.0,True,storico,Statistiche_Fantacalcio_2025_26.xlsx
,510,Pegolo,Sa uolo,P,P,2.0,6.25,5.0,0.0,0.0,0.0,0.0,0.0,1.0,0.0,0.0,True,storico,Statistiche_Fantacalcio_Stagione_2015_16.xlsx
,131,Pelagotti,Empoli,P,P,6.0,6.42,5.58,0.0,0.0,0.0,0.0,0.0,0.0,0.0,0.0,True,storico,Statistiche_Fantacalcio_Stagione_2015_16.xlsx
,7557,Penev,Lecce,P,P,0.0,0.0,0.0,0.0,0.0,0.0,0.0,0.0,0.0,0.0,0.0,True,corrente_pre_stagione,Statistiche_Fantacalcio_Stagione_2026_27.xlsx
,673,Peri an,Udine e,P,P,0.0,0.0,0.0,0.0,0.0,0.0,0.0,0.0,0.0,0.0,0.0,True,storico,Statistiche_Fantacalcio_Stagione_2015_16.xlsx
,511,Perilli,Sa uolo,P,P,0.0,0.0,0.0,0.0,0.0,0.0,0.0,0.0,0.0,0.0,0.0,True,storico,Statistiche_Fantacalcio_Stagione_2015_16.xlsx
,218,Perin,Genoa,P,P,25.0,6.36,5.24,0.0,0.0,1.0,0.0,0.0,2.0,0.0,0.0,True,storico,Statistiche_Fantacalcio_Stagione_2015_16.xlsx
,4328,Perucchini,Empoli,P,P,0.0,0.0,0.0,0.0,0.0,0.0,0.0,0.0,0.0,0.0,0.0,True,storico,Statistiche_Fantacalcio_Stagione_2018_19.xlsx
,2305,Pi citelli,Benevento,P,P,0.0,0.0,0.0,0.0,0.0,0.0,0.0,0.0,0.0,0.0,0.0,True,storico,Statistiche_Fantacalcio_Stagione_2017_18.xlsx
,7560,Pi eri,Fro inone,P,P,0.0,0.0,0.0,0.0,0.0,0.0,0.0,0.0,0.0,0.0,0.0,True,corrente_pre_stagione,Statistiche_Fantacalcio_Stagione_2026_27.xlsx
,5707,Piana,Udine e,P,P,0.0,0.0,0.0,0.0,0.0,0.0,0.0,0.0,0.0,0.0,0.0,True,storico,Statistiche_Fantacalcio_Stagione_2021_22.xlsx
,190,Pigliacelli,Fro inone,P,P,0.0,0.0,0.0,0.0,0.0,0.0,0.0,0.0,0.0,0.0,0.0,True,storico,Statistiche_Fantacalcio_Stagione_2015_16.xlsx
,1930,Pin oglio,Juventu,P,P,1.0,6.0,5.0,0.0,0.0,0.0,0.0,0.0,0.0,0.0,0.0,True,storico,Statistiche_Fantacalcio_Stagione_2017_18.xlsx
,6682,Pizzignacco,Monza,P,P,9.0,6.06,3.94,0.0,0.0,0.0,0.0,0.0,0.0,0.0,1.0,True,storico,Statistiche_Fantacalcio_Stagione_2024_25.xlsx
,2091,Plizzari,Milan,P,P,0.0,0.0,0.0,0.0,0.0,0.0,0.0,0.0,0.0,0.0,0.0,True,storico,Statistiche_Fantacalcio_Stagione_2016_17.xlsx
,800,Po avec,Palermo,P,P,1.0,7.0,7.0,0.0,0.0,0.0,0.0,0.0,0.0,0.0,0.0,True,storico,Statistiche_Fantacalcio_Stagione_2015_16.xlsx
,2256,Poluzzi,SPAL,P,P,0.0,0.0,0.0,0.0,0.0,0.0,0.0,0.0,0.0,0.0,0.0,True,storico,Statistiche_Fantacalcio_Stagione_2017_18.xlsx
,512,Pomini,Sa uolo,P,P,0.0,0.0,0.0,0.0,0.0,0.0,0.0,0.0,0.0,0.0,0.0,True,storico,Statistiche_Fantacalcio_Stagione_2015_16.xlsx
,6210,Popa,Torino,P,P,0.0,0.0,0.0,0.0,0.0,0.0,0.0,0.0,0.0,0.0,0.0,True,storico,Statistiche_Fantacalcio_Stagione_2023_24.xlsx
,7531,Pozzi,Venezia,P,P,0.0,0.0,0.0,0.0,0.0,0.0,0.0,0.0,0.0,0.0,0.0,True,corrente_pre_stagione,Statistiche_Fantacalcio_Stagione_2026_27.xlsx
,2770,Proto,Lazio,P,P,2.0,6.0,3.75,0.0,0.0,0.0,0.0,0.0,1.0,0.0,0.0,True,storico,Statistiche_Fantacalcio_Stagione_2018_19.xlsx
,2814,Provedel,Empoli,P,P,16.0,5.84,3.59,0.0,0.0,0.0,0.0,0.0,0.0,0.0,0.0,True,storico,Statistiche_Fantacalcio_Stagione_2018_19.xlsx
,483,Puggioni,Sampdoria,P,P,0.0,0.0,0.0,0.0,0.0,0.0,0.0,0.0,0.0,0.0,0.0,True,storico,Statistiche_Fantacalcio_Stagione_2015_16.xlsx
,132,Puglie i,Empoli,P,P,1.0,6.0,5.0,0.0,0.0,0.0,0.0,0.0,0.0,0.0,0.0,True,storico,Statistiche_Fantacalcio_Stagione_2015_16.xlsx
,1843,Radu I.,Genoa,P,P,33.0,6.3,5.0,0.0,0.0,1.0,0.0,0.0,0.0,0.0,0.0,True,storico,Statistiche_Fantacalcio_Stagione_2018_19.xlsx
,3,Radunovic,Atalanta,P,P,1.0,6.5,5.5,0.0,0.0,0.0,0.0,0.0,0.0,0.0,0.0,True,storico,Statistiche_Fantacalcio_Stagione_2015_16.xlsx
,611,Rafael,Verona,P,P,12.0,5.67,4.08,0.0,0.0,0.0,0.0,0.0,0.0,0.0,0.0,True,storico,Statistiche_Fantacalcio_Stagione_2015_16.xlsx
,386,Rafael Cabral,Napoli,P,P,0.0,0.0,0.0,0.0,0.0,0.0,0.0,0.0,0.0,0.0,0.0,True,storico,Statistiche_Fantacalcio_Stagione_2015_16.xlsx
,4977,Ravaglia,Sampdoria,P,P,0.0,0.0,0.0,0.0,0.0,0.0,0.0,0.0,0.0,0.0,0.0,True,storico,Statistiche_Fantacalcio_Stagione_2020_21.xlsx
,2722,Ravaglia F.,Bologna,P,P,4.0,5.88,3.38,0.0,0.0,0.0,0.0,0.0,0.0,0.0,0.0,True,storico,Statistiche_Fantacalcio_Stagione_2020_21.xlsx
,387,Reina,Napoli,P,P,37.0,6.12,5.32,0.0,0.0,0.0,0.0,0.0,1.0,0.0,0.0,True,storico,Statistiche_Fantacalcio_Stagione_2015_16.xlsx
,7534,Renzetti,Lazio,P,P,0.0,0.0,0.0,0.0,0.0,0.0,0.0,0.0,0.0,0.0,0.0,True,corrente_pre_stagione,Statistiche_Fantacalcio_Stagione_2026_27.xlsx
,5338,Rinaldi,Parma,P,P,0.0,0.0,0.0,0.0,0.0,0.0,0.0,0.0,0.0,0.0,0.0,True,storico,Statistiche_Fantacalcio_Stagione_2020_21.xlsx
,2790,Ro ati,Torino,P,P,0.0,0.0,0.0,0.0,0.0,0.0,0.0,0.0,0.0,0.0,0.0,True,storico,Statistiche_Fantacalcio_Stagione_2018_19.xlsx
,2297,Ro i F.,Atalanta,P,P,1.0,5.5,4.5,0.0,0.0,0.0,0.0,0.0,0.0,0.0,0.0,True,storico,Statistiche_Fantacalcio_Stagione_2017_18.xlsx
,2628,Romero S.,Venezia,P,P,16.0,6.0,3.88,0.0,0.0,0.0,0.0,0.0,2.0,0.0,0.0,True,storico,Statistiche_Fantacalcio_Stagione_2021_22.xlsx
,573,Romo,Udine e,P,P,0.0,0.0,0.0,0.0,0.0,0.0,0.0,0.0,0.0,0.0,0.0,True,storico,Statistiche_Fantacalcio_Stagione_2015_16.xlsx
,5704,Ru o,Salernitana,P,P,0.0,0.0,0.0,0.0,0.0,0.0,0.0,0.0,0.0,0.0,0.0,True,storico,Statistiche_Fantacalcio_Stagione_2021_22.xlsx
,4518,Ru o A.,Sa uolo,P,P,0.0,0.0,0.0,0.0,0.0,0.0,0.0,0.0,0.0,0.0,0.0,True,storico,Statistiche_Fantacalcio_Stagione_2019_20.xlsx
,284,Rubinho,Juventu,P,P,0.0,0.0,0.0,0.0,0.0,0.0,0.0,0.0,0.0,0.0,0.0,True,storico,Statistiche_Fantacalcio_Stagione_2015_16.xlsx
,4270,Rui Patricio,Roma,P,P,38.0,6.17,5.09,0.0,0.0,1.0,0.0,0.0,2.0,0.0,0.0,True,storico,Statistiche_Fantacalcio_Stagione_2021_22.xlsx
,5384,Ryan,Roma,P,P,0.0,0.0,0.0,0.0,0.0,0.0,0.0,0.0,0.0,0.0,0.0,True,storico,Statistiche_Fantacalcio_Stagione_2024_25.xlsx
,6523,Samooja,Lecce,P,P,0.0,0.0,0.0,0.0,0.0,0.0,0.0,0.0,0.0,0.0,0.0,True,storico,Statistiche_Fantacalcio_Stagione_2023_24.xlsx
,2249,Santurro,Bologna,P,P,1.0,6.5,5.0,0.0,0.0,0.0,0.0,0.0,1.0,0.0,0.0,True,storico,Statistiche_Fantacalcio_Stagione_2017_18.xlsx
,6029,Saro,Cremone e,P,P,0.0,0.0,0.0,0.0,0.0,0.0,0.0,0.0,0.0,0.0,0.0,True,storico,Statistiche_Fantacalcio_Stagione_2022_23.xlsx
,42,Sarr M.,Bologna,P,P,0.0,0.0,0.0,0.0,0.0,0.0,0.0,0.0,0.0,0.0,0.0,True,storico,Statistiche_Fantacalcio_Stagione_2015_16.xlsx
,2127,Satalino,Fiorentina,P,P,0.0,0.0,0.0,0.0,0.0,0.0,0.0,0.0,0.0,0.0,0.0,True,storico,Statistiche_Fantacalcio_Stagione_2016_17.xlsx
,6842,Sava,Udine e,P,P,12.0,6.04,4.67,0.0,0.0,0.0,0.0,0.0,1.0,0.0,0.0,True,storico,Statistiche_Fantacalcio_Stagione_2024_25.xlsx
,574,Scuffet,Udine e,P,P,0.0,0.0,0.0,0.0,0.0,0.0,0.0,0.0,0.0,0.0,0.0,True,storico,Statistiche_Fantacalcio_Stagione_2015_16.xlsx
,97,Seculin,Chievo,P,P,3.0,6.67,6.0,0.0,0.0,0.0,0.0,0.0,0.0,0.0,0.0,True,storico,Statistiche_Fantacalcio_Stagione_2015_16.xlsx
,6919,Seghetti,Empoli,P,P,1.0,6.5,3.5,0.0,0.0,0.0,0.0,0.0,0.0,0.0,0.0,True,storico,Statistiche_Fantacalcio_Stagione_2024_25.xlsx
,6970,Selvik,Udine e,P,P,0.0,0.0,0.0,0.0,0.0,0.0,0.0,0.0,0.0,0.0,0.0,True,storico,Statistiche_Fantacalcio_Stagione_2024_25.xlsx
,2861,Semper,Chievo,P,P,6.0,6.25,4.92,0.0,0.0,0.0,0.0,0.0,0.0,0.0,0.0,True,storico,Statistiche_Fantacalcio_Stagione_2018_19.xlsx
,159,Sepe,Fiorentina,P,P,0.0,0.0,0.0,0.0,0.0,0.0,0.0,0.0,0.0,0.0,0.0,True,storico,Statistiche_Fantacalcio_Stagione_2015_16.xlsx
,6650,Sherri,Cagliari,P,P,7.0,5.86,4.29,0.0,0.0,0.0,0.0,0.0,0.0,0.0,0.0,True,storico,Statistiche_Fantacalcio_Stagione_2024_25.xlsx
,6991,Siegri t,Genoa,P,P,2.0,6.5,5.5,0.0,0.0,0.0,0.0,0.0,0.0,0.0,0.0,True,storico,Statistiche_Fantacalcio_Stagione_2024_25.xlsx
,2211,Silve tri,Verona,P,P,2.0,6.5,3.0,0.0,0.0,0.0,0.0,0.0,0.0,0.0,0.0,True,storico,Statistiche_Fantacalcio_Stagione_2017_18.xlsx
,2179,Sirigu,Torino,P,P,37.0,6.36,5.36,0.0,0.0,3.0,0.0,0.0,2.0,0.0,0.0,True,storico,Statistiche_Fantacalcio_Stagione_2017_18.xlsx
,7363,Siviero,Torino,P,P,0.0,0.0,0.0,0.0,0.0,0.0,0.0,0.0,0.0,0.0,0.0,True,storico,Statistiche_Fantacalcio_2025_26.xlsx
,133,Skorup ki,Empoli,P,P,31.0,6.21,4.79,0.0,0.0,0.0,0.0,0.0,2.0,0.0,0.0,True,storico,Statistiche_Fantacalcio_Stagione_2015_16.xlsx
,219,Sommariva,Genoa,P,P,0.0,0.0,0.0,0.0,0.0,0.0,0.0,0.0,0.0,0.0,0.0,True,storico,Statistiche_Fantacalcio_Stagione_2023_24.xlsx
,2428,Sommer,Inter,P,P,34.0,6.12,5.63,0.0,0.0,1.0,0.0,0.0,1.0,0.0,0.0,True,storico,Statistiche_Fantacalcio_Stagione_2023_24.xlsx
,413,Sorrentino,Palermo,P,P,35.0,6.36,4.69,0.0,0.0,0.0,0.0,0.0,1.0,0.0,0.0,True,storico,Statistiche_Fantacalcio_Stagione_2015_16.xlsx
,5853,Sorrentino A.,Monza,P,P,0.0,0.0,0.0,0.0,0.0,0.0,0.0,0.0,0.0,0.0,0.0,True,storico,Statistiche_Fantacalcio_Stagione_2022_23.xlsx
,4,Sportiello,Atalanta,P,P,36.0,6.19,5.22,0.0,0.0,3.0,0.0,0.0,2.0,0.0,0.0,True,storico,Statistiche_Fantacalcio_Stagione_2015_16.xlsx
,6248,Stankovic F.,Inter,P,P,0.0,0.0,0.0,0.0,0.0,0.0,0.0,0.0,0.0,0.0,0.0,True,storico,Statistiche_Fantacalcio_Stagione_2023_24.xlsx
,43,Stojanovic D.,Bologna,P,P,0.0,0.0,0.0,0.0,0.0,0.0,0.0,0.0,0.0,0.0,0.0,True,storico,Statistiche_Fantacalcio_Stagione_2015_16.xlsx
,6569,Stolz,Genoa,P,P,0.0,0.0,0.0,0.0,0.0,0.0,0.0,0.0,0.0,0.0,0.0,True,storico,Statistiche_Fantacalcio_Stagione_2023_24.xlsx
,1863,Storari,Milan,P,P,15.0,5.97,3.47,0.0,0.0,0.0,0.0,0.0,1.0,0.0,0.0,True,storico,Statistiche_Fantacalcio_Stagione_2016_17.xlsx
,7475,Strajnar,Monza,P,P,0.0,0.0,0.0,0.0,0.0,0.0,0.0,0.0,0.0,0.0,0.0,True,corrente_pre_stagione,Statistiche_Fantacalcio_Stagione_2026_27.xlsx
,1934,Strako ha,Lazio,P,P,21.0,6.07,4.81,0.0,0.0,0.0,0.0,0.0,1.0,0.0,0.0,True,storico,Statistiche_Fantacalcio_Stagione_2016_17.xlsx
,6234,Stubljar,Empoli,P,P,0.0,0.0,0.0,0.0,0.0,0.0,0.0,0.0,0.0,0.0,0.0,True,storico,Statistiche_Fantacalcio_Stagione_2023_24.xlsx
,6641,Suzuki,Parma,P,P,37.0,6.22,4.76,0.0,0.0,0.0,0.0,0.0,0.0,0.0,0.0,True,storico,Statistiche_Fantacalcio_Stagione_2024_25.xlsx
,452,Svedkau ka,Roma,P,P,0.0,0.0,0.0,0.0,0.0,0.0,0.0,0.0,0.0,0.0,0.0,True,storico,Statistiche_Fantacalcio_Stagione_2015_16.xlsx
,5841,Svilar,Roma,P,P,3.0,6.0,4.83,0.0,0.0,0.0,0.0,0.0,1.0,0.0,0.0,True,storico,Statistiche_Fantacalcio_Stagione_2022_23.xlsx
,453,Szcze ny,Roma,P,P,34.0,6.21,5.19,0.0,0.0,0.0,0.0,0.0,1.0,0.0,0.0,True,storico,Statistiche_Fantacalcio_Stagione_2015_16.xlsx
,160,Tataru anu,Fiorentina,P,P,37.0,6.14,5.05,0.0,0.0,0.0,0.0,0.0,2.0,0.0,0.0,True,storico,Statistiche_Fantacalcio_Stagione_2015_16.xlsx
,2815,Terracciano,Fiorentina,P,P,10.0,6.35,5.05,0.0,0.0,0.0,0.0,0.0,0.0,0.0,0.0,True,storico,Statistiche_Fantacalcio_Stagione_2018_19.xlsx
,4485,Thiam D.,SPAL,P,P,2.0,6.0,4.0,0.0,0.0,0.0,0.0,0.0,0.0,0.0,0.0,True,storico,Statistiche_Fantacalcio_Stagione_2019_20.xlsx
,7236,Toniolo,Verona,P,P,0.0,0.0,0.0,0.0,0.0,0.0,0.0,0.0,0.0,0.0,0.0,True,storico,Statistiche_Fantacalcio_2025_26.xlsx
,7301,Tornqvi t,Como,P,P,0.0,0.0,0.0,0.0,0.0,0.0,0.0,0.0,0.0,0.0,0.0,True,storico,Statistiche_Fantacalcio_2025_26.xlsx
,6813,Torriani,Milan,P,P,0.0,0.0,0.0,0.0,0.0,0.0,0.0,0.0,0.0,0.0,0.0,True,storico,Statistiche_Fantacalcio_Stagione_2024_25.xlsx
,1970,Tozzo,Sampdoria,P,P,0.0,0.0,0.0,0.0,0.0,0.0,0.0,0.0,0.0,0.0,0.0,True,storico,Statistiche_Fantacalcio_Stagione_2016_17.xlsx
,4867,Turati,Sa uolo,P,P,2.0,6.25,4.25,0.0,0.0,0.0,0.0,0.0,0.0,0.0,0.0,True,storico,Statistiche_Fantacalcio_Stagione_2019_20.xlsx
,6135,Turk,Sampdoria,P,P,4.0,6.38,4.12,0.0,0.0,0.0,0.0,0.0,0.0,0.0,0.0,True,storico,Statistiche_Fantacalcio_Stagione_2022_23.xlsx
,220,Ujkani,Genoa,P,P,0.0,0.0,0.0,0.0,0.0,0.0,0.0,0.0,0.0,0.0,0.0,True,storico,Statistiche_Fantacalcio_Stagione_2015_16.xlsx
,6125,Va quez D.,Milan,P,P,0.0,0.0,0.0,0.0,0.0,0.0,0.0,0.0,0.0,0.0,0.0,True,storico,Statistiche_Fantacalcio_Stagione_2022_23.xlsx
,1935,Vargic,Lazio,P,P,1.0,5.5,2.5,0.0,0.0,0.0,0.0,0.0,0.0,0.0,0.0,True,storico,Statistiche_Fantacalcio_Stagione_2016_17.xlsx
,2251,Vi covo,Crotone,P,P,0.0,0.0,0.0,0.0,0.0,0.0,0.0,0.0,0.0,0.0,0.0,True,storico,Statistiche_Fantacalcio_Stagione_2017_18.xlsx
,7545,Vi mara,Atalanta,P,P,0.0,0.0,0.0,0.0,0.0,0.0,0.0,0.0,0.0,0.0,0.0,True,corrente_pre_stagione,Statistiche_Fantacalcio_Stagione_2026_27.xlsx
,4964,Vicario,Cagliari,P,P,4.0,6.5,5.0,0.0,0.0,0.0,0.0,0.0,0.0,0.0,0.0,True,storico,Statistiche_Fantacalcio_Stagione_2020_21.xlsx
,2809,Vigorito,Lecce,P,P,5.0,5.9,4.0,0.0,0.0,0.0,0.0,0.0,1.0,0.0,0.0,True,storico,Statistiche_Fantacalcio_Stagione_2019_20.xlsx
,484,Viviano,Sampdoria,P,P,37.0,6.41,5.19,0.0,0.0,4.0,0.0,0.0,2.0,0.0,0.0,True,storico,Statistiche_Fantacalcio_Stagione_2015_16.xlsx
,2761,Vodi ek,Genoa,P,P,0.0,0.0,0.0,0.0,0.0,0.0,0.0,0.0,0.0,0.0,0.0,True,storico,Statistiche_Fantacalcio_Stagione_2018_19.xlsx
,2270,Zaccagno,Torino,P,P,0.0,0.0,0.0,0.0,0.0,0.0,0.0,0.0,0.0,0.0,0.0,True,storico,Statistiche_Fantacalcio_Stagione_2017_18.xlsx
,191,Zappino,Fro inone,P,P,4.0,6.0,2.5,0.0,0.0,0.0,0.0,0.0,0.0,0.0,0.0,True,storico,Statistiche_Fantacalcio_Stagione_2015_16.xlsx
,7169,Zelezny,Roma,P,P,0.0,0.0,0.0,0.0,0.0,0.0,0.0,0.0,0.0,0.0,0.0,True,storico,Statistiche_Fantacalcio_2025_26.xlsx
,1921,Zima L.,Genoa,P,P,0.0,0.0,0.0,0.0,0.0,0.0,0.0,0.0,0.0,0.0,0.0,True,storico,Statistiche_Fantacalcio_Stagione_2016_17.xlsx
,5005,Zoet,Spezia,P,P,7.0,6.07,4.29,0.0,0.0,0.0,0.0,0.0,1.0,0.0,0.0,True,storico,Statistiche_Fantacalcio_Stagione_2020_21.xlsx
,5528,Zovko,Spezia,P,P,1.0,6.0,6.0,0.0,0.0,0.0,0.0,0.0,0.0,0.0,0.0,True,storico,Statistiche_Fantacalcio_Stagione_2021_22.xlsx
